S5_CO2,S5_CO2_Slope,S6_PIR,S7_PIR,Time_of_Day_Minutes,Avg_Temp,Avg_Light,Avg_Sound,PIR_Activity,Temp_Spread,Light_Spread,CO2_Level_Code,Sound_Level_Code
390,0.769230769231,0,0,649.6833333333333,24.9075,62.0,0.0975,0,0.8200000000000003,87,0,2
390,0.646153846154,0,0,650.2,24.9225,61.75,0.275,0,0.8800000000000026,88,0,2
390,0.519230769231,0,0,650.7,24.9225,62.0,0.16999999999999998,0,0.9400000000000013,87,0,2
390,0.388461538462,0,0,651.2166666666667,24.9375,62.0,0.175,0,0.8800000000000026,87,0,2
390,0.253846153846,0,0,651.7333333333333,24.9375,62.25,0.09,0,0.8800000000000026,87,0,2
390,0.165384615385,0,0,652.2333333333333,24.9525,62.25,0.08,0,0.8800000000000026,87,0,2
390,0.0769230769231,1,0,652.75,24.9375,62.0,0.55,1,0.8800000000000026,86,0,2
390,-0.0115384615385,0,0,653.25,24.9525,62.5,0.0725,0,0.8800000000000026,87,0,1
390,-0.1,0,0,653.7666666666667,24.9675,64.0,0.0825,0,0.9400000000000013,87,0,2
390,-0.188461538462,1,1,654.2833333333333,24.9675,58.75,1.3374999999999997,2,0.9400000000000013,67,0,2
390,-0.276923076923,1,1,654.7833333333333,24.967499999999998,64.25,0.7625000000000001,2,0.8800000000000026,87,0,2
390,-0.365384615385,1,0,655.3,24.982499999999998,64.75,0.195,1,0.9400000000000013,88,0,2
390,-0.453846153846,1,0,655.8166666666667,25.0175,64.5,0.1225,1,0.870000000000001,88,0,2
390,-0.542307692308,1,0,656.3166666666667,25.015,64.75,0.5199999999999999,1,0.9299999999999997,88,0,2
390,-0.630769230769,1,0,656.8333333333334,25.0325,65.0,0.27,1,0.9299999999999997,88,0,2
390,-0.719230769231,1,0,657.35,25.0325,65.0,0.13,1,0.9299999999999997,88,0,2
395,-0.711538461538,0,0,657.85,25.0325,64.75,0.11,0,0.9299999999999997,87,0,2
395,-0.653846153846,1,0,658.3666666666667,25.015,64.5,0.11,1,0.9299999999999997,87,0,2
395,-0.542307692308,1,0,658.8666666666667,25.015,65.0,0.11000000000000001,1,0.9299999999999997,88,0,2
395,-0.373076923077,0,0,659.3833333333333,25.0175,65.25,0.0775,0,0.870000000000001,88,0,2
390,-0.238461538462,0,0,659.9,25.035,65.0,0.07250000000000001,0,0.870000000000001,88,0,1
395,-0.0923076923077,0,0,660.4,25.0325,64.75,0.08,0,0.9299999999999997,88,0,2
395,0.0615384615385,0,0,660.9166666666666,25.05,65.25,0.07,0,0.9299999999999997,88,0,1
400,0.319230769231,0,0,661.4333333333333,25.05,65.25,0.3950000000000001,0,0.9299999999999997,88,0,2
400,0.334615384615,0,0,661.9333333333333,25.035,65.75,0.0875,0,0.870000000000001,89,0,2
400,0.388461538462,1,0,662.45,25.05,65.25,0.4650000000000001,1,0.8099999999999987,88,0,2
405,0.480769230769,1,0,662.9666666666667,25.05,65.25,0.16000000000000003,1,0.8099999999999987,88,0,2
410,0.607692307692,1,0,663.4666666666667,25.065,65.0,0.20750000000000002,1,0.8699999999999974,88,0,2
410,0.719230769231,1,0,663.9833333333333,25.065,65.0,0.20750000000000002,1,0.8699999999999974,88,0,2
405,0.769230769231,1,0,664.4833333333333,25.065,65.25,0.39499999999999996,1,0.8699999999999974,88,0,2
405,0.807692307692,0,0,665.0,25.080000000000002,65.0,0.14250000000000002,0,0.8699999999999974,88,0,2
400,0.788461538462,0,0,665.5166666666667,25.080000000000002,65.25,0.07250000000000001,0,0.8699999999999974,88,0,1
410,0.853846153846,1,0,666.0166666666667,25.080000000000002,65.0,0.07250000000000001,1,0.8699999999999974,88,0,1
410,0.903846153846,0,0,666.5333333333333,25.080000000000002,65.0,0.19,0,0.8699999999999974,88,0,2
405,0.892307692308,0,0,667.05,25.1125,65.0,0.065,0,1.0,87,0,0
410,0.915384615385,0,0,667.55,25.0975,64.75,0.29500000000000004,0,0.9399999999999977,87,0,2
410,0.923076923077,0,0,668.0666666666667,25.0975,64.75,0.1075,0,0.9399999999999977,88,0,2
415,0.961538461538,0,0,668.5833333333334,25.095000000000002,65.0,0.0575,0,0.8699999999999974,88,0,0
420,1.02692307692,0,0,669.0833333333334,25.080000000000002,65.0,0.06,0,0.8699999999999974,88,0,0
425,1.11538461538,0,0,669.6,25.095000000000002,64.5,0.0625,0,0.8699999999999974,88,0,0
425,1.17692307692,0,0,670.1,25.11,64.75,0.39250000000000007,0,0.8099999999999987,88,0,2
420,1.21538461538,0,0,670.6166666666667,25.1125,65.5,0.15500000000000003,0,0.9399999999999977,88,0,2
420,1.23461538462,0,0,671.1333333333333,25.127499999999998,65.75,0.0825,0,0.879999999999999,87,0,2
420,1.23461538462,1,0,671.6333333333333,25.1125,65.5,0.235,1,0.9399999999999977,88,0,2
420,1.21538461538,0,0,672.15,25.0975,65.5,0.215,0,0.9399999999999977,88,0,2
425,1.17307692308,0,0,672.6666666666666,25.127499999999998,66.25,0.085,0,0.879999999999999,89,0,2
430,1.2,0,0,673.1666666666666,25.127499999999998,67.0,0.45,0,0.879999999999999,88,0,2
430,1.2,1,0,673.6833333333333,25.1425,66.75,0.35,1,0.879999999999999,88,0,2
435,1.26923076923,0,0,674.2,25.1425,66.75,0.0825,0,0.879999999999999,88,0,2
425,1.21923076923,0,0,674.7,25.125,66.5,0.065,0,0.8099999999999987,88,0,0
425,1.15,0,0,675.2166666666667,25.1575,65.5,0.115,0,0.9400000000000013,88,0,2
420,1.06538461538,0,0,675.7166666666667,25.1425,65.5,0.065,0,0.879999999999999,88,0,0
420,1.01923076923,1,0,676.2333333333333,25.1425,66.5,0.1475,1,0.879999999999999,88,0,2
420,0.965384615385,0,0,676.75,25.1425,65.75,0.14,0,0.879999999999999,88,0,2
430,0.946153846154,1,0,677.25,25.1575,65.75,0.3175,1,0.9400000000000013,88,0,2
435,0.953846153846,0,0,677.7666666666667,25.1575,65.75,0.08750000000000001,0,0.9400000000000013,88,0,2
430,0.842307692308,0,0,678.2833333333333,25.1575,65.5,0.2525,0,0.8200000000000003,88,0,2
445,0.946153846154,0,0,678.7833333333333,25.1425,65.75,0.3125,0,0.879999999999999,88,0,2
440,0.976923076923,0,0,679.3,25.125,65.5,0.075,0,0.8099999999999987,88,0,2
440,0.934615384615,0,0,679.8166666666667,25.1725,65.5,0.135,0,0.8200000000000003,88,0,2
435,0.869230769231,0,0,680.3166666666667,25.1725,67.0,0.255,0,0.8800000000000026,88,0,2
430,0.738461538462,1,0,680.8333333333334,25.1875,67.25,0.3350000000000001,1,0.8800000000000026,88,0,2
435,0.688461538462,0,0,681.3333333333334,25.1725,66.75,0.28500000000000003,0,0.8200000000000003,88,0,2
440,0.719230769231,1,0,681.85,25.1875,66.0,0.23,1,0.8800000000000026,87,0,2
445,0.830769230769,0,0,682.3666666666667,25.2025,66.0,0.22749999999999998,0,0.8800000000000026,88,0,2
445,0.926923076923,0,0,682.8666666666667,25.1875,65.75,0.15000000000000002,0,0.8200000000000003,88,0,2
445,0.957692307692,0,0,683.3833333333333,25.1875,66.25,0.17250000000000004,0,0.8200000000000003,88,0,2
445,0.969230769231,0,0,683.9,25.2025,66.0,0.095,0,0.8800000000000026,89,0,2
440,0.915384615385,0,0,684.4,25.2175,66.5,0.13999999999999999,0,0.9400000000000013,88,0,2
440,0.846153846154,0,0,684.9166666666666,25.2175,67.75,0.11750000000000001,0,0.9400000000000013,88,0,2
445,0.857692307692,0,0,685.4166666666666,25.2175,68.5,0.5775,0,0.9400000000000013,87,0,2
445,0.903846153846,1,0,685.9333333333333,25.2025,68.75,0.1275,1,0.8800000000000026,87,0,2
450,0.984615384615,1,0,686.45,25.2175,68.25,0.15749999999999997,1,0.9400000000000013,86,0,2
450,1.1,1,1,687.4666666666667,25.2975,65.25,0.35500000000000004,2,0.870000000000001,92,0,2
450,1.10384615385,1,1,687.9833333333333,25.375,65.25,0.3375,2,0.9400000000000013,95,0,2
450,1.08846153846,1,1,688.4833333333333,25.33,112.25,0.31000000000000005,2,0.8800000000000026,138,0,2
450,1.00384615385,1,1,689.0,25.345,120.25,0.4475,2,0.9400000000000013,167,0,2
450,0.896153846154,1,1,689.5166666666667,25.3625,125.25,0.7825000000000001,2,0.870000000000001,185,0,2
445,0.719230769231,0,1,690.0166666666667,25.345,127.25,0.32000000000000006,1,0.9400000000000013,189,0,2
445,0.623076923077,0,1,690.5333333333333,25.345,129.5,0.29250000000000004,1,1.0,188,0,2
450,0.611538461538,0,1,691.0333333333333,25.3625,130.25,0.46749999999999997,1,0.9299999999999997,188,0,2
450,0.538461538462,0,1,691.55,25.36,130.5,0.3875,1,1.0,188,0,2
455,0.646153846154,1,0,692.0666666666667,25.3475,131.25,0.47250000000000003,1,0.8100000000000023,189,0,2
455,0.696153846154,1,0,692.5666666666667,25.36,129.75,0.35500000000000004,1,1.0,189,0,2
450,0.688461538462,0,0,693.0833333333334,25.33,130.0,0.1975,0,0.870000000000001,189,0,2
450,0.623076923077,1,0,693.6,25.3475,129.75,0.9100000000000001,1,0.870000000000001,188,0,2
445,0.45,1,0,694.1,25.3475,129.75,0.37,1,0.870000000000001,188,0,2
450,0.361538461538,1,0,694.6166666666667,25.3625,130.0,0.8700000000000001,1,0.870000000000001,186,0,2
450,0.311538461538,1,0,695.1333333333333,25.3775,130.25,0.2425,1,0.870000000000001,186,0,2
450,0.303846153846,1,0,695.6333333333333,25.3775,130.0,1.075,1,0.9299999999999997,185,0,2
460,0.384615384615,1,0,696.15,25.3775,129.75,0.53,1,0.9299999999999997,185,0,2
460,0.453846153846,0,0,696.65,25.392500000000002,130.0,0.3525,0,0.9299999999999997,185,0,2
475,0.65,1,1,699.2166666666667,25.3925,128.5,0.54,2,0.870000000000001,183,0,2
480,0.819230769231,1,1,699.7166666666667,25.4075,128.0,0.46749999999999997,2,0.870000000000001,183,0,2
480,0.957692307692,0,1,700.2333333333333,25.3925,128.75,0.32499999999999996,1,0.870000000000001,183,0,2
485,1.16153846154,1,1,700.75,25.4225,128.5,0.6000000000000001,2,0.8099999999999987,182,0,2
490,1.38076923077,0,1,701.25,25.4375,128.75,0.175,1,0.8699999999999974,182,0,2
500,1.70769230769,1,1,701.7666666666667,25.4225,129.5,0.2775,2,0.8099999999999987,182,0,2
500,1.99615384615,1,1,702.2666666666667,25.4375,129.5,0.7000000000000001,2,0.9299999999999997,182,0,2
500,2.24615384615,0,0,702.7833333333333,25.4375,129.0,0.5725,0,0.9299999999999997,181,0,2
500,2.45769230769,1,0,703.3,25.455,129.0,0.85,1,0.9399999999999977,182,0,2
510,2.72307692308,1,1,703.8,25.4375,128.75,1.1600000000000001,2,0.8699999999999974,181,0,2
510,2.94230769231,1,0,704.3166666666667,25.4525,128.5,0.6675000000000001,1,0.8699999999999974,181,0,2
515,3.11153846154,0,0,704.8333333333334,25.4375,128.25,0.195,0,0.8099999999999987,180,0,2
515,3.22692307692,1,0,705.3333333333334,25.455000000000002,128.25,0.7425,1,0.8699999999999974,180,0,2
515,3.33846153846,0,0,705.85,25.47,129.0,0.6324999999999998,0,0.8699999999999974,180,0,2
520,3.44615384615,0,1,706.3666666666667,25.487499999999997,129.25,0.22499999999999998,1,0.9399999999999977,180,0,2
525,3.59615384615,1,1,706.8666666666667,25.47,129.0,0.31,2,0.8699999999999974,180,0,2
530,3.73846153846,1,1,707.3833333333333,25.47,129.5,0.4,2,0.8699999999999974,178,0,2
540,3.86538461538,1,1,707.8833333333333,25.4525,129.0,0.26499999999999996,2,0.8699999999999974,179,0,2
540,3.92307692308,1,0,708.4,25.47,129.75,0.27,1,0.8699999999999974,179,0,2
545,3.90769230769,1,0,708.9166666666666,25.47,129.5,0.19,1,0.8699999999999974,178,0,2
545,3.86538461538,1,0,709.4166666666666,25.485,129.5,0.175,1,0.8699999999999974,178,0,2
545,3.75,0,0,709.9333333333333,25.5475,129.75,0.23249999999999998,0,0.9400000000000013,178,0,2
550,3.60769230769,0,0,710.45,25.515,129.25,0.085,0,0.8099999999999987,177,0,2
550,3.48846153846,0,0,710.95,25.485,129.25,0.1325,0,0.8699999999999974,177,0,2
550,3.3,0,1,711.4666666666667,25.515,129.25,0.5625,1,0.8099999999999987,177,0,2
555,3.23846153846,1,1,711.9833333333333,25.515,129.5,0.3325,2,0.8099999999999987,177,0,2
555,3.16538461538,1,0,712.4833333333333,25.515,129.75,0.4525,1,0.8099999999999987,176,0,2
555,3.03461538462,1,1,713.0,25.53,129.75,0.255,2,0.8099999999999987,176,0,2
555,2.89615384615,1,1,713.5,25.53,130.0,0.3975,2,0.8099999999999987,176,0,2
560,2.8,1,1,714.0166666666667,25.5475,129.5,0.2225,2,0.879999999999999,175,0,2
560,2.75,1,0,714.5333333333333,25.5325,129.5,0.28500000000000003,1,0.879999999999999,177,0,2
560,2.65384615385,1,0,715.0333333333333,25.5475,129.5,0.19749999999999998,1,0.879999999999999,177,0,2
560,2.51153846154,1,1,715.55,25.5325,130.0,0.8725,2,0.879999999999999,174,0,2
565,2.36923076923,1,1,716.0666666666667,25.5625,130.0,0.455,2,0.9400000000000013,174,0,2
570,2.32307692308,1,1,716.5666666666667,25.5475,130.0,0.48,2,0.879999999999999,174,0,2
570,2.23076923077,1,1,717.0833333333334,25.5475,129.0,0.9425000000000001,2,0.9400000000000013,174,0,2
570,2.14230769231,1,1,717.6,25.61,131.75,1.2275,2,0.9400000000000013,181,0,2
580,2.10384615385,1,1,718.1,25.72,133.0,0.9175,2,1.379999999999999,185,0,2
580,2.01538461538,1,1,718.6166666666667,25.8275,132.25,0.855,2,1.8099999999999987,185,0,2
585,1.97307692308,1,1,719.1166666666667,25.827499999999997,132.0,0.5,2,1.75,186,0,2
590,1.97692307692,1,1,719.6333333333333,25.875,131.0,0.43,2,2.0,181,0,2
585,1.93461538462,1,1,720.15,25.89,131.75,0.45749999999999996,2,1.8800000000000026,187,0,2
590,1.99615384615,0,0,720.65,25.9225,131.75,0.1875,0,2.1300000000000026,186,0,2
590,2.01923076923,0,0,721.1666666666666,25.9375,132.75,0.1,0,2.25,185,0,2
600,2.14615384615,0,0,721.6833333333333,26.015,133.25,0.0675,0,2.3800000000000026,186,0,1
600,2.23076923077,0,0,722.1833333333333,26.03,133.5,0.0625,0,2.4400000000000013,186,0,0
595,2.22692307692,0,0,722.7,26.044999999999998,133.5,0.0775,0,2.5,186,0,2
605,2.32692307692,1,0,723.2,26.0925,133.25,0.24249999999999997,1,2.6900000000000013,186,0,2
595,2.29230769231,1,0,723.7166666666667,26.125,133.75,0.5625,1,2.8800000000000026,185,0,2
595,2.22307692308,0,0,724.2333333333333,26.0925,134.25,0.10250000000000001,0,2.6300000000000026,185,0,2
590,2.12307692308,1,0,724.7333333333333,26.03,134.0,0.22499999999999998,1,2.4400000000000013,185,0,2
590,1.99615384615,1,0,725.25,26.03,133.5,0.1275,1,2.3800000000000026,185,0,2
590,1.84230769231,1,0,725.7666666666667,26.044999999999998,134.0,0.44250000000000006,1,2.5,185,0,2
590,1.66153846154,1,0,726.2666666666667,25.985,134.25,0.21250000000000002,1,2.3200000000000003,185,0,2
595,1.55,1,0,726.7833333333333,25.985,134.0,0.1775,1,2.25,185,0,2
595,1.41153846154,1,0,727.3,25.985,134.0,0.29750000000000004,1,2.25,185,0,2
595,1.24615384615,0,0,727.8,26.002499999999998,134.0,0.345,0,2.3200000000000003,185,0,2
600,1.1,1,0,728.3166666666667,26.02,134.25,0.135,1,2.25,185,0,2
610,1.06538461538,0,0,728.8166666666667,26.0175,134.0,0.0575,0,2.3800000000000026,185,0,0
605,1.0,0,0,729.3333333333334,26.002499999999998,134.75,0.0925,0,2.3200000000000003,184,0,2
610,0.953846153846,1,0,729.85,26.0175,135.25,0.28500000000000003,1,2.3800000000000026,185,0,2
615,0.923076923077,1,0,730.35,26.0475,134.75,0.3125,1,2.5,184,0,2
615,0.957692307692,1,0,730.8666666666667,26.0325,134.75,0.3,1,2.4400000000000013,184,0,2
620,1.01153846154,0,0,731.3833333333333,26.0475,135.0,0.4275,0,2.5,184,0,2
625,1.13076923077,1,1,731.8833333333333,26.0325,135.25,0.44499999999999995,2,2.4400000000000013,182,0,2
630,1.31538461538,1,1,732.4,26.0475,135.0,0.745,2,2.5,184,0,2
630,1.41923076923,1,0,732.9166666666666,26.0975,134.5,0.44500000000000006,1,2.5,184,0,2
630,1.53846153846,1,0,733.4166666666666,26.0825,135.0,0.38249999999999995,1,2.5,184,0,2
630,1.62692307692,1,1,733.9333333333333,26.1425,134.5,0.5025000000000001,2,2.6799999999999997,185,0,2
625,1.73846153846,0,1,734.4333333333333,26.189999999999998,133.25,0.645,1,2.870000000000001,182,0,2
625,1.83076923077,0,0,734.95,26.2525,132.75,0.4275,0,3.0600000000000023,181,0,2
630,1.9,0,1,735.4666666666667,26.2225,134.0,0.4975,1,3.0,185,0,2
630,2.04230769231,1,0,735.9666666666667,26.22,133.75,0.43,1,2.9299999999999997,184,0,2
625,2.01923076923,1,1,736.4833333333333,26.175,133.75,0.51,2,2.75,180,0,2
635,2.06538461538,1,1,737.0,26.1575,134.0,0.37249999999999994,2,2.6799999999999997,181,0,2
635,2.03076923077,1,1,737.5,26.1425,133.0,0.45749999999999996,2,2.620000000000001,180,0,2
635,1.96153846154,1,1,738.0166666666667,26.205000000000002,133.5,0.5275,2,2.8100000000000023,182,0,2
630,1.81153846154,1,1,738.5333333333333,26.205,134.25,0.45499999999999996,2,2.870000000000001,183,0,2
635,1.67692307692,1,0,739.0333333333333,26.267500000000002,134.75,0.52,1,3.0600000000000023,182,0,2
635,1.55769230769,1,0,739.55,26.2525,135.5,0.1875,1,3.0,183,0,2
635,1.40769230769,1,0,740.05,26.2525,135.5,0.2625,1,3.0,182,0,2
635,1.22692307692,1,0,740.5666666666667,26.267500000000002,134.25,0.29500000000000004,1,3.0600000000000023,184,0,2
640,1.11153846154,1,0,741.0833333333334,26.267500000000002,133.5,0.23,1,3.0600000000000023,183,0,2
645,1.11153846154,0,0,741.5833333333334,26.2525,133.5,0.095,0,3.0,182,0,2
650,1.08076923077,1,0,742.1,26.235,135.25,0.2875,1,2.8099999999999987,183,0,2
645,1.01923076923,1,0,742.6166666666667,26.2375,136.0,0.54,1,3.0,181,0,2
650,1.02692307692,0,0,743.6333333333333,26.2375,136.5,0.3725,0,3.0,181,0,2
640,0.915384615385,0,0,744.15,26.2825,135.75,0.42999999999999994,0,3.1799999999999997,180,0,2
640,0.834615384615,1,0,744.65,26.2975,136.0,0.26,1,3.1199999999999974,182,0,2
645,0.834615384615,1,0,745.1666666666666,26.315,135.75,0.955,1,3.25,182,0,2
645,0.869230769231,0,0,745.6666666666666,26.36,135.25,0.195,0,3.3099999999999987,183,0,2
640,0.846153846154,0,0,746.1833333333333,26.345,135.25,0.2525,0,3.3099999999999987,183,0,2
645,0.861538461538,0,0,746.7,26.36,134.75,0.0625,0,3.3099999999999987,183,0,0
640,0.819230769231,0,0,747.2,26.330000000000002,134.0,0.065,0,3.25,182,0,0
645,0.765384615385,0,0,747.7166666666667,26.345,133.75,0.09000000000000001,0,3.1899999999999977,182,0,2
645,0.696153846154,0,0,748.2333333333333,26.2825,134.75,0.08750000000000001,0,3.0599999999999987,180,0,2
640,0.615384615385,1,0,748.7333333333333,26.330000000000002,135.75,0.2025,1,3.25,182,0,2
640,0.526923076923,1,0,749.25,26.330000000000002,135.0,0.3275,1,3.1899999999999977,182,0,2
645,0.426923076923,1,0,749.7666666666667,26.315,161.75,0.42,1,3.1899999999999977,182,0,2
645,0.411538461538,1,1,750.2666666666667,26.330000000000002,163.5,0.6575,2,3.25,180,0,2
650,0.434615384615,1,1,750.7833333333333,26.39,168.25,1.08,2,3.3699999999999974,180,0,2
645,0.4,1,1,751.2833333333333,26.405,171.25,0.5675,2,3.3099999999999987,180,0,2
655,0.4,1,1,751.8,26.4225,172.0,1.3350000000000002,2,3.379999999999999,183,0,2
655,0.430769230769,1,1,752.3166666666667,26.42,173.0,1.0474999999999999,2,3.25,179,0,2
660,0.492307692308,1,1,752.8166666666667,26.39,173.5,1.505,2,3.1300000000000026,183,0,2
660,0.534615384615,1,1,753.3333333333334,26.3425,172.25,0.5049999999999999,2,3.0,179,0,2
655,0.511538461538,1,1,753.85,26.405,171.0,0.6475000000000001,2,3.1900000000000013,179,0,2
660,0.569230769231,1,1,754.35,26.485,171.5,1.145,2,3.3800000000000026,180,0,2
665,0.707692307692,1,0,754.8666666666667,26.4525,171.25,0.41999999999999993,1,3.3800000000000026,180,0,2
665,0.880769230769,1,1,755.3666666666667,26.4375,171.25,0.2925,2,3.3200000000000003,179,0,2
670,1.03846153846,1,1,755.8833333333333,26.4975,173.5,1.3275,2,3.5,177,0,2
680,1.31923076923,1,1,756.4,26.4825,174.25,0.7525,2,3.4400000000000013,176,0,2
675,1.43076923077,1,1,756.9,26.515,173.75,0.9400000000000001,2,3.5700000000000003,177,0,2
675,1.51538461538,1,1,757.4166666666666,26.515,173.75,0.8524999999999999,2,3.4299999999999997,177,0,2
675,1.62307692308,1,1,757.9333333333333,26.5325,171.0,2.4250000000000003,2,3.4299999999999997,177,0,2
675,1.70769230769,1,1,758.4333333333333,26.564999999999998,172.75,2.2674999999999996,2,3.5600000000000023,178,0,2
685,1.81153846154,1,1,758.95,26.5475,172.75,0.6000000000000001,2,3.6300000000000026,177,0,2
690,1.97692307692,1,1,759.4666666666667,26.564999999999998,172.5,1.2650000000000001,2,3.5600000000000023,177,0,2
690,2.05769230769,1,1,759.9666666666667,26.5625,173.25,2.9825000000000004,2,3.620000000000001,176,0,2
695,2.19615384615,1,1,760.4833333333333,26.5475,173.5,0.865,2,3.5600000000000023,177,0,2
695,2.29615384615,1,1,760.9833333333333,26.5475,173.5,0.8125,2,3.5600000000000023,177,0,2
700,2.35384615385,1,0,761.5,26.5625,172.5,0.5025,1,3.620000000000001,177,0,2
695,2.31923076923,1,1,762.0166666666667,26.5475,173.0,0.8400000000000001,2,3.5600000000000023,180,0,2
695,2.29230769231,1,1,762.5166666666667,26.515,173.5,0.5425,2,3.4299999999999997,181,0,2
810,3.28846153846,1,1,788.05,26.455,177.75,0.9800000000000001,2,2.6900000000000013,179,1,2
810,4.20769230769,1,1,788.5666666666667,26.439999999999998,178.0,1.1875,2,2.629999999999999,179,1,2
810,4.95384615385,1,1,789.0666666666667,26.439999999999998,177.5,0.5275,2,2.629999999999999,179,1,2
815,5.71923076923,1,1,789.5833333333334,26.4075,177.75,1.1225,2,2.5599999999999987,179,1,2
815,6.36153846154,1,1,790.1,26.439999999999998,177.5,2.4050000000000002,2,2.629999999999999,178,1,2
815,6.93076923077,1,1,790.6,26.47,177.0,0.4375,2,2.75,177,1,2
815,7.38076923077,1,1,791.1166666666667,26.455,176.75,0.7225,2,2.75,177,1,2
820,7.70769230769,0,1,791.6333333333333,26.5175,177.0,1.72,1,2.8200000000000003,178,1,2
835,8.09615384615,1,0,792.1333333333333,26.439999999999998,176.75,1.2,1,2.6900000000000013,177,1,2
840,8.44615384615,1,1,792.65,26.455,176.5,3.0925,2,2.6300000000000026,177,1,2
840,8.66153846154,1,1,793.15,26.47,177.0,1.8975,2,2.6900000000000013,179,1,2
845,8.83846153846,1,1,793.6666666666666,26.5175,177.0,0.575,2,2.8200000000000003,179,1,2
845,8.98076923077,1,1,794.1833333333333,26.47,177.25,0.39999999999999997,2,2.6900000000000013,179,1,2
845,8.94615384615,1,1,794.6833333333333,26.455,177.25,0.5725000000000001,2,2.6300000000000026,180,1,2
845,8.78076923077,1,0,795.2,26.455,176.25,0.9800000000000001,1,2.5700000000000003,176,1,2
840,8.43846153846,1,1,795.7166666666667,26.502499999999998,176.5,1.03,2,2.620000000000001,180,1,2
840,7.96923076923,1,1,796.2166666666667,26.439999999999998,177.25,0.635,2,2.370000000000001,180,1,2
845,7.51923076923,0,0,796.7333333333333,26.439999999999998,178.0,0.14250000000000002,0,2.370000000000001,182,1,2
850,7.04230769231,1,1,797.25,26.439999999999998,178.25,0.21,2,2.3100000000000023,181,1,2
855,6.48846153846,1,1,797.75,26.47,176.5,1.205,2,2.3099999999999987,182,1,2
850,5.81153846154,1,1,798.2666666666667,26.47,177.75,1.395,2,2.3099999999999987,182,1,2
850,5.01538461538,1,1,799.2833333333333,26.44,187.0,1.4275000000000002,2,2.25,200,1,2
845,4.10384615385,0,1,799.8,26.4225,187.0,1.1375,1,2.1199999999999974,198,1,2
845,3.03076923077,1,1,800.3,26.4075,186.5,0.97,2,2.1199999999999974,199,1,2
850,1.88846153846,1,1,800.8166666666667,26.3925,187.5,1.0150000000000001,2,2.0599999999999987,196,1,2
855,1.82307692308,1,1,801.3333333333334,26.4075,187.75,1.3775,2,2.1199999999999974,198,1,2
855,1.72307692308,1,1,801.8333333333334,26.4075,188.0,1.5025000000000002,2,2.0599999999999987,197,1,2
860,1.63461538462,1,1,802.35,26.4075,189.0,0.9625,2,2.0599999999999987,200,1,2
855,1.51153846154,0,1,802.8666666666667,26.47,187.0,1.1875,1,2.129999999999999,191,1,2
860,1.40384615385,1,1,803.3666666666667,26.4525,190.0,0.38499999999999995,2,2.0599999999999987,201,1,2
860,1.26153846154,1,1,803.8833333333333,26.4375,191.25,0.35750000000000004,2,2.0599999999999987,202,1,2
860,1.08461538462,1,1,804.3833333333333,26.455,190.0,0.5625,2,2.129999999999999,201,1,2
860,0.923076923077,1,1,804.9,26.47,190.25,0.9075,2,2.129999999999999,202,1,2
860,0.880769230769,0,1,805.4166666666666,26.47,189.25,0.10750000000000001,1,2.0700000000000003,200,1,2
865,0.915384615385,0,0,805.9166666666666,26.485,188.5,0.1875,0,2.1300000000000026,198,1,2
865,0.930769230769,1,0,806.4333333333333,26.4525,188.25,0.08750000000000001,1,2.0,198,1,2
865,0.976923076923,1,0,806.95,26.4525,188.5,0.105,1,2.0,198,1,2
875,1.1,0,0,807.45,26.4375,187.5,0.0875,0,1.9400000000000013,197,1,2
880,1.24615384615,0,0,807.9666666666667,26.4225,188.0,0.10250000000000001,0,1.8800000000000026,197,1,2
875,1.31923076923,0,1,808.4666666666667,26.4525,188.0,0.07,1,1.9400000000000013,197,1,1
880,1.36538461538,1,1,808.9833333333333,26.4525,183.0,1.54,2,1.9400000000000013,185,1,2
885,1.42692307692,1,1,809.5,26.439999999999998,188.5,1.2075,2,1.75,198,1,2
885,1.50384615385,1,1,810.0,26.424999999999997,189.0,0.9225,2,1.75,199,1,2
875,1.50769230769,1,1,810.5166666666667,26.439999999999998,190.0,0.6025,2,1.75,199,1,2
870,1.49615384615,0,1,811.0333333333333,26.4225,191.0,0.6825,1,1.6799999999999997,199,1,2
875,1.46923076923,1,1,812.05,26.4225,191.5,0.6875,2,1.6799999999999997,201,1,2
870,1.37692307692,1,1,812.5666666666667,26.4225,192.75,0.515,2,1.620000000000001,208,1,2
870,1.21923076923,0,1,813.0666666666667,26.4225,191.0,0.5974999999999999,1,1.620000000000001,205,1,2
870,1.04230769231,1,1,813.5833333333334,26.3925,191.0,1.9774999999999998,2,1.4399999999999977,205,1,2
865,0.85,1,0,814.0833333333334,26.4225,191.5,0.84,1,1.5600000000000023,205,1,2
870,0.742307692308,1,1,814.6,26.4225,191.5,1.4075,2,1.620000000000001,205,1,2
870,0.623076923077,0,1,815.1166666666667,26.4225,191.5,0.8025000000000001,1,1.5600000000000023,203,1,2
865,0.496153846154,0,1,815.6166666666667,26.3925,192.5,0.6025,1,1.5,205,1,2
860,0.269230769231,1,1,816.1333333333333,26.4075,192.5,1.09,2,1.4399999999999977,206,1,2
840,-0.0961538461538,1,1,816.65,26.4225,192.25,1.185,2,1.4399999999999977,206,1,2
845,-0.4,1,1,817.15,26.39,185.0,0.36000000000000004,2,1.3699999999999974,183,1,2
850,-0.646153846154,0,1,817.6666666666666,26.405,191.25,1.25,1,1.3699999999999974,204,1,2
860,-0.792307692308,0,1,818.1833333333333,26.375,192.0,1.01,1,1.3099999999999987,203,1,2
865,-0.892307692308,1,1,818.6833333333333,26.39,190.5,1.185,2,1.4299999999999997,207,1,2
870,-0.9,1,1,819.2,26.375,192.75,1.4675,2,1.25,206,1,2
870,-0.911538461538,1,1,819.7,26.36,192.25,1.4625,2,1.3100000000000023,206,1,2
885,-0.788461538462,1,1,820.2166666666667,26.375,191.75,1.0,2,1.3099999999999987,204,1,2
890,-0.534615384615,1,1,820.7333333333333,26.375,193.25,2.37,2,1.3099999999999987,207,1,2
895,-0.196153846154,1,1,821.2333333333333,26.405,193.25,0.4225,2,1.3699999999999974,207,1,2
895,0.0807692307692,1,1,821.75,26.4225,193.0,0.5775,2,1.4399999999999977,207,1,2
890,0.346153846154,0,1,822.2666666666667,26.4225,192.75,0.2725,1,1.4399999999999977,207,1,2
890,0.653846153846,1,1,822.7666666666667,26.4225,192.25,0.715,2,1.4399999999999977,206,1,2
880,0.865384615385,1,1,823.2833333333333,26.39,191.5,1.4949999999999999,2,1.3699999999999974,205,1,2
880,0.980769230769,1,1,823.8,26.39,191.5,0.5175000000000001,2,1.3699999999999974,207,1,2
880,1.04230769231,0,1,824.3,26.39,191.0,0.23,1,1.3099999999999987,205,1,2
875,1.1,0,1,824.8166666666667,26.39,191.25,0.29500000000000004,1,1.3099999999999987,205,1,2
875,1.10769230769,0,1,825.3166666666667,26.345,192.25,0.1875,1,1.1899999999999977,205,1,2
875,1.11153846154,0,0,825.8333333333334,26.375,192.0,0.1825,0,1.0599999999999987,207,1,2
880,1.15769230769,0,0,826.35,26.3425,191.0,0.2525,0,1.1199999999999974,200,1,2
880,1.14615384615,1,1,826.85,26.3125,192.75,0.2925,2,1.0599999999999987,207,1,2
890,1.26538461538,1,1,827.3666666666667,26.3575,192.0,0.29000000000000004,2,1.0599999999999987,206,1,2
900,1.46153846154,1,1,827.8833333333333,26.3275,191.75,0.195,2,0.9400000000000013,206,1,2
905,1.63076923077,1,1,828.3833333333333,26.3775,191.0,0.2425,2,1.1899999999999977,206,1,2
910,1.76538461538,0,1,828.9,26.36,191.0,0.25749999999999995,1,1.1899999999999977,204,1,2
910,1.66153846154,1,1,829.4166666666666,26.375,191.0,0.32000000000000006,2,1.0599999999999987,206,1,2
910,1.55384615385,1,1,829.9166666666666,26.3425,191.0,0.4650000000000001,2,1.0,205,1,2
910,1.44615384615,1,1,830.4333333333333,26.3425,190.5,0.4525,2,1.0,204,1,2
910,1.39230769231,1,1,830.9333333333333,26.375,191.0,1.35,2,1.0599999999999987,203,1,2
910,1.35,1,1,831.45,26.375,192.75,0.4475,2,1.129999999999999,208,1,2
910,1.32307692308,1,1,831.9666666666667,26.3425,191.25,0.47000000000000003,2,1.0599999999999987,205,1,2
910,1.26538461538,0,0,832.4666666666667,26.4075,190.5,0.115,0,1.1900000000000013,204,1,2
915,1.37307692308,0,1,832.9833333333333,26.39,191.0,0.45499999999999996,1,1.1900000000000013,203,1,2
910,1.46153846154,0,1,833.5,26.4075,192.75,0.1425,1,1.1900000000000013,204,1,2
915,1.63076923077,1,0,834.0,26.4075,193.75,0.15250000000000002,1,1.0700000000000003,207,1,2
920,1.83076923077,1,1,834.5166666666667,26.3925,192.75,0.19749999999999998,2,1.129999999999999,206,1,2
925,2.00769230769,1,1,835.0333333333333,26.405,186.0,0.7125,2,1.25,183,1,2
925,2.15769230769,1,1,835.5333333333333,26.3925,191.75,1.225,2,1.1900000000000013,200,1,2
930,2.22692307692,1,0,836.05,26.4075,192.25,0.76,1,1.1300000000000026,205,1,2
935,2.30384615385,1,0,836.55,26.4075,192.5,0.29000000000000004,1,1.1300000000000026,206,1,2
935,2.33846153846,1,0,837.0666666666667,26.4075,192.75,0.1825,1,1.1900000000000013,205,1,2
935,2.28076923077,0,0,837.5833333333334,26.39,193.5,0.2175,0,1.0,207,1,2
935,2.17692307692,1,0,838.0833333333334,26.4075,193.0,0.28500000000000003,1,1.1300000000000026,207,1,2
935,2.02692307692,1,0,838.6,26.4075,192.75,0.21,1,1.1900000000000013,208,1,2
935,1.88076923077,0,0,839.1166666666667,26.4075,192.25,0.16499999999999998,0,1.1900000000000013,204,1,2
935,1.69230769231,0,0,839.6166666666667,26.424999999999997,193.0,0.07250000000000001,0,1.1900000000000013,207,1,1
930,1.51538461538,0,0,840.1333333333333,26.375,193.25,0.1075,0,1.0599999999999987,206,1,2
925,1.36153846154,1,0,840.6333333333333,26.375,193.75,0.3325,1,1.0599999999999987,205,1,2
925,1.23846153846,1,0,841.15,26.4225,193.75,0.14500000000000002,1,1.0599999999999987,207,1,2
930,1.19615384615,1,0,841.6666666666666,26.439999999999998,193.25,0.09250000000000001,1,1.0700000000000003,205,1,2
940,1.23076923077,1,1,842.1666666666666,26.409999999999997,190.75,0.16749999999999998,2,1.129999999999999,196,1,2
940,1.24230769231,1,1,842.6833333333333,26.4075,193.5,0.1125,2,1.0599999999999987,207,1,2
945,1.27692307692,0,1,843.2,26.424999999999997,191.75,0.10749999999999998,1,1.0700000000000003,203,1,2
945,1.28461538462,0,0,843.7,26.424999999999997,192.25,0.2075,0,1.1900000000000013,205,1,2
955,1.35769230769,0,0,844.2166666666667,26.424999999999997,192.5,0.13,0,1.129999999999999,204,1,2
960,1.44230769231,0,0,844.7333333333333,26.4075,193.0,0.14,0,1.0,204,1,2
965,1.53461538462,0,1,845.2333333333333,26.4375,193.25,0.1925,1,1.1300000000000026,207,1,2
960,1.58846153846,1,1,845.75,26.47,192.75,0.39249999999999996,2,1.3099999999999987,205,1,2
965,1.60384615385,1,1,846.25,26.455,190.25,0.8500000000000001,2,1.25,195,1,2
970,1.67307692308,1,1,846.7666666666667,26.455,189.75,1.2725,2,1.1300000000000026,194,1,2
965,1.70384615385,1,1,847.2833333333333,26.47,191.0,0.7775,2,1.1900000000000013,200,1,2
970,1.79615384615,1,1,847.7833333333333,26.4525,190.25,0.19499999999999998,2,1.1900000000000013,198,1,2
975,1.9,0,1,848.3,26.4375,191.25,0.115,1,1.1300000000000026,200,1,2
970,1.96923076923,0,0,848.8166666666667,26.4525,190.75,0.075,0,1.1900000000000013,199,1,2
965,2.01153846154,1,0,849.3166666666667,26.4525,190.5,0.115,1,1.1900000000000013,198,1,2
960,1.98461538462,1,0,849.8333333333334,26.4375,190.5,0.5275,1,1.1300000000000026,199,1,2
955,1.89230769231,0,0,850.35,26.47,190.0,0.19250000000000003,0,1.1900000000000013,198,1,2
960,1.83076923077,1,1,850.85,26.485,189.75,0.17250000000000001,2,1.25,198,1,2
965,1.79615384615,0,1,851.3666666666667,26.485,188.5,0.385,1,1.25,199,1,2
965,1.73846153846,1,1,851.8666666666667,26.485,188.75,0.3025,2,1.25,198,1,2
965,1.65769230769,1,1,852.3833333333333,26.5175,188.25,0.3125,2,1.1799999999999997,197,1,2
965,1.50384615385,1,1,852.9,26.502499999999998,187.75,1.35,2,1.120000000000001,196,1,2
960,1.22692307692,1,1,853.9166666666666,26.535,186.5,1.9025,2,1.25,195,1,2
955,0.876923076923,1,1,854.4333333333333,26.502499999999998,187.0,1.165,2,1.1799999999999997,196,1,2
950,0.507692307692,1,0,854.9333333333333,26.487499999999997,185.75,0.56,1,1.120000000000001,196,1,2
950,0.223076923077,1,1,855.45,26.502499999999998,171.0,1.2875,2,1.1799999999999997,188,1,2
950,-0.0692307692308,1,1,855.9666666666667,26.502499999999998,49.5,1.9399999999999997,2,1.120000000000001,78,1,2
960,-0.226923076923,1,1,856.4666666666667,26.439999999999998,49.5,1.535,2,0.9299999999999997,79,1,2
970,-0.303846153846,0,1,856.9833333333333,26.41,49.5,0.19249999999999998,1,0.8100000000000023,78,1,2
965,-0.346153846154,0,0,857.4833333333333,26.377499999999998,49.75,0.095,0,0.8200000000000003,79,1,2
970,-0.3,0,0,858.0,26.3925,51.75,0.06,0,0.8200000000000003,81,1,0
970,-0.211538461538,0,0,858.5166666666667,26.377499999999998,51.0,0.0625,0,0.6799999999999997,82,1,0
970,-0.176923076923,0,0,859.0166666666667,26.36,50.75,0.0675,0,0.75,81,1,1
970,-0.1,0,0,859.5333333333333,26.375,50.25,0.0625,0,0.75,80,1,0
970,0.0230769230769,0,0,860.05,26.36,49.5,0.06,0,0.6900000000000013,79,1,0
965,0.05,0,0,860.55,26.345,48.75,0.06,0,0.6900000000000013,78,1,0
970,0.173076923077,0,0,861.0666666666667,26.345,49.0,0.0625,0,0.6300000000000026,79,1,0
965,0.3,0,0,861.5833333333334,26.314999999999998,48.75,0.06,0,0.5700000000000003,78,1,0
960,0.338461538462,0,0,862.0833333333334,26.299999999999997,48.75,0.06,0,0.5700000000000003,78,1,0
965,0.380769230769,0,0,862.6,26.2825,48.5,0.0625,0,0.5,77,1,0
965,0.373076923077,0,0,863.1,26.2675,50.0,0.08750000000000001,0,0.5599999999999987,79,1,2
965,0.311538461538,0,0,863.6166666666667,26.2675,50.75,0.08499999999999999,0,0.5599999999999987,80,1,2
975,0.384615384615,0,0,864.1333333333333,26.265,51.0,0.07,0,0.5599999999999987,81,1,1
975,0.496153846154,0,0,864.6333333333333,26.2675,51.0,0.0625,0,0.5599999999999987,82,1,0
975,0.6,0,0,865.15,26.265,50.75,0.06,0,0.5599999999999987,81,1,0
970,0.65,0,0,865.6666666666666,26.2675,50.5,0.0625,0,0.5599999999999987,81,1,0
965,0.65,0,0,866.1666666666666,26.252499999999998,49.5,0.0775,0,0.5,79,1,2
960,0.553846153846,0,0,866.6833333333333,26.252499999999998,49.75,0.07,0,0.5,79,1,1
960,0.407692307692,0,0,867.2,26.2175,50.5,0.1075,0,0.5,80,1,2
955,0.161538461538,0,0,867.7,26.237499999999997,50.5,0.0625,0,0.4400000000000013,80,1,0
945,-0.180769230769,0,0,868.2166666666667,26.22,50.25,0.0825,0,0.4400000000000013,80,1,2
945,-0.519230769231,0,0,868.7166666666667,26.22,49.5,0.14750000000000002,0,0.4400000000000013,81,1,2
950,-0.707692307692,1,1,869.2333333333333,26.205,49.25,0.435,2,0.5,79,1,2
950,-0.788461538462,0,0,869.75,26.22,49.25,0.09999999999999999,0,0.5,80,1,2
940,-0.996153846154,0,0,870.25,26.22,48.75,0.06,0,0.5599999999999987,78,1,0
930,-1.22692307692,0,0,870.7666666666667,26.205,48.75,0.06,0,0.5,78,1,0
920,-1.51923076923,0,0,871.2833333333333,26.205,48.5,0.0625,0,0.5,77,1,0
910,-1.86538461538,0,0,871.7833333333333,26.1725,49.0,0.06,0,0.4399999999999977,78,1,0
900,-2.25769230769,0,0,872.3,26.189999999999998,49.5,0.0625,0,0.4399999999999977,80,1,0
890,-2.68846153846,0,0,872.8,26.174999999999997,50.25,0.06,0,0.5,80,1,0
880,-3.2,0,0,873.3166666666667,26.174999999999997,50.5,0.0975,0,0.5,80,1,2
870,-3.68846153846,0,0,873.8333333333334,26.174999999999997,50.5,0.095,0,0.5,80,1,2
865,-4.19615384615,0,0,874.3333333333334,26.174999999999997,50.5,0.0875,0,0.5,80,1,2
855,-4.76923076923,0,0,874.85,26.174999999999997,50.0,0.07500000000000001,0,0.5,81,1,2
850,-5.25769230769,0,0,875.3666666666667,26.1575,49.25,0.06,0,0.5,80,1,0
845,-5.70384615385,0,0,875.8666666666667,26.1575,49.0,0.0575,0,0.5,79,1,0
850,-6.01153846154,0,0,876.3833333333333,26.1575,48.5,0.0975,0,0.5,78,1,2
845,-6.17692307692,0,0,876.9,26.1575,47.25,0.065,0,0.5,77,1,0
840,-6.28846153846,0,0,877.4,26.1425,47.0,0.0625,0,0.5,76,1,0
840,-6.29615384615,0,0,877.9166666666666,26.127499999999998,46.5,0.0625,0,0.5,75,1,0
835,-6.29615384615,0,0,878.4166666666666,26.127499999999998,46.25,0.0575,0,0.5,75,1,0
835,-6.24230769231,0,0,878.9333333333333,26.1425,46.25,0.0625,0,0.5,75,1,0
835,-6.13846153846,0,0,879.45,26.127499999999998,48.5,0.06,0,0.5,77,1,0
835,-5.93846153846,0,0,879.95,26.127499999999998,48.0,0.0625,0,0.5,78,1,0
830,-5.73846153846,0,0,880.4666666666667,26.127499999999998,47.5,0.065,0,0.5,77,1,0
830,-5.54230769231,0,0,880.9833333333333,26.095,47.25,0.065,0,0.4299999999999997,76,1,0
830,-5.25769230769,0,0,881.4833333333333,26.0775,47.75,0.06,0,0.5,78,1,0
830,-4.83461538462,0,0,882.0,26.127499999999998,47.5,0.06,0,0.5,77,1,0
830,-4.31923076923,0,0,882.5166666666667,26.095,47.25,0.060000000000000005,0,0.5700000000000003,76,1,0
820,-3.90384615385,0,0,883.0166666666667,26.08,47.5,0.0675,0,0.5700000000000003,77,1,1
820,-3.49615384615,0,0,883.5333333333333,26.112499999999997,48.0,0.065,0,0.5,78,1,0
815,-3.15,0,0,884.0333333333333,26.112499999999997,47.75,0.06,0,0.5,78,1,0
815,-2.82307692308,0,0,884.55,26.112499999999997,47.0,0.0625,0,0.5,76,1,0
815,-2.52307692308,0,0,885.0666666666667,26.095,47.0,0.0625,0,0.4299999999999997,76,1,0
805,-2.35,0,0,885.5666666666667,26.08,47.25,0.065,0,0.5700000000000003,76,1,0
805,-2.21153846154,0,0,886.0833333333334,26.0775,47.5,0.06,0,0.5,77,1,0
800,-2.16153846154,0,0,886.6,26.0775,46.75,0.06,0,0.5,77,1,0
795,-2.15384615385,0,0,887.1,26.0475,47.0,0.07250000000000001,0,0.5,76,0,1
785,-2.28461538462,0,0,887.6166666666667,26.08,47.5,0.08,0,0.4299999999999997,77,0,2
775,-2.50384615385,0,0,888.1333333333333,26.065,47.5,0.07,0,0.4299999999999997,77,0,1
770,-2.76153846154,0,0,888.6333333333333,26.08,47.75,0.07,0,0.5700000000000003,78,0,1
770,-2.91153846154,0,0,889.15,26.08,46.75,0.07,0,0.5700000000000003,77,0,1
765,-3.09615384615,0,0,889.65,26.08,47.25,0.06,0,0.5700000000000003,78,0,0
760,-3.31538461538,0,0,890.1666666666666,26.064999999999998,47.0,0.0625,0,0.5700000000000003,78,0,0
760,-3.47307692308,0,0,890.6833333333333,26.0625,46.5,0.0625,0,0.5,77,0,0
755,-3.66538461538,0,0,891.1833333333333,26.0625,46.5,0.06,0,0.5,77,0,0
750,-3.84230769231,0,0,891.7,26.064999999999998,45.75,0.0625,0,0.5700000000000003,75,0,0
755,-3.90769230769,0,0,892.2166666666667,26.0475,45.25,0.0575,0,0.5,74,0,0
750,-3.95769230769,0,0,892.7166666666667,26.064999999999998,44.75,0.06,0,0.5700000000000003,75,0,0
750,-3.99230769231,0,0,893.2333333333333,26.0475,44.5,0.06,0,0.5700000000000003,74,0,0
755,-3.91923076923,0,0,893.75,26.064999999999998,44.5,0.06,0,0.5700000000000003,74,0,0
755,-3.78846153846,0,0,894.25,26.03,44.5,0.0625,0,0.5,74,0,0
750,-3.64615384615,0,0,894.7666666666667,26.015,44.5,0.0625,0,0.5599999999999987,74,0,0
755,-3.39615384615,0,0,895.2666666666667,26.0325,44.25,0.06,0,0.629999999999999,73,0,0
750,-3.23461538462,0,0,895.7833333333333,26.0475,44.5,0.06,0,0.5700000000000003,74,0,0
740,-3.11153846154,0,0,896.3,26.0325,44.25,0.057499999999999996,0,0.629999999999999,73,0,0
730,-3.06923076923,0,0,896.8,26.0325,43.0,0.0625,0,0.629999999999999,72,0,0
730,-2.96153846154,0,0,897.3166666666667,26.015,42.5,0.07,0,0.5599999999999987,71,0,1
720,-2.88076923077,0,0,897.8333333333334,26.015,41.75,0.07,0,0.5599999999999987,70,0,1
715,-2.87307692308,0,0,898.3333333333334,26.03,41.75,0.065,0,0.5,70,0,0
710,-2.84230769231,0,0,898.85,26.015,41.5,0.065,0,0.5599999999999987,69,0,0
715,-2.74230769231,0,0,899.3666666666667,26.0,41.25,0.065,0,0.5599999999999987,68,0,0
715,-2.62692307692,0,0,899.8666666666667,26.0325,40.0,0.07250000000000001,0,0.629999999999999,66,0,1
715,-2.55,0,0,900.3833333333333,26.0,41.25,0.0675,0,0.5599999999999987,68,0,1
715,-2.51923076923,0,0,900.8833333333333,26.0,42.75,0.06,0,0.5599999999999987,71,0,0
715,-2.49230769231,0,0,901.4,26.0,42.75,0.057499999999999996,0,0.5599999999999987,71,0,0
705,-2.51538461538,0,0,901.9166666666666,25.985,43.0,0.0675,0,0.5599999999999987,72,0,1
705,-2.53846153846,0,0,902.4166666666666,26.002499999999998,43.0,0.065,0,0.629999999999999,72,0,0
705,-2.56538461538,0,0,902.9333333333333,25.985,43.25,0.06,0,0.5599999999999987,72,0,0
705,-2.55,0,0,903.45,25.985,43.5,0.0575,0,0.5599999999999987,73,0,0
695,-2.63461538462,0,0,903.95,25.985,42.75,0.057499999999999996,0,0.5599999999999987,71,0,0
690,-2.76923076923,0,0,904.4666666666667,25.985,42.75,0.0675,0,0.5599999999999987,71,0,1
690,-2.80769230769,0,0,904.9666666666667,25.985,42.5,0.057499999999999996,0,0.5599999999999987,71,0,0
695,-2.8,0,0,905.4833333333333,25.985,42.75,0.06,0,0.5599999999999987,71,0,0
690,-2.79615384615,0,0,906.0,25.97,43.75,0.0625,0,0.5599999999999987,72,0,0
685,-2.74230769231,0,0,906.5,25.987499999999997,45.25,0.0625,0,0.629999999999999,75,0,0
680,-2.68076923077,0,0,907.0166666666667,25.9525,44.25,0.0625,0,0.5599999999999987,74,0,0
685,-2.56538461538,0,0,907.5333333333333,25.97,43.75,0.0625,0,0.5599999999999987,74,0,0
690,-2.30384615385,0,0,908.0333333333333,25.97,42.5,0.06,0,0.5599999999999987,71,0,0
685,-2.08846153846,0,0,908.55,25.97,41.25,0.07,0,0.5599999999999987,69,0,1
685,-1.92307692308,0,0,909.0666666666667,25.97,40.5,0.0925,0,0.5599999999999987,67,0,2
680,-1.86153846154,0,0,910.0833333333334,25.97,40.0,0.0625,0,0.5599999999999987,66,0,0
675,-1.80769230769,0,0,910.5833333333334,25.97,40.0,0.0625,0,0.5599999999999987,66,0,0
680,-1.76538461538,0,0,911.1,25.97,39.25,0.07500000000000001,0,0.5599999999999987,66,0,2
675,-1.78846153846,0,0,911.6166666666667,25.97,40.0,0.07,0,0.5599999999999987,66,0,1
675,-1.83076923077,0,0,912.1166666666667,25.97,40.0,0.07250000000000001,0,0.5599999999999987,66,0,1
675,-1.79615384615,0,0,912.6333333333333,25.9525,39.75,0.07,0,0.5599999999999987,66,0,1
675,-1.73076923077,0,0,913.15,25.94,39.75,0.06,0,0.6199999999999974,67,0,0
670,-1.68076923077,0,0,913.65,25.9525,39.25,0.0675,0,0.5599999999999987,66,0,1
655,-1.73461538462,0,0,914.1666666666666,25.9225,39.25,0.08499999999999999,0,0.6199999999999974,66,0,2
655,-1.74230769231,0,0,914.6833333333333,25.94,39.0,0.06,0,0.6199999999999974,65,0,0
650,-1.85,0,0,915.1833333333333,25.939999999999998,39.0,0.06,0,0.6899999999999977,65,0,0
650,-1.91538461538,0,0,915.7,25.9725,39.0,0.0625,0,0.6899999999999977,65,0,0
640,-2.03076923077,0,0,916.2,25.9375,39.25,0.08750000000000001,0,0.5599999999999987,66,0,2
640,-2.09615384615,0,0,916.7166666666667,25.939999999999998,40.25,0.057499999999999996,0,0.6899999999999977,66,0,0
640,-2.21153846154,0,0,917.2333333333333,25.94,40.5,0.0625,0,0.6199999999999974,67,0,0
635,-2.38076923077,0,0,917.7333333333333,25.9375,40.5,0.057499999999999996,0,0.5599999999999987,67,0,0
625,-2.6,0,0,918.25,25.939999999999998,40.0,0.0625,0,0.6899999999999977,66,0,0
630,-2.67307692308,0,0,918.7666666666667,25.9225,40.0,0.0625,0,0.6199999999999974,67,0,0
625,-2.79230769231,0,0,919.2666666666667,25.939999999999998,39.5,0.06,0,0.6899999999999977,67,0,0
620,-2.95769230769,0,0,919.7833333333333,25.9225,39.5,0.07,0,0.6199999999999974,67,0,1
615,-3.16923076923,0,0,920.3,25.94,39.5,0.06,0,0.6199999999999974,67,0,0
610,-3.32692307692,0,0,920.8,25.9225,39.5,0.06,0,0.6199999999999974,67,0,0
600,-3.46923076923,0,0,921.3166666666667,25.9225,39.25,0.065,0,0.6199999999999974,66,0,0
600,-3.59230769231,0,0,921.8166666666667,25.9225,39.25,0.065,0,0.6199999999999974,66,0,0
595,-3.69615384615,0,0,922.3333333333334,25.9225,39.5,0.06,0,0.6199999999999974,67,0,0
600,-3.73461538462,0,0,922.85,25.939999999999998,39.25,0.0625,0,0.6899999999999977,66,0,0
600,-3.76153846154,0,0,923.35,25.9225,39.25,0.0625,0,0.6199999999999974,66,0,0
600,-3.68076923077,0,0,923.8666666666667,25.9225,38.5,0.0625,0,0.6199999999999974,65,0,0
595,-3.63461538462,1,1,925.4,25.9075,66.5,0.475,2,0.5599999999999987,74,0,2
595,-3.52692307692,0,0,925.9166666666666,25.9225,67.75,0.46749999999999997,0,0.6199999999999974,78,0,2
595,-3.35769230769,0,0,926.4166666666666,25.9225,68.5,0.06,0,0.6199999999999974,79,0,0
590,-3.17307692308,1,0,926.9333333333333,25.94,69.25,0.0925,1,0.6199999999999974,81,0,2
590,-2.97307692308,0,0,927.4333333333333,25.94,70.25,0.1125,0,0.6199999999999974,83,0,2
595,-2.81538461538,0,0,927.95,25.94,69.75,0.13749999999999998,0,0.6199999999999974,84,0,2
585,-2.70384615385,1,0,928.4666666666667,25.925,69.0,0.1225,1,0.5599999999999987,84,0,2
590,-2.54230769231,1,0,928.9666666666667,25.94,68.25,0.065,1,0.6199999999999974,84,0,0
595,-2.28846153846,0,0,929.4833333333333,25.925,68.0,0.08750000000000001,0,0.6799999999999997,85,0,2
595,-2.09230769231,0,0,930.0,25.925,67.5,0.71,0,0.5599999999999987,86,0,2
590,-1.90769230769,0,0,930.5,25.925,67.5,0.1,0,0.6799999999999997,86,0,2
580,-1.77692307692,0,0,931.0166666666667,25.91,67.5,0.0625,0,0.620000000000001,86,0,0
580,-1.65,0,0,931.5333333333333,25.9425,67.25,0.0625,0,0.75,86,0,0
580,-1.58076923077,0,0,932.0333333333333,25.94,67.0,0.0625,0,0.6799999999999997,86,0,0
580,-1.42692307692,0,0,932.55,25.94,67.0,0.195,0,0.6799999999999997,86,0,2
580,-1.28461538462,0,0,933.05,25.94,67.0,0.6774999999999999,0,0.6799999999999997,86,0,2
580,-1.15769230769,0,0,933.5666666666667,25.925,67.0,0.06,0,0.6799999999999997,86,0,0
575,-1.09615384615,0,0,934.0833333333334,25.94,67.0,0.1925,0,0.6799999999999997,85,0,2
575,-1.05384615385,0,0,934.5833333333334,25.9575,66.5,0.615,0,0.75,86,0,2
570,-1.13076923077,0,0,935.1,25.89,65.75,0.68,0,0.75,87,0,2
570,-1.18461538462,1,0,935.6166666666667,25.9225,65.5,0.105,1,0.6799999999999997,86,0,2
570,-1.26538461538,1,0,936.1166666666667,25.939999999999998,66.5,0.6050000000000001,1,0.75,86,0,2
570,-1.27692307692,0,0,936.6333333333333,25.94,66.25,0.47500000000000003,0,0.6799999999999997,87,0,2
575,-1.21923076923,0,0,937.15,25.94,65.5,0.1325,0,0.6799999999999997,86,0,2
570,-1.18846153846,0,0,937.65,25.94,65.25,0.075,0,0.6799999999999997,86,0,2
575,-1.13846153846,0,0,938.1666666666666,25.9225,64.75,0.09250000000000001,0,0.6799999999999997,86,0,2
575,-1.07307692308,0,0,938.6666666666666,25.9225,64.75,0.07250000000000001,0,0.6799999999999997,87,0,1
575,-0.992307692308,0,0,939.1833333333333,25.9075,63.75,0.07500000000000001,0,0.620000000000001,87,0,2
575,-0.946153846154,0,0,939.7,25.9225,64.25,0.14,0,0.6799999999999997,87,0,2
575,-0.888461538462,1,0,940.2,25.9375,64.5,0.07,1,0.6799999999999997,86,0,1
565,-0.861538461538,1,0,940.7166666666667,25.9225,64.5,0.085,1,0.6799999999999997,86,0,2
570,-0.865384615385,0,0,941.2333333333333,25.9225,64.5,0.17500000000000002,0,0.6799999999999997,86,0,2
575,-0.761538461538,0,0,941.7333333333333,25.9225,64.0,0.30500000000000005,0,0.6799999999999997,87,0,2
565,-0.688461538462,0,0,942.25,25.939999999999998,64.75,0.13,0,0.620000000000001,86,0,2
570,-0.546153846154,0,0,942.75,25.9375,65.0,0.2125,0,0.6799999999999997,86,0,2
570,-0.434615384615,0,0,943.2666666666667,25.9075,65.25,0.2375,0,0.620000000000001,86,0,2
570,-0.407692307692,0,0,943.7833333333333,25.9075,66.0,0.145,0,0.620000000000001,87,0,2
565,-0.419230769231,0,0,944.2833333333333,25.9225,65.75,0.11250000000000002,0,0.620000000000001,86,0,2
565,-0.419230769231,0,0,944.8,25.9225,65.5,0.07,0,0.620000000000001,86,0,1
565,-0.407692307692,0,0,945.3166666666667,25.9375,65.5,0.0675,0,0.6799999999999997,87,0,1
560,-0.430769230769,0,0,945.8166666666667,25.9225,65.5,0.075,0,0.620000000000001,87,0,2
560,-0.438461538462,1,0,946.3333333333334,25.9225,65.0,0.49,1,0.620000000000001,86,0,2
565,-0.434615384615,0,0,946.85,25.9375,65.0,0.10250000000000001,0,0.6799999999999997,86,0,2
570,-0.376923076923,1,0,947.35,25.9375,64.75,0.5125,1,0.6799999999999997,86,0,2
565,-0.411538461538,0,0,947.8666666666667,25.9375,64.5,0.06,0,0.6799999999999997,86,0,0
570,-0.396153846154,0,0,948.3666666666667,25.9375,64.0,0.0675,0,0.6799999999999997,87,0,1
575,-0.334615384615,0,0,948.8833333333333,25.9375,63.75,0.065,0,0.6799999999999997,87,0,0
580,-0.230769230769,1,0,949.4,25.9525,63.75,0.0975,1,0.6199999999999974,87,0,2
575,-0.130769230769,0,0,949.9,25.9525,63.25,0.1,0,0.6799999999999997,87,0,2
580,-0.0346153846154,1,0,950.4166666666666,25.9675,62.5,0.23000000000000004,1,0.6199999999999974,88,0,2
585,0.15,0,0,950.9333333333333,25.9225,62.25,0.1275,0,0.620000000000001,88,0,2
585,0.326923076923,0,0,951.4333333333333,25.9225,62.25,0.22000000000000003,0,0.620000000000001,88,0,2
590,0.542307692308,0,0,951.95,25.9225,62.0,0.19249999999999998,0,0.620000000000001,88,0,2
590,0.746153846154,0,0,952.4666666666667,25.9675,61.75,0.065,0,0.6199999999999974,88,0,0
590,0.938461538462,1,0,952.9666666666667,25.9225,61.5,0.065,1,0.620000000000001,88,0,0
590,1.01923076923,0,0,953.4833333333333,25.9225,61.0,0.0625,0,0.620000000000001,88,0,0
590,1.13076923077,0,0,953.9833333333333,25.9225,60.5,0.0625,0,0.6799999999999997,89,0,0
585,1.23076923077,0,0,954.5,25.9375,60.0,0.07,0,0.6799999999999997,88,0,1
595,1.31538461538,0,0,955.0166666666667,25.92,60.0,0.07,0,0.75,89,0,1
600,1.47307692308,0,0,955.5166666666667,25.939999999999998,59.75,0.0825,0,0.75,89,0,2
600,1.60769230769,0,0,956.0333333333333,25.905,59.75,0.0625,0,0.75,89,0,0
595,1.67307692308,0,0,956.55,25.9375,59.75,0.065,0,0.6799999999999997,89,0,0
595,1.66923076923,0,0,957.05,25.92,59.25,0.06,0,0.75,88,0,0
595,1.64230769231,0,0,957.5666666666667,25.92,58.75,0.0675,0,0.75,89,0,1
595,1.59230769231,0,0,958.0833333333334,25.9375,59.0,0.0625,0,0.6799999999999997,90,0,0
590,1.42307692308,1,0,958.5833333333334,25.905,59.0,0.0675,1,0.75,90,0,1
595,1.27692307692,1,0,959.1,25.92,59.0,0.1225,1,0.75,90,0,2
595,1.15384615385,0,0,959.6,25.935,59.0,0.1475,0,0.75,90,0,2
595,1.05769230769,0,0,960.1166666666667,25.905,59.0,0.155,0,0.75,90,0,2
595,0.892307692308,0,0,960.6333333333333,25.905,59.0,0.0625,0,0.6900000000000013,90,0,0
590,0.707692307692,0,0,961.1333333333333,25.9375,58.75,0.0625,0,0.6799999999999997,90,0,0
590,0.557692307692,0,0,961.65,25.9225,58.5,0.0675,0,0.620000000000001,90,0,1
595,0.492307692308,1,0,962.1666666666666,25.92,58.25,0.0825,1,0.75,90,0,2
595,0.365384615385,1,0,962.6666666666666,25.9225,58.25,0.1775,1,0.8200000000000003,90,0,2
595,0.273076923077,0,0,963.1833333333333,25.9375,58.0,0.08249999999999999,0,0.6799999999999997,89,0,2
595,0.219230769231,0,0,964.2,25.92,57.75,0.065,0,0.75,90,0,0
595,0.157692307692,1,0,964.7166666666667,25.905,57.5,0.0775,1,0.6900000000000013,89,0,2
605,0.230769230769,1,0,965.2166666666667,25.92,57.0,0.0925,1,0.75,89,0,2
605,0.292307692308,1,0,965.7333333333333,25.92,57.0,0.2825,1,0.75,89,0,2
605,0.342307692308,1,0,966.25,25.92,57.25,1.0624999999999998,1,0.75,90,0,2
600,0.334615384615,0,0,966.75,25.9375,56.75,0.255,0,0.8200000000000003,90,0,2
595,0.273076923077,0,0,967.2666666666667,25.92,56.5,0.065,0,0.75,89,0,0
595,0.157692307692,0,0,967.7833333333333,25.92,56.0,0.0875,0,0.75,90,0,2
595,0.134615384615,0,0,968.2833333333333,25.9375,56.0,0.075,0,0.8200000000000003,90,0,2
595,0.161538461538,0,0,968.8,25.92,55.75,0.1025,0,0.75,89,0,2
600,0.238461538462,0,0,969.3,25.92,56.0,0.105,0,0.75,90,0,2
605,0.311538461538,0,0,969.8166666666667,25.92,56.0,0.0675,0,0.75,90,0,1
605,0.376923076923,0,0,970.3333333333334,25.92,56.0,0.065,0,0.75,90,0,0
605,0.434615384615,0,0,970.8333333333334,25.9375,55.75,0.08,0,0.8200000000000003,89,0,2
605,0.484615384615,1,0,971.35,25.9375,55.75,0.085,1,0.8200000000000003,90,0,2
605,0.476923076923,1,0,971.8666666666667,25.9525,55.75,0.065,1,0.8800000000000026,90,0,0
615,0.6,1,0,972.3666666666667,25.905,55.5,0.0925,1,0.75,89,0,2
610,0.661538461538,1,0,972.8833333333333,25.92,55.25,0.065,1,0.75,89,0,0
615,0.757692307692,0,0,973.4,25.92,55.0,0.065,0,0.75,89,0,0
620,0.884615384615,0,0,973.9,25.92,54.5,0.0625,0,0.75,91,0,0
615,0.896153846154,0,0,974.4166666666666,25.9375,54.25,0.0675,0,0.6799999999999997,90,0,1
610,0.842307692308,0,0,974.9166666666666,25.92,54.0,0.07250000000000001,0,0.75,90,0,1
615,0.869230769231,0,0,975.4333333333333,25.9225,53.75,0.06,0,0.6799999999999997,91,0,0
605,0.788461538462,0,0,975.95,25.9375,53.75,0.1075,0,0.75,91,0,2
610,0.746153846154,1,0,976.45,25.92,53.5,0.29500000000000004,1,0.75,90,0,2
610,0.692307692308,0,0,976.9666666666667,25.92,53.5,0.0825,0,0.75,90,0,2
610,0.626923076923,0,0,977.4833333333333,25.92,53.75,0.0625,0,0.75,91,0,0
620,0.742307692308,0,0,977.9833333333333,25.92,53.5,0.14,0,0.75,90,0,2
620,0.846153846154,0,0,978.5,25.92,53.25,0.0675,0,0.75,91,0,1
620,0.938461538462,0,0,979.0,25.92,52.75,0.085,0,0.75,91,0,2
615,0.923076923077,0,0,979.5166666666667,25.9375,52.5,0.0625,0,0.8200000000000003,91,0,0
620,0.892307692308,0,0,980.0333333333333,25.905,52.5,0.065,0,0.75,93,0,0
625,0.888461538462,1,0,980.5333333333333,25.92,52.25,0.24000000000000002,1,0.75,92,0,2
615,0.769230769231,0,0,981.05,25.92,52.0,0.065,0,0.75,92,0,0
620,0.680769230769,0,0,981.5666666666667,25.9225,51.75,0.0575,0,0.620000000000001,92,0,0
620,0.623076923077,0,0,982.0666666666667,25.9375,51.5,0.06,0,0.6799999999999997,92,0,0
620,0.6,0,0,982.5833333333334,25.92,50.75,0.0825,0,0.75,92,0,2
620,0.565384615385,0,0,983.1,25.9375,50.75,0.057499999999999996,0,0.8200000000000003,92,0,0
620,0.519230769231,0,0,983.6,25.9225,51.0,0.0625,0,0.6900000000000013,93,0,0
615,0.415384615385,1,0,984.1166666666667,25.92,50.25,0.20500000000000002,1,0.75,93,0,2
620,0.35,0,0,984.6166666666667,25.9225,50.5,0.14250000000000002,0,0.75,94,0,2
615,0.326923076923,1,0,985.1333333333333,25.9375,50.25,0.18,1,0.75,93,0,2
615,0.253846153846,1,0,985.65,25.9375,50.0,0.52,1,0.75,93,0,2
615,0.226923076923,0,0,986.15,25.92,49.75,0.065,0,0.75,94,0,0
620,0.296153846154,0,0,986.6666666666666,25.955,49.75,0.065,0,0.8200000000000003,94,0,0
625,0.361538461538,1,0,987.1833333333333,25.9225,49.75,0.0825,1,0.75,94,0,2
630,0.415384615385,1,0,987.6833333333333,25.9225,49.75,0.1225,1,0.8200000000000003,94,0,2
630,0.503846153846,1,1,988.2,25.9375,49.75,0.1725,2,0.75,94,0,2
625,0.434615384615,0,1,988.7166666666667,25.939999999999998,49.5,0.2625,1,0.8200000000000003,94,0,2
625,0.4,0,0,989.2166666666667,25.939999999999998,49.75,0.1275,0,0.8200000000000003,94,0,2
625,0.353846153846,1,0,989.7333333333333,25.9225,49.5,0.14,1,0.75,93,0,2
625,0.296153846154,1,0,990.2333333333333,25.92,49.75,0.2,1,0.75,93,0,2
625,0.326923076923,1,1,990.75,25.9375,84.75,0.64,2,0.8200000000000003,145,0,2
625,0.353846153846,1,1,991.2666666666667,25.905,85.5,1.0425,2,0.6900000000000013,145,0,2
615,0.284615384615,1,1,992.2833333333333,25.939999999999998,96.0,1.005,2,0.620000000000001,188,0,2
615,0.169230769231,1,1,992.8,25.9225,95.75,1.06,2,0.6900000000000013,190,0,2
615,0.103846153846,1,1,993.3,25.97,94.0,1.2950000000000002,2,0.6799999999999997,180,0,2
620,0.138461538462,1,0,993.8166666666667,25.9375,94.75,1.2950000000000002,1,0.75,183,0,2
620,0.0769230769231,1,0,994.3333333333334,25.9525,92.75,0.455,1,0.6799999999999997,175,0,2
625,0.107692307692,1,1,994.8333333333334,25.955,93.25,0.9175,2,0.6799999999999997,179,0,2
625,0.134615384615,0,0,995.35,25.939999999999998,92.25,1.1725,0,0.620000000000001,176,0,2
635,0.25,0,0,995.85,25.939999999999998,92.0,1.3575,0,0.620000000000001,176,0,2
630,0.307692307692,0,0,996.3666666666667,25.939999999999998,91.5,0.855,0,0.620000000000001,173,0,2
630,0.357692307692,0,0,996.8833333333333,25.939999999999998,92.0,0.16250000000000003,0,0.620000000000001,175,0,2
630,0.35,0,0,997.3833333333333,25.939999999999998,91.75,0.26,0,0.620000000000001,174,0,2
630,0.380769230769,1,0,997.9,25.939999999999998,90.75,0.425,1,0.620000000000001,173,0,2
630,0.353846153846,1,1,998.4166666666666,25.939999999999998,91.25,0.4275,2,0.620000000000001,174,0,2
625,0.269230769231,1,0,998.9166666666666,25.955,91.0,0.6650000000000001,1,0.5599999999999987,174,0,2
630,0.223076923077,1,0,999.4333333333333,25.955,90.5,0.4275,1,0.5599999999999987,172,0,2
625,0.169230769231,1,0,999.95,25.955,90.0,0.46749999999999997,1,0.5599999999999987,172,0,2
630,0.207692307692,1,1,1000.45,25.955,90.0,0.6125,2,0.5599999999999987,171,0,2
625,0.246153846154,1,1,1000.9666666666667,25.939999999999998,89.5,0.165,2,0.5,170,0,2
630,0.334615384615,0,0,1001.4666666666667,25.97,89.25,0.0775,0,0.5,169,0,2
630,0.373076923077,0,0,1001.9833333333333,25.955,89.0,0.2425,0,0.5599999999999987,171,0,2
635,0.453846153846,1,0,1002.5,25.955,89.0,0.11,1,0.4400000000000013,170,0,2
635,0.526923076923,0,0,1003.0,25.987499999999997,89.5,0.1025,0,0.6899999999999977,173,0,2
640,0.638461538462,0,1,1003.5166666666667,25.985,88.5,0.8424999999999999,1,0.5599999999999987,169,0,2
645,0.784615384615,0,0,1004.0333333333333,25.985,88.25,0.1575,0,0.5599999999999987,170,0,2
645,0.915384615385,0,0,1004.5333333333333,25.97,88.25,0.15500000000000003,0,0.5,170,0,2
645,0.930769230769,1,0,1005.05,25.97,88.25,0.25,1,0.5,170,0,2
655,1.01538461538,0,0,1005.55,25.97,88.25,0.08,0,0.5,170,0,2
655,1.06923076923,0,0,1006.0666666666667,25.97,88.0,0.13,0,0.5,169,0,2
655,1.14230769231,1,0,1006.5833333333334,25.97,87.75,0.175,1,0.5,168,0,2
650,1.14230769231,0,0,1007.0833333333334,25.97,88.0,0.24250000000000002,0,0.5,169,0,2
665,1.30769230769,0,0,1007.6,25.97,87.75,0.2975,0,0.5,168,0,2
660,1.39615384615,1,1,1008.1166666666667,25.985,87.75,0.5075,2,0.5599999999999987,168,0,2
670,1.65,0,1,1008.6166666666667,25.97,87.75,0.945,1,0.5,168,0,2
670,1.82692307692,0,1,1009.1333333333333,25.97,87.0,0.21250000000000002,1,0.6199999999999974,167,0,2
670,1.97307692308,0,1,1009.65,25.97,86.75,0.085,1,0.6199999999999974,167,0,2
675,2.13461538462,0,1,1010.15,25.97,86.75,0.125,1,0.6199999999999974,167,0,2
680,2.30769230769,0,1,1010.6666666666666,25.985,87.25,0.6825000000000001,1,0.5599999999999987,169,0,2
680,2.44230769231,0,1,1011.1666666666666,26.0,86.0,0.515,1,0.5599999999999987,167,0,2
680,2.48846153846,0,1,1011.6833333333333,26.0,86.25,0.4425,1,0.5599999999999987,167,0,2
685,2.58846153846,0,1,1012.2,25.985,86.0,0.585,1,0.6199999999999974,167,0,2
690,2.64230769231,0,0,1012.7,25.97,86.0,0.7325,0,0.6199999999999974,167,0,2
690,2.69615384615,0,1,1013.2166666666667,25.97,86.0,1.2925,1,0.6199999999999974,169,0,2
690,2.65384615385,0,1,1013.7333333333333,26.0,85.75,0.6499999999999999,1,0.5599999999999987,168,0,2
690,2.61153846154,1,0,1014.2333333333333,25.97,86.5,1.345,1,0.5,171,0,2
690,2.52307692308,0,1,1014.75,25.985,86.0,0.425,1,0.5,171,0,2
695,2.48461538462,0,0,1015.2666666666667,25.985,86.0,1.325,0,0.5,171,0,2
700,2.44615384615,1,0,1015.7666666666667,25.985,85.75,0.1925,1,0.5,170,0,2
700,2.40769230769,0,0,1016.2833333333333,25.97,86.25,0.16,0,0.5,172,0,2
700,2.37307692308,1,1,1016.7833333333333,25.985,85.5,1.7125000000000001,2,0.5,169,0,2
700,2.29615384615,1,1,1017.3,26.0,85.0,1.0725,2,0.5599999999999987,169,0,2
710,2.26923076923,0,0,1017.8166666666667,25.985,84.75,0.355,0,0.5,169,0,2
710,2.29230769231,1,0,1018.3166666666667,26.0,85.0,0.10500000000000001,1,0.5599999999999987,169,0,2
710,2.27307692308,1,1,1018.8333333333334,26.0,85.25,0.2925,2,0.5599999999999987,170,0,2
710,2.21153846154,0,1,1019.35,26.0,85.0,0.14,1,0.5599999999999987,169,0,2
705,2.01153846154,1,1,1020.3666666666667,26.0,84.75,0.215,2,0.5599999999999987,170,0,2
715,2.01153846154,0,1,1020.8833333333333,25.985,84.25,0.4925,1,0.5,168,0,2
715,1.92307692308,1,1,1021.3833333333333,26.0,84.5,1.5399999999999998,2,0.5599999999999987,169,0,2
715,1.89230769231,0,1,1021.9,25.985,84.25,0.28250000000000003,1,0.5,168,0,2
720,1.87307692308,1,0,1022.4,25.985,84.25,0.065,1,0.5,169,0,0
720,1.81538461538,0,1,1022.9166666666666,26.0175,84.75,0.0675,1,0.629999999999999,170,0,1
720,1.76923076923,0,1,1023.4333333333333,26.0,85.0,0.07750000000000001,1,0.5599999999999987,170,0,2
725,1.78461538462,0,1,1023.9333333333333,26.0,84.0,0.07250000000000001,1,0.5599999999999987,168,0,1
725,1.76538461538,0,1,1024.45,25.985,83.75,0.115,1,0.5599999999999987,167,0,2
725,1.71153846154,1,1,1024.9666666666667,26.0,83.5,0.9325,2,0.5599999999999987,168,0,2
730,1.71923076923,0,1,1025.4666666666667,25.985,83.5,0.21250000000000002,1,0.5599999999999987,168,0,2
725,1.69615384615,0,1,1025.9833333333333,26.0,83.25,0.7625,1,0.5599999999999987,168,0,2
725,1.64615384615,1,0,1026.4833333333333,26.0175,83.25,0.065,1,0.629999999999999,168,0,0
730,1.61538461538,0,1,1027.0,26.0,83.25,0.08750000000000001,1,0.5599999999999987,168,0,2
730,1.55384615385,0,1,1027.5166666666667,26.0,83.25,0.3975,1,0.5599999999999987,167,0,2
730,1.46153846154,0,1,1028.0166666666667,25.985,83.25,1.245,1,0.6199999999999974,168,0,2
735,1.43461538462,0,1,1028.5333333333333,26.0,83.0,0.85,1,0.5599999999999987,168,0,2
735,1.42692307692,1,1,1029.05,26.0,82.75,1.2025000000000001,2,0.5599999999999987,168,0,2
735,1.39230769231,0,1,1029.55,26.0,82.75,0.06,1,0.5599999999999987,168,0,0
735,1.33076923077,0,0,1030.0666666666666,26.0,82.75,0.1125,0,0.5599999999999987,168,0,2
740,1.28846153846,0,1,1030.5833333333333,26.0,82.75,0.6224999999999999,1,0.5599999999999987,168,0,2
740,1.31538461538,1,0,1031.0833333333333,26.0,82.75,0.10500000000000001,1,0.5599999999999987,168,0,2
740,1.31923076923,0,0,1031.6,26.0175,82.75,1.065,0,0.629999999999999,168,0,2
745,1.34615384615,0,0,1032.1,26.0325,82.75,0.0725,0,0.629999999999999,168,0,1
745,1.34615384615,0,1,1032.6166666666666,26.0325,82.75,0.0625,1,0.629999999999999,168,0,0
750,1.31538461538,0,1,1033.1333333333334,26.015,82.75,0.0625,1,0.5599999999999987,168,0,0
750,1.35,1,1,1033.6333333333334,26.015,82.5,0.7174999999999999,2,0.5599999999999987,169,0,2
745,1.31153846154,0,1,1034.15,26.015,82.25,0.2725,1,0.5599999999999987,168,0,2
745,1.25,0,1,1034.6666666666667,26.0325,82.25,0.0675,1,0.629999999999999,168,0,1
745,1.21538461538,0,1,1035.1666666666667,26.0475,82.25,0.15000000000000002,1,0.6900000000000013,168,0,2
750,1.20769230769,0,1,1035.6833333333334,26.0475,82.5,1.2775,1,0.6900000000000013,169,0,2
750,1.17692307692,1,1,1036.2,26.0175,82.25,0.7,2,0.629999999999999,168,0,2
750,1.17307692308,0,1,1036.7,26.03,82.0,0.0625,1,0.5,167,0,0
750,1.15,0,1,1037.2166666666667,26.015,81.75,0.10250000000000001,1,0.5599999999999987,166,0,2
755,1.15384615385,0,0,1037.7166666666667,26.0,82.0,0.06,0,0.5599999999999987,167,0,0
760,1.23076923077,0,0,1038.2333333333333,26.015,81.5,0.065,0,0.5599999999999987,168,0,0
755,1.18846153846,0,1,1038.75,26.015,81.75,2.3899999999999997,1,0.5599999999999987,168,0,2
760,1.16923076923,0,1,1039.25,26.015,81.25,0.13,1,0.5599999999999987,167,0,2
760,1.17307692308,0,1,1039.7666666666667,26.0325,81.25,0.07250000000000001,1,0.629999999999999,167,0,1
765,1.2,1,1,1040.2833333333333,26.0325,81.25,0.5475,2,0.629999999999999,167,0,2
765,1.2,1,1,1040.7833333333333,26.015,81.5,1.3199999999999998,2,0.5599999999999987,168,0,2
770,1.26923076923,1,1,1041.3,26.015,81.25,1.3475,2,0.5599999999999987,167,0,2
770,1.31153846154,1,1,1041.8166666666666,26.015,81.25,1.3125000000000002,2,0.5599999999999987,167,0,2
770,1.32692307692,1,1,1042.3166666666666,26.015,81.0,0.30999999999999994,2,0.5599999999999987,166,0,2
775,1.36153846154,0,1,1042.8333333333333,26.015,81.25,0.1125,1,0.5599999999999987,167,0,2
775,1.41538461538,0,1,1043.3333333333333,26.03,81.0,0.1275,1,0.5,166,0,2
775,1.44230769231,0,0,1043.85,26.015,80.75,0.0725,0,0.5599999999999987,165,0,1
785,1.53461538462,0,0,1044.3666666666666,26.03,81.0,0.07,0,0.5,166,0,1
790,1.68846153846,0,1,1044.8666666666666,26.0,81.0,1.0175,1,0.5599999999999987,166,0,2
795,1.85384615385,0,1,1045.3833333333334,26.015,81.0,2.3949999999999996,1,0.5599999999999987,166,0,2
800,2.07692307692,0,1,1045.9,26.015,81.0,0.10250000000000001,1,0.5599999999999987,166,1,2
800,2.26153846154,1,1,1046.4,26.0,80.75,1.3625,2,0.5599999999999987,165,1,2
795,2.31153846154,1,1,1046.9166666666667,26.015,80.75,0.76,2,0.5599999999999987,165,0,2
795,2.32307692308,0,1,1047.4166666666667,26.03,80.75,0.5375,1,0.5,165,0,2
795,2.29615384615,0,1,1047.9333333333334,26.015,80.75,0.065,1,0.5599999999999987,165,0,0
795,2.28076923077,0,1,1048.45,26.03,81.0,0.08750000000000001,1,0.5,166,0,2
790,2.18461538462,1,1,1048.95,26.015,81.0,1.4275,2,0.5599999999999987,166,0,2
800,2.15,1,1,1049.4666666666667,26.015,81.0,0.805,2,0.5599999999999987,166,1,2
805,2.12307692308,1,1,1049.9833333333333,26.015,80.5,0.105,2,0.5599999999999987,166,1,2
805,2.10384615385,1,1,1050.4833333333333,26.03,81.0,0.615,2,0.5,167,1,2
805,2.09615384615,1,1,1051.0,26.03,80.75,0.43,2,0.5,167,1,2
800,1.95769230769,1,1,1051.5166666666667,26.0475,81.5,0.7150000000000001,2,0.5599999999999987,168,1,2
805,1.88076923077,0,1,1052.0166666666667,26.0625,81.5,0.15500000000000003,1,0.5,168,1,2
810,1.81538461538,1,1,1052.5333333333333,26.0475,81.75,0.165,2,0.5,169,1,2
810,1.76153846154,0,1,1053.0333333333333,26.0325,81.5,0.2375,1,0.4400000000000013,168,1,2
810,1.67307692308,1,1,1053.55,26.0175,81.75,1.3399999999999999,2,0.5,169,1,2
815,1.64615384615,1,1,1054.0666666666666,26.0475,133.5,1.9625000000000001,2,0.5,189,1,2
815,1.58461538462,1,1,1054.5666666666666,26.08,141.25,1.105,2,0.370000000000001,214,1,2
820,1.53461538462,1,1,1055.0833333333333,26.05,144.5,0.21,2,0.370000000000001,225,1,2
825,1.54230769231,0,1,1055.6,26.0325,146.0,0.4025000000000001,1,0.4400000000000013,230,1,2
830,1.55769230769,0,0,1056.1,26.0625,146.0,0.1225,0,0.5,230,1,2
825,1.48461538462,1,1,1056.6166666666666,26.0625,146.0,1.2049999999999998,2,0.5,230,1,2
830,1.51923076923,0,1,1057.1333333333334,26.08,145.5,0.235,1,0.4299999999999997,229,1,2
830,1.56923076923,1,1,1057.6333333333334,26.08,145.5,0.38749999999999996,2,0.4299999999999997,229,1,2
835,1.68461538462,1,1,1058.15,26.0625,145.5,0.11,2,0.5,228,1,2
835,1.81923076923,1,1,1058.65,26.0975,145.25,0.10250000000000001,2,0.5,228,1,2
830,1.88076923077,0,1,1059.1666666666667,26.095,145.25,0.14250000000000002,1,0.4299999999999997,228,1,2
830,1.86923076923,0,1,1059.6833333333334,26.095,145.25,0.125,1,0.4299999999999997,228,1,2
830,1.83076923077,1,0,1060.1833333333334,26.112499999999997,145.0,0.125,1,0.5,227,1,2
830,1.76538461538,1,1,1060.7,26.080000000000002,145.25,1.9125,2,0.4299999999999997,227,1,2
825,1.62692307692,1,1,1061.2166666666667,26.08,145.0,0.3125,2,0.4299999999999997,227,1,2
820,1.36923076923,0,0,1061.7166666666667,26.08,144.75,0.105,0,0.4299999999999997,226,1,2
820,1.18846153846,1,0,1062.2333333333333,26.08,144.5,0.06,1,0.4299999999999997,227,1,0
820,1.04230769231,1,1,1062.75,26.080000000000002,144.5,1.1075,2,0.4299999999999997,227,1,2
830,0.976923076923,1,1,1063.25,26.097499999999997,144.25,1.2075,2,0.5,227,1,2
835,0.938461538462,1,1,1063.7666666666667,26.097499999999997,144.0,0.895,2,0.5,226,1,2
840,0.873076923077,0,1,1064.2666666666667,26.097499999999997,143.75,0.125,1,0.5,226,1,2
845,0.873076923077,1,1,1064.7833333333333,26.0825,144.0,0.42250000000000004,2,0.5,226,1,2
850,0.938461538462,0,1,1065.3,26.112499999999997,145.0,0.08,1,0.5,228,1,2
860,1.06538461538,1,1,1065.8,26.112499999999997,145.0,0.9349999999999999,2,0.5,228,1,2
860,1.15384615385,0,1,1066.3166666666666,26.080000000000002,144.5,0.9275000000000001,1,0.4299999999999997,227,1,2
860,1.25384615385,0,1,1066.8333333333333,26.095,144.75,0.08750000000000001,1,0.4299999999999997,227,1,2
860,1.31923076923,0,1,1067.3333333333333,26.080000000000002,144.75,0.060000000000000005,1,0.4299999999999997,227,1,0
860,1.4,0,0,1067.85,26.08,144.5,0.9274999999999999,0,0.4299999999999997,227,1,2
855,1.45384615385,1,1,1068.3666666666666,26.11,144.25,0.9775,2,0.36999999999999744,226,1,2
860,1.58076923077,1,1,1068.8666666666666,26.127499999999998,144.25,0.8225,2,0.4399999999999977,226,1,2
865,1.68076923077,1,1,1069.3833333333334,26.11,144.5,0.15250000000000002,2,0.36999999999999744,226,1,2
865,1.8,0,0,1069.8833333333334,26.112499999999997,144.25,0.205,0,0.5,226,1,2
870,1.93846153846,1,1,1070.4,26.1425,143.75,0.085,2,0.5,225,1,2
870,2.09615384615,1,1,1070.9166666666667,26.127499999999998,143.25,0.6174999999999999,2,0.5,224,1,2
875,2.27307692308,1,1,1071.4166666666667,26.22,143.25,0.5375000000000001,2,0.5,224,1,2
880,2.41538461538,1,1,1071.9333333333334,26.2675,144.0,1.3775000000000002,2,0.5599999999999987,225,1,2
885,2.56538461538,0,1,1072.45,26.3125,143.75,0.18,1,0.8099999999999987,225,1,2
890,2.71923076923,1,1,1072.95,26.377499999999998,143.5,0.2075,2,1.120000000000001,225,1,2
895,2.87307692308,0,1,1073.4666666666667,26.424999999999997,143.0,0.07,1,1.1899999999999977,224,1,1
890,2.88076923077,1,1,1074.4833333333333,26.5,143.25,0.73,2,1.6799999999999997,224,1,2
890,2.78846153846,1,1,1075.0,26.5175,142.75,0.38,2,1.5599999999999987,225,1,2
890,2.64230769231,1,0,1075.5,26.439999999999998,143.0,0.33,1,1.1899999999999977,224,1,2
890,2.44230769231,1,1,1076.0166666666667,26.377499999999998,142.5,0.48000000000000004,2,1.120000000000001,225,1,2
895,2.33461538462,1,1,1076.5333333333333,26.345,143.0,0.1175,2,0.8699999999999974,225,1,2
895,2.22692307692,0,1,1077.0333333333333,26.345,142.75,0.08750000000000001,1,0.8099999999999987,225,1,2
900,2.16923076923,1,1,1077.55,26.299999999999997,142.5,1.7,2,0.6899999999999977,224,1,2
905,2.16153846154,1,1,1078.0666666666666,26.2825,142.0,1.54,2,0.6199999999999974,224,1,2
905,2.15769230769,1,1,1078.5666666666666,26.3125,143.0,0.9475,2,0.5599999999999987,225,1,2
920,2.35,1,1,1079.0833333333333,26.2675,142.75,0.4125,2,0.5599999999999987,225,1,2
930,2.58846153846,1,1,1079.5833333333333,26.2825,142.75,0.515,2,0.5599999999999987,225,1,2
935,2.81923076923,1,0,1080.1,26.2825,142.75,0.215,1,0.5599999999999987,225,1,2
940,3.03846153846,1,1,1080.6166666666666,26.2675,142.75,1.2725,2,0.5,225,1,2
950,3.28846153846,1,1,1081.6333333333334,26.2675,143.0,0.64,2,0.5,225,1,2
955,3.46538461538,1,1,1082.15,26.2825,143.0,0.39499999999999996,2,0.4400000000000013,225,1,2
960,3.66153846154,0,1,1082.65,26.252499999999998,143.25,0.135,1,0.4399999999999977,226,1,2
965,3.87692307692,0,0,1083.1666666666667,26.2675,143.75,0.59,0,0.379999999999999,226,1,2
965,4.01538461538,0,0,1083.6833333333334,26.2675,143.0,1.4325,0,0.5,225,1,2
970,4.17307692308,1,0,1084.1833333333334,26.235,142.5,0.2675,1,0.4399999999999977,224,1,2
975,4.3,0,0,1084.7,26.2675,142.25,1.1524999999999999,0,0.379999999999999,224,1,2
970,4.35,0,0,1085.2,26.2825,142.25,0.23,0,0.4400000000000013,224,1,2
975,4.42307692308,1,0,1085.7166666666667,26.2825,142.25,0.5275,1,0.4400000000000013,224,1,2
975,4.47307692308,1,0,1086.2333333333333,26.2825,142.5,0.2525,1,0.4400000000000013,224,1,2
980,4.55,1,0,1086.7333333333333,26.2975,142.5,0.385,1,0.4400000000000013,224,1,2
985,4.65384615385,1,0,1087.25,26.2825,142.75,0.40249999999999997,1,0.4400000000000013,225,1,2
985,4.63846153846,0,0,1087.7666666666667,26.252499999999998,142.25,0.5675,0,0.379999999999999,224,1,2
985,4.55,1,1,1088.2666666666667,26.252499999999998,142.5,0.7150000000000001,2,0.379999999999999,224,1,2
995,4.48076923077,1,1,1088.7833333333333,26.25,142.25,0.7274999999999999,2,0.379999999999999,224,1,2
995,4.33076923077,0,1,1089.3,26.2825,142.5,1.37,1,0.3200000000000003,224,1,2
995,4.15,0,1,1089.8,26.2675,142.25,0.655,1,0.3200000000000003,224,1,2
995,3.89230769231,1,1,1090.3166666666666,26.25,142.5,1.175,2,0.379999999999999,224,1,2
995,3.60769230769,1,0,1091.3333333333333,26.2675,142.5,0.7325,1,0.379999999999999,224,1,2
1000,3.34615384615,0,0,1091.85,26.235,142.5,0.07,0,0.379999999999999,224,1,1
1000,3.01153846154,0,0,1092.35,26.2675,143.0,0.07,0,0.379999999999999,225,1,1
1010,2.84615384615,1,1,1092.8666666666666,26.25,142.5,0.12250000000000001,2,0.379999999999999,224,2,2
1015,2.75769230769,1,1,1093.3833333333334,26.252499999999998,142.75,0.3775,2,0.379999999999999,224,2,2
1015,2.65384615385,1,1,1093.8833333333334,26.235,143.0,1.3775,2,0.379999999999999,225,2,2
1015,2.53846153846,1,1,1094.4,26.2175,142.75,0.8400000000000001,2,0.3099999999999987,224,2,2
1015,2.46538461538,1,1,1094.9166666666667,26.265,142.75,1.8075,2,0.4400000000000013,224,2,2
1025,2.48461538462,0,1,1095.4166666666667,26.25,142.5,0.375,1,0.379999999999999,224,2,2
1025,2.5,1,1,1095.9333333333334,26.252499999999998,142.5,0.4125,2,0.379999999999999,224,2,2
1025,2.51538461538,1,1,1096.4333333333334,26.25,143.0,0.4475,2,0.379999999999999,225,2,2
1025,2.48461538462,0,0,1096.95,26.2675,143.0,0.3175,0,0.379999999999999,224,2,2
1030,2.50384615385,0,1,1097.4666666666667,26.2975,143.0,0.16999999999999998,1,0.5,224,2,2
1040,2.61923076923,0,1,1097.9666666666667,26.2675,142.5,0.44999999999999996,1,0.4400000000000013,224,2,2
1035,2.58846153846,0,1,1098.4833333333333,26.237499999999997,143.0,1.2999999999999998,1,0.4399999999999977,224,2,2
1035,2.55769230769,0,1,1099.0,26.252499999999998,142.25,0.7899999999999999,1,0.4399999999999977,224,2,2
1045,2.57307692308,1,1,1099.5,26.25,142.5,0.225,2,0.379999999999999,224,2,2
1050,2.63076923077,0,1,1100.0166666666667,26.252499999999998,142.25,1.4324999999999999,1,0.379999999999999,224,2,2
1055,2.73076923077,0,1,1100.5333333333333,26.2825,142.0,1.0875,1,0.5,224,2,2
1055,2.77692307692,0,0,1101.0333333333333,26.25,142.75,0.5175000000000001,0,0.4400000000000013,224,2,2
1060,2.81538461538,1,0,1101.55,26.235,142.5,0.8124999999999999,1,0.379999999999999,224,2,2
1060,2.89615384615,0,1,1102.05,26.235,142.5,0.2825,1,0.379999999999999,224,2,2
1055,2.88076923077,0,1,1102.5666666666666,26.25,142.75,0.4175,1,0.4400000000000013,224,2,2
1055,2.81923076923,1,1,1103.0833333333333,26.2975,142.75,0.24000000000000002,2,0.4400000000000013,224,2,2
1060,2.75769230769,0,0,1103.5833333333333,26.252499999999998,143.25,0.7625,0,0.379999999999999,225,2,2
1065,2.69230769231,1,1,1104.1,26.2675,143.25,0.6500000000000001,2,0.4400000000000013,226,2,2
1065,2.62307692308,1,1,1104.6166666666666,26.2825,143.75,0.49500000000000005,2,0.6199999999999974,225,2,2
1070,2.55,0,0,1105.1166666666666,26.345,144.0,0.16999999999999998,0,0.8699999999999974,227,2,2
1075,2.56923076923,1,1,1105.6333333333334,26.345,143.25,2.1125,2,0.75,225,2,2
1070,2.54230769231,0,1,1106.1333333333334,26.314999999999998,143.5,0.10250000000000001,1,0.6899999999999977,225,2,2
1080,2.56538461538,0,1,1106.65,26.299999999999997,143.25,0.3875,1,0.6899999999999977,224,2,2
1080,2.53846153846,1,1,1107.1666666666667,26.314999999999998,143.25,0.1825,2,0.6899999999999977,224,2,2
1085,2.50769230769,1,1,1107.6666666666667,26.2825,143.75,1.0175,2,0.6199999999999974,225,2,2
1085,2.52307692308,1,1,1108.1833333333334,26.2975,144.0,0.5625,2,0.5599999999999987,226,2,2
1080,2.44615384615,0,1,1108.7,26.2825,144.0,0.9175,1,0.6199999999999974,226,2,2
1080,2.32692307692,1,1,1109.2,26.33,144.0,0.8925,2,0.629999999999999,226,2,2
1085,2.21153846154,0,1,1109.7166666666667,26.299999999999997,144.0,0.925,1,0.6899999999999977,226,2,2
1090,2.14615384615,0,1,1110.2333333333333,26.314999999999998,144.25,0.7925,1,0.6899999999999977,225,2,2
1095,2.18076923077,0,1,1110.7333333333333,26.314999999999998,144.0,0.9650000000000001,1,0.6899999999999977,226,2,2
1105,2.21538461538,0,1,1111.25,26.314999999999998,144.0,0.5549999999999999,1,0.629999999999999,226,2,2
1105,2.19615384615,1,1,1111.75,26.299999999999997,144.0,1.355,2,0.6899999999999977,226,2,2
1105,2.22307692308,1,1,1112.2666666666667,26.33,143.75,1.18,2,0.629999999999999,225,2,2
1110,2.3,1,1,1112.7833333333333,26.2825,143.75,1.3625,2,0.6199999999999974,225,2,2
1110,2.38076923077,1,1,1113.2833333333333,26.299999999999997,143.75,1.3125,2,0.6899999999999977,225,2,2
1110,2.41923076923,1,1,1113.8,26.33,143.75,1.0275,2,0.6899999999999977,225,2,2
1105,2.41923076923,0,1,1114.3166666666666,26.299999999999997,144.0,0.95,1,0.6899999999999977,226,2,2
1100,2.33846153846,0,0,1114.8166666666666,26.314999999999998,144.0,1.1649999999999998,0,0.6899999999999977,226,2,2
1115,2.31538461538,0,1,1115.3333333333333,26.33,144.0,0.89,1,0.629999999999999,226,2,2
1115,2.24615384615,0,1,1115.85,26.33,144.0,0.2075,1,0.6899999999999977,226,2,2
1115,2.18076923077,1,1,1116.35,26.345,144.25,0.8025,2,0.629999999999999,227,2,2
1120,2.16923076923,1,1,1116.8666666666666,26.33,144.0,0.8375,2,0.6900000000000013,226,2,2
1120,2.11538461538,1,1,1117.3666666666666,26.33,144.0,0.8275000000000001,2,0.629999999999999,226,2,2
1130,2.16153846154,1,1,1117.8833333333334,26.36,138.5,1.09,2,0.5700000000000003,225,2,2
1135,2.25769230769,1,1,1118.4,26.36,143.75,0.9199999999999999,2,0.6900000000000013,225,2,2
1145,2.35,1,1,1118.9,26.36,144.0,1.2574999999999998,2,0.5700000000000003,226,2,2
1150,2.53076923077,1,1,1119.4166666666667,26.375,143.75,0.6775000000000001,2,0.6300000000000026,225,2,2
1160,2.75,0,1,1119.9333333333334,26.39,144.0,0.4825,1,0.6300000000000026,226,2,2
1160,2.95769230769,1,0,1120.4333333333334,26.375,144.0,0.795,1,0.6300000000000026,226,2,2
1165,3.15384615385,0,0,1120.95,26.345,144.5,0.4125,0,0.6900000000000013,226,2,2
1165,3.23846153846,0,0,1121.4666666666667,26.345,144.25,0.7625000000000001,0,0.5700000000000003,225,2,2
1165,3.25769230769,1,0,1121.9666666666667,26.345,143.5,1.0350000000000001,1,0.629999999999999,225,2,2
1160,3.21538461538,0,1,1122.4833333333333,26.345,143.75,0.2725,1,0.5700000000000003,225,2,2
1160,3.16538461538,0,1,1122.9833333333333,26.375,144.0,0.41000000000000003,1,0.6300000000000026,226,2,2
1155,3.06538461538,0,1,1123.5,26.33,144.25,0.275,1,0.629999999999999,226,2,2
1155,3.01923076923,0,1,1124.0166666666667,26.345,144.0,0.09,1,0.629999999999999,226,2,2
1155,2.93461538462,0,0,1124.5166666666667,26.33,144.0,0.47250000000000003,0,0.629999999999999,226,2,2
1160,2.85769230769,0,0,1125.0333333333333,26.36,144.0,0.2625,0,0.5700000000000003,226,2,2
1165,2.83461538462,0,0,1125.55,26.345,144.0,0.07,0,0.5700000000000003,226,2,1
1170,2.81538461538,1,1,1126.05,26.36,143.75,1.2525,2,0.5700000000000003,226,2,2
1170,2.75,0,1,1126.5666666666666,26.36,143.5,1.8399999999999999,1,0.5700000000000003,225,2,2
1170,2.58846153846,0,1,1127.0833333333333,26.36,143.75,0.75,1,0.5700000000000003,225,2,2
1180,2.41923076923,1,1,1127.5833333333333,26.4225,144.25,0.8675,2,0.8800000000000026,227,2,2
1185,2.38461538462,1,1,1128.1,26.455,144.5,0.49,2,1.129999999999999,228,2,2
1195,2.38846153846,1,1,1129.1166666666666,26.5325,144.5,1.255,2,1.379999999999999,228,2,2
1185,2.23846153846,0,0,1129.6333333333334,26.5625,144.75,1.03,0,1.4400000000000013,228,2,2
1195,2.17692307692,1,1,1130.1333333333334,26.61,144.25,1.885,2,1.5700000000000003,227,2,2
1200,2.10384615385,1,0,1130.65,26.5625,144.25,0.41,1,1.3800000000000026,227,2,2
1205,2.11538461538,0,0,1131.1666666666667,26.5775,144.5,0.14750000000000002,0,1.4400000000000013,228,2,2
1200,2.07307692308,0,0,1131.6666666666667,26.5625,144.5,0.4,0,1.4400000000000013,228,2,2
1200,2.08076923077,0,0,1132.1833333333334,26.5625,144.75,0.875,0,1.4400000000000013,227,2,2
1210,2.18846153846,0,0,1132.7,26.5625,144.0,0.36,0,1.4400000000000013,227,2,2
1210,2.35,0,0,1133.2,26.577499999999997,144.25,0.1825,0,1.5,227,2,2
1200,2.38076923077,1,0,1133.7166666666667,26.592499999999998,144.5,0.1,1,1.5,226,2,2
1190,2.33846153846,1,0,1134.2166666666667,26.61,144.25,0.26,1,1.5700000000000003,228,2,2
1190,2.27692307692,0,0,1134.7333333333333,26.61,145.0,0.0625,0,1.6300000000000026,229,2,0
1195,2.24230769231,1,1,1135.25,26.61,145.0,0.47750000000000004,2,1.6300000000000026,228,2,2
1200,2.18076923077,1,1,1135.75,26.625,145.0,1.5274999999999999,2,1.6900000000000013,229,2,2
1195,2.04230769231,1,1,1136.2666666666667,26.61,145.25,0.665,2,1.6300000000000026,228,2,2
1195,1.82692307692,0,1,1136.7833333333333,26.61,145.0,0.465,1,1.6300000000000026,228,2,2
1195,1.58076923077,0,0,1137.2833333333333,26.625,145.25,0.3225,0,1.6900000000000013,228,2,2
1190,1.25769230769,1,0,1137.8,26.64,145.25,0.11,1,1.6900000000000013,228,2,2
1195,1.00384615385,1,0,1138.3166666666666,26.654999999999998,145.25,0.315,1,1.75,228,2,2
1200,0.819230769231,0,0,1138.8166666666666,26.654999999999998,145.0,0.43500000000000005,0,1.75,228,2,2
1205,0.703846153846,0,0,1139.3333333333333,26.6575,144.5,0.1475,0,1.8200000000000003,228,2,2
1205,0.561538461538,0,0,1139.8333333333333,26.6725,144.75,0.3175,0,1.8800000000000026,228,2,2
1215,0.484615384615,0,1,1140.35,26.6875,144.75,0.7225,1,1.8800000000000026,229,2,2
1210,0.426923076923,1,0,1140.8666666666666,26.6875,145.5,0.5449999999999999,1,1.8800000000000026,228,2,2
1205,0.35,1,1,1141.3666666666666,26.6725,145.0,1.31,2,1.8200000000000003,228,2,2
1205,0.357692307692,1,1,1141.8833333333334,26.6575,145.25,1.3224999999999998,2,1.8200000000000003,228,2,2
1205,0.257692307692,1,1,1142.4,26.6725,144.75,1.79,2,1.9400000000000013,229,2,2
1205,0.242307692308,1,1,1142.9,26.7025,145.25,1.25,2,1.9400000000000013,228,2,2
1215,0.361538461538,1,1,1143.4166666666667,26.6875,145.5,0.645,2,1.8800000000000026,228,2,2
1215,0.519230769231,1,0,1143.9166666666667,26.7025,145.25,0.8775,1,1.9400000000000013,228,2,2
1215,0.619230769231,1,0,1144.4333333333334,26.705,145.0,0.3125,1,1.8800000000000026,229,2,2
1225,0.8,0,0,1144.95,26.6875,145.0,0.4775,0,1.8800000000000026,228,2,2
1220,1.01538461538,0,0,1145.45,26.7025,145.25,0.665,0,1.9400000000000013,228,2,2
1225,1.26923076923,1,1,1145.9666666666667,26.6875,145.25,1.7225000000000001,2,1.8800000000000026,228,2,2
1220,1.36538461538,1,1,1146.4833333333333,26.6875,145.0,1.0474999999999999,2,1.8800000000000026,228,2,2
1220,1.34615384615,1,1,1146.9833333333333,26.6725,145.25,1.54,2,1.8200000000000003,228,2,2
1225,1.35,0,0,1147.5,26.6875,145.25,0.3925,0,1.8800000000000026,229,2,2
1220,1.33076923077,0,0,1148.0166666666667,26.6725,145.25,0.0675,0,1.8800000000000026,228,2,1
1220,1.34230769231,0,0,1148.5166666666667,26.705,145.25,0.215,0,1.9400000000000013,228,2,2
1220,1.28846153846,0,0,1149.0333333333333,26.6725,144.75,0.5075000000000001,0,1.8800000000000026,229,2,2
1220,1.21538461538,0,1,1149.5333333333333,26.6725,145.5,1.1275,1,1.8800000000000026,228,2,2
1210,1.03076923077,0,1,1150.05,26.6875,145.75,0.3575,1,1.8800000000000026,228,2,2
1210,0.784615384615,1,1,1150.5666666666666,26.6875,145.25,0.08750000000000001,2,1.8800000000000026,228,2,2
1205,0.526923076923,0,0,1151.0666666666666,26.6875,145.5,0.1375,0,1.8800000000000026,228,2,2
1205,0.311538461538,0,0,1151.5833333333333,26.6875,145.75,0.44999999999999996,0,1.8800000000000026,228,2,2
1200,0.0961538461538,0,0,1152.1,26.6725,145.25,0.4025,0,1.8200000000000003,228,2,2
1195,-0.161538461538,1,1,1152.6,26.6875,145.5,0.8125,2,1.8800000000000026,228,2,2
1200,-0.265384615385,0,1,1153.1166666666666,26.689999999999998,145.25,0.10250000000000001,1,1.8200000000000003,228,2,2
1200,-0.407692307692,0,0,1153.6333333333334,26.705,145.25,1.005,0,1.8800000000000026,228,2,2
1210,-0.5,0,0,1154.1333333333334,26.7025,145.25,0.39499999999999996,0,1.8800000000000026,228,2,2
1220,-0.503846153846,1,1,1154.65,26.6725,145.25,0.48249999999999993,2,1.8200000000000003,228,2,2
1220,-0.519230769231,1,0,1155.15,26.6875,145.75,0.855,1,1.8800000000000026,228,2,2
1225,-0.5,1,1,1155.6666666666667,26.6875,145.25,0.9475,2,1.8800000000000026,229,2,2
1220,-0.442307692308,1,1,1156.1833333333334,26.6875,144.75,0.1475,2,1.8800000000000026,229,2,2
1215,-0.434615384615,0,1,1156.6833333333334,26.735,145.25,0.54,1,2.0,228,2,2
1210,-0.473076923077,1,1,1157.2,26.735,144.75,1.625,2,2.0700000000000003,228,2,2
1210,-0.407692307692,1,1,1157.7166666666667,26.7825,144.75,1.065,2,2.120000000000001,228,2,2
1215,-0.334615384615,1,0,1158.2166666666667,26.78,144.25,0.7,1,2.1900000000000013,225,2,2
1225,-0.115384615385,1,1,1158.7333333333333,26.7825,140.75,0.865,2,2.1900000000000013,222,2,2
1215,-0.0384615384615,1,0,1159.25,26.799999999999997,138.0,0.7825,1,2.120000000000001,215,2,2
1215,0.0423076923077,1,0,1159.75,26.77,136.75,0.9975,1,2.0,215,2,2
1210,0.130769230769,1,1,1160.2666666666667,26.7825,136.75,1.0074999999999998,2,1.9299999999999997,215,2,2
1220,0.273076923077,1,1,1160.7666666666667,26.785,137.0,2.2725,2,2.0,216,2,2
1220,0.415384615385,0,1,1161.2833333333333,26.7675,137.25,0.9275,1,1.9299999999999997,216,2,2
1225,0.603846153846,1,1,1161.8,26.7375,137.5,1.0575,2,1.8100000000000023,217,2,2
1220,0.742307692308,1,1,1162.3,26.72,137.25,0.36750000000000005,2,1.870000000000001,216,2,2
1225,0.826923076923,0,1,1162.8166666666666,26.705,137.0,0.35250000000000004,1,1.8100000000000023,216,2,2
1225,0.9,1,1,1163.3333333333333,26.72,137.5,0.42250000000000004,2,1.75,216,2,2
1225,0.911538461538,1,1,1163.8333333333333,26.72,137.25,0.28500000000000003,2,1.870000000000001,216,2,2
1225,0.907692307692,0,1,1164.35,26.735,137.25,1.1625,1,1.9299999999999997,216,2,2
1225,0.838461538462,0,1,1164.8666666666666,26.72,137.5,0.5025,1,1.870000000000001,216,2,2
1235,0.792307692308,0,1,1165.3666666666666,26.735,137.0,0.4875,1,1.9299999999999997,216,2,2
1240,0.811538461538,0,0,1165.8833333333334,26.705,137.25,0.3325,0,1.8100000000000023,216,2,2
1245,0.846153846154,0,0,1166.9,26.752499999999998,138.0,0.12000000000000001,0,1.9299999999999997,217,2,2
1250,0.992307692308,0,0,1167.4166666666667,26.752499999999998,138.0,0.30000000000000004,0,2.0,217,2,2
1245,1.16153846154,0,0,1167.9166666666667,26.735,138.0,0.5700000000000001,0,1.9299999999999997,217,2,2
1250,1.35769230769,0,0,1168.4333333333334,26.735,137.75,1.235,0,1.9299999999999997,217,2,2
1260,1.67307692308,0,0,1168.95,26.72,138.0,0.0725,0,1.870000000000001,217,2,1
1265,1.95769230769,1,0,1169.45,26.752499999999998,138.25,0.19250000000000003,1,1.9299999999999997,218,2,2
1265,2.15769230769,1,1,1169.9666666666667,26.705,138.0,1.22,2,1.8100000000000023,217,2,2
1270,2.31538461538,1,1,1170.4833333333333,26.752499999999998,137.75,1.475,2,2.0,217,2,2
1255,2.28846153846,1,1,1170.9833333333333,26.755,138.0,0.6275000000000001,2,2.0,218,2,2
1245,2.18461538462,1,1,1171.5,26.785,138.0,0.755,2,2.0600000000000023,217,2,2
1245,2.15769230769,1,0,1172.0,26.785,138.5,0.3,1,1.9399999999999977,218,2,2
1265,2.2,1,1,1175.5833333333333,26.595,139.5,1.0325,2,1.5,218,2,2
1265,2.20384615385,1,1,1176.0833333333333,26.612499999999997,102.0,1.0650000000000002,2,1.4299999999999997,228,2,2
1270,2.16538461538,1,1,1176.6,26.595,0.0,0.37,2,1.370000000000001,0,2,2
1240,1.90384615385,0,0,1179.6666666666667,26.435,0.0,0.7475,0,1.0,0,2,2
1240,1.62692307692,0,0,1180.1666666666667,26.4375,0.0,0.06,0,1.0599999999999987,0,2,0
1250,1.47692307692,0,0,1180.6833333333334,26.435,0.0,0.0625,0,1.0,0,2,0
1255,1.30384615385,0,0,1181.2,26.4075,0.0,0.06,0,0.9400000000000013,0,2,0
1250,1.10769230769,0,0,1181.7,26.4075,0.0,0.06,0,0.9400000000000013,0,2,0
1245,0.846153846154,0,0,1182.2166666666667,26.3925,0.0,0.0625,0,0.879999999999999,0,2,0
1230,0.430769230769,0,0,1182.7333333333333,26.375,0.0,0.0575,0,0.879999999999999,0,2,0
1215,-0.126923076923,0,0,1183.2333333333333,26.375,0.0,0.0625,0,0.879999999999999,0,2,0
1210,-0.723076923077,0,0,1183.75,26.375,0.0,0.057499999999999996,0,0.8099999999999987,0,2,0
1205,-1.25384615385,0,0,1184.7666666666667,26.3275,0.0,0.0575,0,0.8699999999999974,0,2,0
1200,-1.75769230769,0,0,1185.2833333333333,26.3275,0.0,0.0775,0,0.75,0,2,2
1195,-2.22692307692,0,0,1185.7833333333333,26.3275,0.0,0.065,0,0.75,0,2,0
1180,-2.74615384615,0,0,1186.3,26.2825,0.0,0.0625,0,0.75,0,2,0
1175,-3.30769230769,0,0,1186.8166666666666,26.2825,0.0,0.065,0,0.75,0,2,0
1165,-3.85769230769,0,0,1187.3166666666666,26.2825,0.0,0.06,0,0.75,0,2,0
1165,-4.24230769231,0,0,1187.8333333333333,26.2825,0.0,0.0625,0,0.75,0,2,0
1165,-4.50384615385,0,0,1188.35,26.2525,0.0,0.06,0,0.6899999999999977,0,2,0
1165,-4.68846153846,0,0,1188.85,26.2525,0.0,0.0575,0,0.6899999999999977,0,2,0
1165,-4.74615384615,0,0,1189.3666666666666,26.2375,0.0,0.0675,0,0.75,0,2,1
1155,-4.96538461538,0,0,1189.8666666666666,26.2525,0.0,0.06,0,0.6899999999999977,0,2,0
1155,-5.20769230769,0,0,1190.3833333333334,26.2675,0.0,0.0625,0,0.6199999999999974,0,2,0
1150,-5.42692307692,0,0,1190.9,26.252499999999998,0.0,0.065,0,0.6799999999999997,0,2,0
1140,-5.46538461538,0,0,1191.4,26.252499999999998,0.0,0.0625,0,0.6799999999999997,0,2,0
1135,-5.45384615385,0,0,1191.9166666666667,26.2025,0.0,0.0625,0,0.6900000000000013,0,2,0
1125,-5.38461538462,0,0,1192.4333333333334,26.22,0.0,0.0625,0,0.620000000000001,0,2,0
1125,-5.50384615385,0,0,1192.9333333333334,26.22,0.0,0.06,0,0.620000000000001,0,2,0
1125,-5.53461538462,0,0,1193.45,26.205,0.0,0.06,0,0.620000000000001,0,2,0
1120,-5.42307692308,0,0,1193.9666666666667,26.175,0.0,0.0625,0,0.5600000000000023,0,2,0
1110,-5.25384615385,0,0,1194.4666666666667,26.1725,0.0,0.06,0,0.6300000000000026,0,2,0
1110,-5.02307692308,0,0,1194.9833333333333,26.1725,0.0,0.0675,0,0.6300000000000026,0,2,1
1110,-4.73461538462,0,0,1195.4833333333333,26.1725,0.0,0.05750000000000001,0,0.5700000000000003,0,2,0
1105,-4.53846153846,0,0,1196.0,26.1725,0.0,0.06,0,0.6300000000000026,0,2,0
1105,-4.39615384615,0,0,1196.5166666666667,26.1575,0.0,0.0625,0,0.6300000000000026,0,2,0
1095,-4.31153846154,0,0,1197.0166666666667,26.1725,0.0,0.06,0,0.6300000000000026,0,2,0
1085,-4.28076923077,0,0,1197.5333333333333,26.1575,0.0,0.06,0,0.6300000000000026,0,2,0
1075,-4.3,0,0,1198.05,26.1575,0.0,0.0575,0,0.6300000000000026,0,2,0
1075,-4.27307692308,0,0,1198.55,26.1425,0.0,0.060000000000000005,0,0.6300000000000026,0,2,0
1070,-4.35,0,0,1199.0666666666666,26.11,0.0,0.06,0,0.629999999999999,0,2,0
1060,-4.48461538462,0,0,1199.5833333333333,26.095,0.0,0.0575,0,0.629999999999999,0,2,0
1055,-4.67692307692,0,0,1200.0833333333333,26.112499999999997,0.0,0.0575,0,0.629999999999999,0,2,0
1055,-4.78461538462,0,0,1200.6,26.11,0.0,0.06,0,0.5,0,2,0
1045,-4.9,0,0,1201.1,26.0775,0.0,0.065,0,0.5599999999999987,0,2,0
1040,-4.96923076923,0,0,1201.6166666666666,26.107499999999998,0.0,0.06,0,0.5,0,2,0
1030,-5.03461538462,0,0,1202.1333333333334,26.107499999999998,0.0,0.05500000000000001,0,0.5,0,2,0
1035,-5.05,0,0,1202.6333333333334,26.0775,0.0,0.065,0,0.5599999999999987,0,2,0
1030,-5.01923076923,0,0,1203.15,26.092499999999998,0.0,0.060000000000000005,0,0.5,0,2,0
1030,-4.94230769231,0,0,1203.6666666666667,26.0775,0.0,0.0625,0,0.5599999999999987,0,2,0
1030,-4.87307692308,0,0,1204.1666666666667,26.107499999999998,0.0,0.06,0,0.5,0,2,0
1025,-4.81538461538,0,0,1204.6833333333334,26.0775,0.0,0.0625,0,0.5,0,2,0
1020,-4.81923076923,0,0,1205.2,26.0475,0.0,0.0625,0,0.5,0,2,0
1025,-4.69615384615,0,0,1205.7,26.0625,0.0,0.065,0,0.5,0,2,0
1020,-4.54230769231,0,0,1206.2166666666667,26.0475,0.0,0.065,0,0.5,0,2,0
1025,-4.31153846154,0,0,1206.7166666666667,26.0625,0.0,0.0575,0,0.5,0,2,0
1015,-4.2,0,0,1207.2333333333333,26.0475,0.0,0.05750000000000001,0,0.5599999999999987,0,2,0
1020,-3.96923076923,0,0,1207.75,26.0325,0.0,0.0625,0,0.4400000000000013,0,2,0
1015,-3.71538461538,0,0,1208.25,26.0325,0.0,0.06,0,0.4400000000000013,0,2,0
1010,-3.48461538462,0,0,1208.7666666666667,26.0325,0.0,0.065,0,0.4400000000000013,0,2,0
1005,-3.22692307692,0,0,1209.2833333333333,26.0325,0.0,0.065,0,0.4400000000000013,0,2,0
995,-3.08461538462,0,0,1209.7833333333333,26.002499999999998,0.0,0.0625,0,0.5,0,1,0
990,-3.01153846154,0,0,1210.3,26.0325,0.0,0.060000000000000005,0,0.4400000000000013,0,1,0
995,-2.91923076923,0,0,1210.8166666666666,26.0175,0.0,0.0625,0,0.5,0,1,0
995,-2.76538461538,0,0,1211.3166666666666,26.0175,0.0,0.05500000000000001,0,0.5,0,1,0
990,-2.64615384615,0,0,1211.8333333333333,26.0175,0.0,0.0625,0,0.5,0,1,0
985,-2.61153846154,0,0,1212.3333333333333,26.002499999999998,0.0,0.06,0,0.5,0,1,0
990,-2.52307692308,0,0,1212.85,26.002499999999998,0.0,0.06,0,0.5,0,1,0
990,-2.38461538462,0,0,1213.3666666666666,26.002499999999998,0.0,0.0575,0,0.5,0,1,0
985,-2.34230769231,0,0,1213.8666666666666,26.002499999999998,0.0,0.06,0,0.5,0,1,0
985,-2.30384615385,0,0,1214.3833333333334,25.97,0.0,0.0575,0,0.4399999999999977,0,1,0
975,-2.41538461538,0,0,1214.9,25.955000000000002,0.0,0.065,0,0.4399999999999977,0,1,0
975,-2.43461538462,0,0,1215.4,25.972499999999997,0.0,0.0625,0,0.5,0,1,0
970,-2.50384615385,0,0,1215.9166666666667,25.9575,0.0,0.0575,0,0.5,0,1,0
970,-2.52692307692,0,0,1216.4166666666667,25.9725,0.0,0.06,0,0.5600000000000023,0,1,0
965,-2.55,0,0,1216.9333333333334,25.9875,0.0,0.065,0,0.5,0,1,0
965,-2.57307692308,0,0,1217.45,25.9725,0.0,0.060000000000000005,0,0.4399999999999977,0,1,0
960,-2.64615384615,0,0,1217.95,25.9725,0.0,0.1,0,0.4399999999999977,0,1,2
950,-2.71538461538,0,0,1218.4666666666667,25.9725,0.0,0.07750000000000001,0,0.4399999999999977,0,1,2
950,-2.77692307692,0,0,1218.9833333333333,25.9575,0.0,0.0675,0,0.5,0,1,1
940,-2.82692307692,0,0,1219.4833333333333,25.9575,0.0,0.0675,0,0.5,0,1,1
945,-2.86538461538,0,0,1220.0,25.939999999999998,0.0,0.065,0,0.5,0,1,0
940,-2.84615384615,0,0,1220.5166666666667,25.9225,0.0,0.0625,0,0.4299999999999997,0,1,0
940,-2.81538461538,0,0,1221.0166666666667,25.9225,0.0,0.0625,0,0.4299999999999997,0,1,0
930,-2.86923076923,0,0,1221.5333333333333,25.939999999999998,0.0,0.06,0,0.5,0,1,0
930,-2.91153846154,0,0,1222.0333333333333,25.9225,0.0,0.0625,0,0.4299999999999997,0,1,0
925,-3.04230769231,0,0,1222.55,25.9225,0.0,0.0675,0,0.4299999999999997,0,1,1
915,-3.26153846154,0,0,1223.0666666666666,25.9225,0.0,0.0575,0,0.4299999999999997,0,1,0
910,-3.41923076923,0,0,1223.5666666666666,25.9225,0.0,0.0625,0,0.4299999999999997,0,1,0
910,-3.51153846154,0,0,1224.0833333333333,25.905,0.0,0.0625,0,0.5,0,1,0
910,-3.58846153846,0,0,1224.6,25.9075,0.0,0.055,0,0.4299999999999997,0,1,0
910,-3.65384615385,0,0,1225.1,25.89,0.0,0.06,0,0.5,0,1,0
910,-3.61153846154,0,0,1225.6166666666666,25.9075,0.0,0.06,0,0.5700000000000003,0,1,0
905,-3.55384615385,0,0,1226.1333333333334,25.905,0.0,0.06,0,0.5,0,1,0
895,-3.57307692308,0,0,1226.6333333333334,25.875,0.0,0.060000000000000005,0,0.4400000000000013,0,1,0
890,-3.56923076923,0,0,1227.15,25.875,0.0,0.060000000000000005,0,0.5,0,1,0
890,-3.59230769231,0,0,1228.1666666666667,25.875,0.0,0.0625,0,0.5,0,1,0
890,-3.55,0,0,1228.6833333333334,25.875,0.0,0.0625,0,0.5,0,1,0
885,-3.53846153846,0,0,1229.1833333333334,25.875,0.0,0.0625,0,0.5,0,1,0
880,-3.50769230769,0,0,1229.7,25.875,0.0,0.0575,0,0.5,0,1,0
880,-3.45769230769,0,0,1230.2166666666667,25.875,0.0,0.0625,0,0.5,0,1,0
875,-3.38846153846,0,0,1230.7166666666667,25.9075,0.0,0.0575,0,0.5700000000000003,0,1,0
865,-3.39230769231,0,0,1231.2333333333333,25.924999999999997,0.0,0.06,0,0.5600000000000023,0,1,0
865,-3.42307692308,0,0,1231.75,25.8925,0.0,0.0575,0,0.5700000000000003,0,1,0
860,-3.43461538462,0,0,1232.25,25.8925,0.0,0.06,0,0.5700000000000003,0,1,0
855,-3.52307692308,0,0,1232.7666666666667,25.8925,0.0,0.060000000000000005,0,0.5700000000000003,0,1,0
860,-3.45,0,0,1233.2666666666667,25.877499999999998,0.0,0.060000000000000005,0,0.629999999999999,0,1,0
855,-3.40769230769,0,0,1233.7833333333333,25.86,0.0,0.060000000000000005,0,0.5,0,1,0
850,-3.34615384615,0,0,1234.3,25.875,0.0,0.0575,0,0.5,0,1,0
850,-3.31538461538,0,0,1234.8,25.877499999999998,0.0,0.065,0,0.5700000000000003,0,1,0
840,-3.31538461538,0,0,1235.3166666666666,25.86,0.0,0.0625,0,0.5,0,1,0
840,-3.29615384615,0,0,1235.8333333333333,25.8925,0.0,0.05500000000000001,0,0.5700000000000003,0,1,0
835,-3.35769230769,0,0,1236.3333333333333,25.86,0.0,0.06,0,0.5,0,1,0
825,-3.5,0,0,1236.85,25.86,0.0,0.0575,0,0.5,0,1,0
830,-3.53076923077,0,0,1237.3666666666666,25.8575,0.0,0.0575,0,0.5,0,1,0
830,-3.5,0,0,1237.8666666666666,25.8275,0.0,0.06,0,0.5599999999999987,0,1,0
830,-3.40769230769,0,0,1238.3833333333334,25.86,0.0,0.065,0,0.5,0,1,0
820,-3.34615384615,0,0,1239.4,25.8425,0.0,0.06,0,0.5,0,1,0
825,-3.21923076923,0,0,1239.9166666666667,25.862499999999997,0.0,0.0675,0,0.629999999999999,0,1,1
825,-3.13076923077,0,0,1240.4166666666667,25.8425,0.0,0.06,0,0.5,0,1,0
820,-3.08461538462,0,0,1240.9333333333334,25.862499999999997,0.0,0.06,0,0.629999999999999,0,1,0
810,-3.07692307692,0,0,1241.45,25.845,0.0,0.0625,0,0.629999999999999,0,1,0
815,-2.96153846154,0,0,1241.95,25.8275,0.0,0.06,0,0.5599999999999987,0,1,0
810,-2.88461538462,0,0,1242.4666666666667,25.8275,0.0,0.0575,0,0.5599999999999987,0,1,0
805,-2.84615384615,0,0,1242.9833333333333,25.8275,0.0,0.0575,0,0.5599999999999987,0,1,0
800,-2.79615384615,0,0,1243.4833333333333,25.8275,0.0,0.0625,0,0.5599999999999987,0,1,0
795,-2.78076923077,0,0,1244.0,25.845,0.0,0.0575,0,0.5599999999999987,0,0,0
800,-2.75769230769,0,0,1244.5,25.845,0.0,0.065,0,0.5599999999999987,0,1,0
795,-2.73076923077,0,0,1245.0166666666667,25.7975,0.0,0.06,0,0.5,0,0,0
795,-2.7,0,0,1245.5333333333333,25.7975,0.0,0.06,0,0.5,0,0,0
795,-2.66923076923,0,0,1246.0333333333333,25.7975,0.0,0.0575,0,0.5,0,0,0
800,-2.49615384615,0,0,1246.55,25.8125,0.0,0.0575,0,0.5,0,1,0
795,-2.37307692308,0,0,1247.0666666666666,25.8125,0.0,0.057499999999999996,0,0.5599999999999987,0,0,0
795,-2.25384615385,0,0,1247.5666666666666,25.7975,0.0,0.0575,0,0.6199999999999974,0,0,0
795,-2.09230769231,0,0,1248.0833333333333,25.8125,0.0,0.0575,0,0.5599999999999987,0,0,0
795,-1.98846153846,0,0,1248.6,25.7825,0.0,0.057499999999999996,0,0.5599999999999987,0,0,0
785,-1.94230769231,0,0,1249.1,25.8125,0.0,0.0575,0,0.5599999999999987,0,0,0
780,-1.95,0,0,1249.6166666666666,25.7975,0.0,0.0575,0,0.6199999999999974,0,0,0
775,-2.06153846154,0,0,1250.1166666666666,25.7825,0.0,0.060000000000000005,0,0.5599999999999987,0,0,0
775,-2.08461538462,0,0,1250.6333333333334,25.7975,0.0,0.0575,0,0.6199999999999974,0,0,0
775,-2.06538461538,0,0,1251.15,25.7975,0.0,0.0575,0,0.5,0,0,0
770,-2.05,0,0,1251.65,25.7825,0.0,0.0575,0,0.5,0,0,0
765,-2.13461538462,0,0,1252.1666666666667,25.8125,0.0,0.0625,0,0.5599999999999987,0,0,0
770,-2.08076923077,0,0,1252.6833333333334,25.7675,0.0,0.0575,0,0.5599999999999987,0,0,0
765,-2.03076923077,0,0,1253.1833333333334,25.7825,0.0,0.060000000000000005,0,0.5599999999999987,0,0,0
765,-1.98461538462,0,0,1253.7,25.7825,0.0,0.0575,0,0.6199999999999974,0,0,0
760,-2.04230769231,0,0,1254.2,25.7975,0.0,0.06,0,0.6199999999999974,0,0,0
755,-2.05769230769,0,0,1254.7166666666667,25.7825,0.0,0.0575,0,0.6199999999999974,0,0,0
750,-2.12307692308,0,0,1255.2333333333333,25.7825,0.0,0.06,0,0.6199999999999974,0,0,0
750,-2.19230769231,0,0,1255.7333333333333,25.7975,0.0,0.060000000000000005,0,0.6199999999999974,0,0,0
755,-2.22307692308,0,0,1256.25,25.7825,0.0,0.060000000000000005,0,0.5599999999999987,0,0,0
755,-2.26923076923,0,0,1256.7666666666667,25.78,0.0,0.05750000000000001,0,0.6199999999999974,0,0,0
750,-2.28076923077,0,0,1257.2666666666667,25.7825,0.0,0.052500000000000005,0,0.5599999999999987,0,0,0
750,-2.30384615385,0,0,1257.7833333333333,25.75,0.0,0.060000000000000005,0,0.5599999999999987,0,0,0
740,-2.38461538462,0,0,1258.3,25.7675,0.0,0.0575,0,0.5,0,0,0
740,-2.42307692308,0,0,1258.8,25.75,0.0,0.0575,0,0.5599999999999987,0,0,0
735,-2.41538461538,0,0,1259.3166666666666,25.752499999999998,0.0,0.06,0,0.5,0,0,0
735,-2.40769230769,0,0,1259.8166666666666,25.75,0.0,0.0575,0,0.5599999999999987,0,0,0
735,-2.35384615385,0,0,1260.3333333333333,25.75,0.0,0.0575,0,0.5599999999999987,0,0,0
735,-2.25384615385,0,0,1260.85,25.735,0.0,0.0575,0,0.620000000000001,0,0,0
735,-2.10769230769,0,0,1261.35,25.735,0.0,0.0625,0,0.5,0,0,0
730,-2.06153846154,0,0,1261.8666666666666,25.735,0.0,0.0575,0,0.5,0,0,0
725,-2.06923076923,0,0,1262.3833333333334,25.735,0.0,0.065,0,0.5,0,0,0
720,-2.13076923077,0,0,1262.8833333333334,25.72,0.0,0.060000000000000005,0,0.5600000000000023,0,0,0
720,-2.15,0,0,1263.4,25.75,0.0,0.05750000000000001,0,0.5599999999999987,0,0,0
715,-2.17307692308,0,0,1263.9166666666667,25.72,0.0,0.0575,0,0.5600000000000023,0,0,0
715,-2.2,0,0,1264.4166666666667,25.72,0.0,0.06,0,0.5600000000000023,0,0,0
720,-2.18846153846,0,0,1264.9333333333334,25.72,0.0,0.06,0,0.5600000000000023,0,0,0
720,-2.09230769231,0,0,1265.4333333333334,25.72,0.0,0.0625,0,0.5600000000000023,0,0,0
715,-2.05384615385,0,0,1265.95,25.72,0.0,0.0625,0,0.5600000000000023,0,0,0
715,-1.97692307692,0,0,1266.4666666666667,25.705,0.0,0.0625,0,0.5,0,0,0
715,-1.91153846154,0,0,1266.9666666666667,25.705,0.0,0.06,0,0.5600000000000023,0,0,0
705,-1.95384615385,0,0,1267.4833333333333,25.735,0.0,0.060000000000000005,0,0.620000000000001,0,0,0
700,-2.05384615385,0,0,1268.0,25.72,0.0,0.057499999999999996,0,0.5600000000000023,0,0,0
700,-2.11538461538,0,0,1268.5,25.72,0.0,0.057499999999999996,0,0.5600000000000023,0,0,0
705,-2.04230769231,0,0,1269.0166666666667,25.705,0.0,0.0575,0,0.5600000000000023,0,0,0
705,-1.93076923077,0,0,1269.5333333333333,25.72,0.0,0.0625,0,0.5600000000000023,0,0,0
700,-1.87692307692,0,0,1270.0333333333333,25.72,0.0,0.06,0,0.5600000000000023,0,0,0
690,-1.87692307692,0,0,1270.55,25.72,0.0,0.0775,0,0.620000000000001,0,0,2
685,-1.97692307692,0,0,1271.05,25.705,0.0,0.0675,0,0.5600000000000023,0,0,1
685,-2.03461538462,0,0,1271.5666666666666,25.689999999999998,0.0,0.06,0,0.5600000000000023,0,0,0
680,-2.14615384615,0,0,1272.0833333333333,25.705,0.0,0.05500000000000001,0,0.5600000000000023,0,0,0
680,-2.21538461538,0,0,1272.5833333333333,25.705,0.0,0.06,0,0.5600000000000023,0,0,0
675,-2.28846153846,0,0,1273.1,25.689999999999998,0.0,0.0625,0,0.5600000000000023,0,0,0
675,-2.31538461538,0,0,1273.6166666666666,25.689999999999998,0.0,0.0625,0,0.5600000000000023,0,0,0
685,-2.20384615385,0,0,1274.1166666666666,25.689999999999998,0.0,0.06,0,0.5600000000000023,0,0,0
680,-2.15,0,0,1274.6333333333334,25.674999999999997,0.0,0.0625,0,0.5,0,0,0
675,-2.15384615385,0,0,1275.15,25.689999999999998,0.0,0.065,0,0.5600000000000023,0,0,0
670,-2.21538461538,0,0,1275.65,25.689999999999998,0.0,0.0575,0,0.5600000000000023,0,0,0
665,-2.28461538462,0,0,1276.1666666666667,25.689999999999998,0.0,0.06,0,0.5600000000000023,0,0,0
665,-2.36153846154,0,0,1276.6666666666667,25.705,0.0,0.0625,0,0.5600000000000023,0,0,0
665,-2.4,0,0,1277.1833333333334,25.705,0.0,0.06,0,0.5600000000000023,0,0,0
655,-2.44230769231,0,0,1277.7,25.689999999999998,0.0,0.06,0,0.5600000000000023,0,0,0
655,-2.43461538462,0,0,1278.2,25.674999999999997,0.0,0.0575,0,0.5,0,0,0
655,-2.42692307692,0,0,1278.7166666666667,25.674999999999997,0.0,0.0625,0,0.5,0,0,0
655,-2.37307692308,0,0,1279.2333333333333,25.674999999999997,0.0,0.0625,0,0.5,0,0,0
650,-2.31923076923,0,0,1279.7333333333333,25.689999999999998,0.0,0.065,0,0.5600000000000023,0,0,0
650,-2.31538461538,0,0,1280.25,25.674999999999997,0.0,0.06,0,0.5,0,0,0
650,-2.31923076923,0,0,1280.7666666666667,25.674999999999997,0.0,0.0625,0,0.5,0,0,0
650,-2.28461538462,0,0,1281.2666666666667,25.674999999999997,0.0,0.0625,0,0.5,0,0,0
645,-2.20769230769,0,0,1281.7833333333333,25.6725,0.0,0.06,0,0.6300000000000026,0,0,0
640,-2.13076923077,0,0,1282.2833333333333,25.6725,0.0,0.06,0,0.6300000000000026,0,0,0
640,-2.05384615385,0,0,1282.8,25.674999999999997,0.0,0.06,0,0.5,0,0,0
640,-2.03076923077,0,0,1283.3166666666666,25.674999999999997,0.0,0.06,0,0.5,0,0,0
635,-2.06538461538,0,0,1283.8166666666666,25.6725,0.0,0.065,0,0.6300000000000026,0,0,0
630,-2.10769230769,0,0,1284.3333333333333,25.6725,0.0,0.057499999999999996,0,0.6300000000000026,0,0,0
625,-2.20384615385,0,0,1284.85,25.6725,0.0,0.0625,0,0.6300000000000026,0,0,0
630,-2.21153846154,0,0,1285.35,25.689999999999998,0.0,0.065,0,0.5600000000000023,0,0,0
630,-2.23076923077,0,0,1285.8666666666666,25.6425,0.0,0.065,0,0.5700000000000003,0,0,0
625,-2.26153846154,0,0,1286.3833333333334,25.6425,0.0,0.06,0,0.5700000000000003,0,0,0
620,-2.2,0,0,1286.8833333333334,25.6425,0.0,0.06,0,0.5700000000000003,0,0,0
620,-2.13846153846,0,0,1287.4,25.6425,0.0,0.06,0,0.5700000000000003,0,0,0
620,-2.08076923077,0,0,1287.9,25.6425,0.0,0.0625,0,0.5700000000000003,0,0,0
620,-2.03076923077,0,0,1288.4166666666667,25.6425,0.0,0.06,0,0.5700000000000003,0,0,0
620,-1.99230769231,0,0,1288.9333333333334,25.6425,0.0,0.057499999999999996,0,0.5700000000000003,0,0,0
615,-1.96538461538,0,0,1289.4333333333334,25.6425,0.0,0.0625,0,0.5700000000000003,0,0,0
615,-1.9,0,0,1289.95,25.6575,0.0,0.06,0,0.6300000000000026,0,0,0
610,-1.94230769231,0,0,1290.4666666666667,25.6425,0.0,0.0675,0,0.5700000000000003,0,0,1
605,-1.99615384615,0,0,1290.9666666666667,25.6425,0.0,0.06,0,0.5700000000000003,0,0,0
605,-2.01153846154,0,0,1291.4833333333333,25.6425,0.0,0.06,0,0.5700000000000003,0,0,0
605,-1.98846153846,0,0,1292.0,25.6575,0.0,0.0625,0,0.6300000000000026,0,0,0
595,-2.06923076923,0,0,1292.5,25.6425,0.0,0.0675,0,0.6300000000000026,0,0,1
595,-2.10769230769,0,0,1293.0166666666667,25.6425,0.0,0.057499999999999996,0,0.5700000000000003,0,0,0
595,-2.10384615385,0,0,1293.5166666666667,25.6425,0.0,0.06,0,0.5700000000000003,0,0,0
590,-2.10384615385,0,0,1294.0333333333333,25.627499999999998,0.0,0.0625,0,0.5700000000000003,0,0,0
600,-2.01538461538,0,0,1294.55,25.6575,0.0,0.06,0,0.6300000000000026,0,0,0
595,-1.98846153846,0,0,1295.5666666666666,25.6425,0.0,0.06,0,0.5700000000000003,0,0,0
590,-1.97307692308,0,0,1296.0833333333333,25.6425,0.0,0.0625,0,0.5700000000000003,0,0,0
595,-1.87307692308,0,0,1296.5833333333333,25.6425,0.0,0.057499999999999996,0,0.5700000000000003,0,0,0
590,-1.83461538462,0,0,1297.1,25.61,0.0,0.065,0,0.5,0,0,0
595,-1.76538461538,0,0,1297.6,25.627499999999998,0.0,0.0625,0,0.629999999999999,0,0,0
590,-1.76538461538,0,0,1298.1166666666666,25.627499999999998,0.0,0.0575,0,0.5700000000000003,0,0,0
585,-1.73461538462,0,0,1298.6333333333334,25.612499999999997,0.0,0.0625,0,0.629999999999999,0,0,0
580,-1.71538461538,0,0,1299.1333333333334,25.612499999999997,0.0,0.0575,0,0.629999999999999,0,0,0
575,-1.75384615385,0,0,1299.65,25.627499999999998,0.0,0.07250000000000001,0,0.629999999999999,0,0,1
575,-1.80384615385,0,0,1300.1666666666667,25.627499999999998,0.0,0.06,0,0.5700000000000003,0,0,0
575,-1.81923076923,0,0,1300.6666666666667,25.627499999999998,0.0,0.06,0,0.5700000000000003,0,0,0
575,-1.8,0,0,1301.1833333333334,25.625,0.0,0.06,0,0.5,0,0,0
575,-1.74615384615,0,0,1301.7,25.612499999999997,0.0,0.06,0,0.629999999999999,0,0,0
575,-1.65769230769,0,0,1302.2,25.627499999999998,0.0,0.0675,0,0.629999999999999,0,0,1
575,-1.58461538462,0,0,1302.7166666666667,25.612499999999997,0.0,0.065,0,0.629999999999999,0,0,0
570,-1.52692307692,0,0,1303.2166666666667,25.612499999999997,0.0,0.06,0,0.6900000000000013,0,0,0
555,-1.62307692308,0,0,1303.7333333333333,25.597499999999997,0.0,0.06,0,0.629999999999999,0,0,0
555,-1.72692307692,0,0,1304.25,25.612499999999997,0.0,0.065,0,0.629999999999999,0,0,0
560,-1.74615384615,0,0,1304.75,25.612499999999997,0.0,0.0575,0,0.629999999999999,0,0,0
560,-1.73076923077,0,0,1305.2666666666667,25.597499999999997,0.0,0.055,0,0.629999999999999,0,0,0
560,-1.78076923077,0,0,1305.7833333333333,25.627499999999998,0.0,0.0625,0,0.6900000000000013,0,0,0
555,-1.85,0,0,1306.2833333333333,25.612499999999997,0.0,0.0625,0,0.629999999999999,0,0,0
555,-1.88846153846,0,0,1306.8,25.597499999999997,0.0,0.0575,0,0.629999999999999,0,0,0
550,-1.99230769231,0,0,1307.3166666666666,25.612499999999997,0.0,0.06,0,0.629999999999999,0,0,0
545,-2.01153846154,0,0,1307.8166666666666,25.612499999999997,0.0,0.0575,0,0.629999999999999,0,0,0
550,-1.99230769231,0,0,1308.3333333333333,25.58,0.0,0.06,0,0.5599999999999987,0,0,0
550,-1.98846153846,0,0,1308.8333333333333,25.595,0.0,0.060000000000000005,0,0.5599999999999987,0,0,0
550,-1.90384615385,0,0,1309.35,25.612499999999997,0.0,0.0625,0,0.6900000000000013,0,0,0
545,-1.88076923077,0,0,1309.8666666666666,25.597499999999997,0.0,0.0625,0,0.629999999999999,0,0,0
545,-1.77307692308,0,0,1310.3666666666666,25.597499999999997,0.0,0.0625,0,0.629999999999999,0,0,0
540,-1.72307692308,0,0,1310.8833333333334,25.597499999999997,0.0,0.0625,0,0.629999999999999,0,0,0
540,-1.68461538462,0,0,1311.4,25.612499999999997,0.0,0.057499999999999996,0,0.6900000000000013,0,0,0
535,-1.70769230769,0,0,1311.9,25.597499999999997,0.0,0.06,0,0.629999999999999,0,0,0
535,-1.74615384615,0,0,1312.4166666666667,25.597499999999997,0.0,0.057499999999999996,0,0.629999999999999,0,0,0
530,-1.8,0,0,1312.9333333333334,25.597499999999997,0.0,0.06,0,0.629999999999999,0,0,0
530,-1.81923076923,0,0,1313.4333333333334,25.58,0.0,0.06,0,0.5599999999999987,0,0,0
525,-1.85,0,0,1313.95,25.58,0.0,0.0625,0,0.5599999999999987,0,0,0
525,-1.84230769231,0,0,1314.45,25.565,0.0,0.06,0,0.6199999999999974,0,0,0
525,-1.79615384615,0,0,1314.9666666666667,25.58,0.0,0.06,0,0.5599999999999987,0,0,0
525,-1.71153846154,0,0,1315.4833333333333,25.58,0.0,0.06,0,0.5599999999999987,0,0,0
515,-1.73076923077,0,0,1315.9833333333333,25.597499999999997,0.0,0.065,0,0.629999999999999,0,0,0
515,-1.85769230769,0,0,1316.5,25.58,0.0,0.057499999999999996,0,0.5599999999999987,0,0,0
510,-2.0,0,0,1317.0166666666667,25.58,0.0,0.0625,0,0.5599999999999987,0,0,0
515,-2.01153846154,0,0,1317.5166666666667,25.565,0.0,0.0575,0,0.6199999999999974,0,0,0
510,-2.03461538462,0,0,1318.0333333333333,25.58,0.0,0.0625,0,0.629999999999999,0,0,0
510,-2.01923076923,0,0,1318.55,25.58,0.0,0.0625,0,0.5599999999999987,0,0,0
505,-2.06153846154,0,0,1319.05,25.5825,0.0,0.0575,0,0.6899999999999977,0,0,0
505,-2.06538461538,0,0,1319.5666666666666,25.565,0.0,0.085,0,0.6199999999999974,0,0,2
505,-2.08076923077,0,0,1320.0666666666666,25.58,0.0,0.0775,0,0.5599999999999987,0,0,2
505,-2.11153846154,0,0,1320.5833333333333,25.58,0.0,0.0575,0,0.5599999999999987,0,0,0
505,-2.06153846154,0,0,1321.1,25.565,0.0,0.0575,0,0.6199999999999974,0,0,0
500,-2.02307692308,0,0,1321.6,25.58,0.0,0.065,0,0.5599999999999987,0,0,0
500,-1.94615384615,0,0,1322.1166666666666,25.565,0.0,0.065,0,0.6199999999999974,0,0,0
500,-1.88076923077,0,0,1322.6333333333334,25.597499999999997,0.0,0.0625,0,0.629999999999999,0,0,0
500,-1.78076923077,0,0,1323.1333333333334,25.564999999999998,0.0,0.060000000000000005,0,0.6899999999999977,0,0,0
505,-1.65,0,0,1323.65,25.58,0.0,0.06,0,0.629999999999999,0,0,0
500,-1.53846153846,0,0,1324.15,25.5475,0.0,0.0625,0,0.6199999999999974,0,0,0
495,-1.49230769231,0,0,1324.6666666666667,25.5625,0.0,0.06,0,0.5599999999999987,0,0,0
490,-1.46153846154,0,0,1325.1833333333334,25.58,0.0,0.06,0,0.75,0,0,0
490,-1.44615384615,0,0,1325.6833333333334,25.564999999999998,0.0,0.065,0,0.6899999999999977,0,0,0
485,-1.44615384615,0,0,1326.2,25.565,0.0,0.06,0,0.6199999999999974,0,0,0
485,-1.46153846154,0,0,1326.7166666666667,25.5825,0.0,0.0625,0,0.6899999999999977,0,0,0
485,-1.44615384615,0,0,1327.2166666666667,25.597499999999997,0.0,0.0625,0,0.629999999999999,0,0,0
485,-1.4,0,0,1327.7333333333333,25.595,0.0,0.06,0,0.6900000000000013,0,0,0
480,-1.36923076923,0,0,1328.25,25.58,0.0,0.0625,0,0.75,0,0,0
480,-1.40384615385,0,0,1328.75,25.5475,0.0,0.057499999999999996,0,0.6899999999999977,0,0,0
485,-1.36538461538,0,0,1329.2666666666667,25.58,0.0,0.065,0,0.75,0,0,0
480,-1.4,0,0,1329.7666666666667,25.564999999999998,0.0,0.0625,0,0.6899999999999977,0,0,0
480,-1.36153846154,0,0,1330.2833333333333,25.58,0.0,0.0625,0,0.75,0,0,0
480,-1.34615384615,0,0,1330.8,25.5825,0.0,0.065,0,0.6899999999999977,0,0,0
480,-1.30769230769,0,0,1331.3,25.58,0.0,0.06,0,0.75,0,0,0
475,-1.34230769231,0,0,1331.8166666666666,25.58,0.0,0.06,0,0.75,0,0,0
475,-1.35384615385,0,0,1332.3333333333333,25.564999999999998,0.0,0.06,0,0.6899999999999977,0,0,0
470,-1.38846153846,0,0,1332.8333333333333,25.5475,0.0,0.065,0,0.6899999999999977,0,0,0
470,-1.39615384615,0,0,1333.35,25.564999999999998,0.0,0.0625,0,0.6899999999999977,0,0,0
465,-1.42307692308,0,0,1333.8666666666666,25.5475,0.0,0.06,0,0.6899999999999977,0,0,0
470,-1.42307692308,0,0,1334.3666666666666,25.565,0.0,0.06,0,0.6199999999999974,0,0,0
470,-1.4,0,0,1334.8833333333334,25.5475,0.0,0.057499999999999996,0,0.6199999999999974,0,0,0
470,-1.35384615385,0,0,1335.3833333333334,25.53,0.0,0.052500000000000005,0,0.6199999999999974,0,0,0
465,-1.33076923077,0,0,1335.9,25.53,0.0,0.057499999999999996,0,0.6199999999999974,0,0,0
470,-1.18461538462,0,0,1336.4166666666667,25.5475,0.0,0.057499999999999996,0,0.6899999999999977,0,0,0
465,-1.10769230769,0,0,1336.9166666666667,25.5475,0.0,0.065,0,0.6899999999999977,0,0,0
465,-1.05384615385,0,0,1337.4333333333334,25.5475,0.0,0.06,0,0.6899999999999977,0,0,0
465,-1.02692307692,0,0,1337.95,25.564999999999998,0.0,0.06,0,0.6899999999999977,0,0,0
465,-0.980769230769,0,0,1338.45,25.53,0.0,0.057499999999999996,0,0.6199999999999974,0,0,0
460,-1.01153846154,0,0,1338.9666666666667,25.53,0.0,0.0575,0,0.6199999999999974,0,0,0
460,-1.02307692308,0,0,1339.4833333333333,25.53,0.0,0.0575,0,0.6199999999999974,0,0,0
460,-1.01538461538,0,0,1339.9833333333333,25.53,0.0,0.0625,0,0.6199999999999974,0,0,0
460,-0.988461538462,0,0,1340.5,25.515,0.0,0.057499999999999996,0,0.6799999999999997,0,0,0
460,-0.992307692308,0,0,1341.0,25.515,0.0,0.0625,0,0.6799999999999997,0,0,0
455,-1.02692307692,0,0,1341.5166666666667,25.564999999999998,0.0,0.065,0,0.6899999999999977,0,0,0
455,-0.992307692308,0,0,1342.0333333333333,25.5475,0.0,0.065,0,0.6899999999999977,0,0,0
450,-1.03076923077,0,0,1342.5333333333333,25.53,0.0,0.060000000000000005,0,0.6199999999999974,0,0,0
450,-1.04615384615,0,0,1343.05,25.53,0.0,0.0625,0,0.6199999999999974,0,0,0
455,-0.992307692308,0,0,1343.5666666666666,25.5325,0.0,0.057499999999999996,0,0.75,0,0,0
450,-0.965384615385,0,0,1344.0666666666666,25.5475,0.0,0.057499999999999996,0,0.6899999999999977,0,0,0
450,-0.965384615385,0,0,1344.5833333333333,25.5325,0.0,0.057499999999999996,0,0.75,0,0,0
450,-0.946153846154,0,0,1345.1,25.5325,0.0,0.06,0,0.75,0,0,0
440,-1.05,0,0,1345.6,25.53,0.0,0.05499999999999999,0,0.6199999999999974,0,0,0
440,-1.13076923077,0,0,1346.1166666666666,25.5325,0.0,0.06,0,0.75,0,0,0
445,-1.19230769231,0,0,1346.6166666666666,25.515,0.0,0.057499999999999996,0,0.6799999999999997,0,0,0
440,-1.23461538462,0,0,1347.1333333333334,25.5325,0.0,0.057499999999999996,0,0.75,0,0,0
445,-1.20769230769,0,0,1347.65,25.5625,0.0,0.0625,0,0.75,0,0,0
440,-1.20769230769,0,0,1348.15,25.515,0.0,0.0575,0,0.6799999999999997,0,0,0
440,-1.23461538462,0,0,1348.6666666666667,25.5175,0.0,0.0625,0,0.75,0,0,0
440,-1.19230769231,0,0,1349.1833333333334,25.515,0.0,0.06,0,0.6799999999999997,0,0,0
435,-1.22307692308,0,0,1349.6833333333334,25.515,0.0,0.06,0,0.6799999999999997,0,0,0
435,-1.23076923077,0,0,1350.2,25.515,0.0,0.0575,0,0.6799999999999997,0,0,0
435,-1.21538461538,0,0,1350.7166666666667,25.5325,0.0,0.0575,0,0.75,0,0,0
440,-1.13076923077,0,0,1351.2166666666667,25.5325,0.0,0.0625,0,0.75,0,0,0
435,-1.12307692308,0,0,1351.7333333333333,25.5175,0.0,0.0625,0,0.75,0,0,0
430,-1.14230769231,0,0,1352.75,25.5175,0.0,0.06,0,0.75,0,0,0
430,-1.13846153846,0,0,1353.2666666666667,25.5175,0.0,0.055,0,0.75,0,0,0
430,-1.11153846154,0,0,1353.7666666666667,25.5,0.0,0.05500000000000001,0,0.6799999999999997,0,0,0
425,-1.10769230769,0,0,1354.2833333333333,25.5325,0.0,0.0625,0,0.75,0,0,0
430,-1.08076923077,0,0,1354.8,25.5325,0.0,0.0625,0,0.75,0,0,0
425,-1.08076923077,0,0,1355.3,25.5175,0.0,0.0625,0,0.75,0,0,0
425,-1.10769230769,0,0,1355.8166666666666,25.5175,0.0,0.0625,0,0.75,0,0,0
425,-1.11538461538,0,0,1356.3333333333333,25.515,0.0,0.0625,0,0.6799999999999997,0,0,0
420,-1.1,0,0,1356.8333333333333,25.5,0.0,0.06,0,0.6799999999999997,0,0,0
420,-1.10769230769,0,0,1357.35,25.515,0.0,0.0625,0,0.6799999999999997,0,0,0
415,-1.13846153846,0,0,1357.85,25.515,0.0,0.065,0,0.6799999999999997,0,0,0
415,-1.14230769231,0,0,1358.3666666666666,25.5,0.0,0.065,0,0.6799999999999997,0,0,0
415,-1.21923076923,0,0,1358.8833333333334,25.5175,0.0,0.0625,0,0.75,0,0,0
420,-1.23076923077,0,0,1359.3833333333334,25.5175,0.0,0.06,0,0.75,0,0,0
415,-1.22307692308,0,0,1359.9,25.502499999999998,0.0,0.052500000000000005,0,0.75,0,0,0
415,-1.24230769231,0,0,1360.4166666666667,25.5175,0.0,0.06,0,0.8100000000000023,0,0,0
415,-1.19230769231,0,0,1360.9166666666667,25.5325,0.0,0.065,0,0.75,0,0,0
410,-1.21538461538,0,0,1361.4333333333334,25.5,0.0,0.0625,0,0.6799999999999997,0,0,0
415,-1.16923076923,0,0,1361.9333333333334,25.5,0.0,0.05499999999999999,0,0.6799999999999997,0,0,0
415,-1.10384615385,0,0,1362.45,25.502499999999998,0.0,0.0625,0,0.75,0,0,0
405,-1.16153846154,0,0,1362.9666666666667,25.5325,0.0,0.06,0,0.8100000000000023,0,0,0
400,-1.24230769231,0,0,1363.4666666666667,25.5325,0.0,0.06,0,0.8100000000000023,0,0,0
405,-1.25,0,0,1363.9833333333333,25.5175,0.0,0.06,0,0.75,0,0,0
410,-1.13846153846,0,0,1364.5,25.5,0.0,0.057499999999999996,0,0.8200000000000003,0,0,0
410,-1.05384615385,0,0,1365.0,25.5175,0.0,0.052500000000000005,0,0.75,0,0,0
405,-1.04615384615,0,0,1365.5166666666667,25.485,0.0,0.060000000000000005,0,0.8200000000000003,0,0,0
405,-1.01923076923,0,0,1366.0333333333333,25.5,0.0,0.0575,0,0.8800000000000026,0,0,0
410,-0.926923076923,0,0,1366.5333333333333,25.5,0.0,0.0575,0,0.8200000000000003,0,0,0
410,-0.869230769231,0,0,1367.05,25.485,0.0,0.057499999999999996,0,0.8200000000000003,0,0,0
410,-0.75,0,0,1367.55,25.502499999999998,0.0,0.0625,0,0.75,0,0,0
410,-0.665384615385,0,0,1368.0666666666666,25.502499999999998,0.0,0.0625,0,0.75,0,0,0
405,-0.615384615385,0,0,1368.5833333333333,25.5175,0.0,0.06,0,0.8100000000000023,0,0,0
405,-0.55,0,0,1369.0833333333333,25.502499999999998,0.0,0.055,0,0.75,0,0,0
400,-0.565384615385,0,0,1369.6,25.485,0.0,0.0575,0,0.8200000000000003,0,0,0
405,-0.519230769231,0,0,1370.1166666666666,25.485,0.0,0.06,0,0.8200000000000003,0,0,0
395,-0.603846153846,0,0,1370.6166666666666,25.485,0.0,0.0625,0,0.6799999999999997,0,0,0
390,-0.719230769231,0,0,1371.1333333333334,25.4675,0.0,0.0575,0,0.75,0,0,0
390,-0.815384615385,0,0,1371.65,25.502499999999998,0.0,0.0625,0,0.75,0,0,0
395,-0.796153846154,0,0,1372.15,25.5,0.0,0.0625,0,0.8800000000000026,0,0,0
395,-0.807692307692,0,0,1372.6666666666667,25.502499999999998,0.0,0.06,0,0.75,0,0,0
390,-0.85,0,0,1373.1666666666667,25.502499999999998,0.0,0.06,0,0.75,0,0,0
390,-0.873076923077,0,0,1373.6833333333334,25.502499999999998,0.0,0.060000000000000005,0,0.75,0,0,0
390,-0.926923076923,0,0,1374.2,25.4675,0.0,0.055,0,0.75,0,0,0
390,-0.915384615385,0,0,1374.7,25.4675,0.0,0.05500000000000001,0,0.75,0,0,0
390,-0.884615384615,0,0,1375.2166666666667,25.4675,0.0,0.057499999999999996,0,0.75,0,0,0
390,-0.934615384615,0,0,1375.7333333333333,25.4675,0.0,0.05500000000000001,0,0.75,0,0,0
390,-1.02307692308,0,0,1376.2333333333333,25.4675,0.0,0.055,0,0.75,0,0,0
390,-1.05384615385,0,0,1376.75,25.4675,0.0,0.05500000000000001,0,0.75,0,0,0
390,-1.02307692308,0,0,1377.2666666666667,25.47,0.0,0.055,0,0.8200000000000003,0,0,0
390,-0.976923076923,0,0,1377.7666666666667,25.4675,0.0,0.065,0,0.75,0,0,0
390,-0.965384615385,0,0,1378.2833333333333,25.4675,0.0,0.06,0,0.75,0,0,0
390,-0.942307692308,0,0,1378.7833333333333,25.47,0.0,0.057499999999999996,0,0.6799999999999997,0,0,0
390,-0.857692307692,0,0,1379.3,25.485,0.0,0.0575,0,0.8200000000000003,0,0,0
390,-0.757692307692,0,0,1379.8166666666666,25.485,0.0,0.06,0,0.8200000000000003,0,0,0
390,-0.642307692308,0,0,1380.3166666666666,25.485,0.0,0.060000000000000005,0,0.8200000000000003,0,0,0
390,-0.511538461538,0,0,1380.8333333333333,25.485,0.0,0.0575,0,0.8200000000000003,0,0,0
390,-0.415384615385,0,0,1381.35,25.4675,0.0,0.0625,0,0.75,0,0,0
390,-0.307692307692,0,0,1381.85,25.485,0.0,0.0575,0,0.8200000000000003,0,0,0
390,-0.238461538462,0,0,1382.3666666666666,25.485,0.0,0.0575,0,0.8200000000000003,0,0,0
390,-0.111538461538,0,0,1382.8833333333334,25.47,0.0,0.06,0,0.8200000000000003,0,0,0
390,-0.0730769230769,0,0,1383.3833333333334,25.4525,0.0,0.0575,0,0.75,0,0,0
390,-0.0807692307692,0,0,1383.9,25.4675,0.0,0.057499999999999996,0,0.75,0,0,0
390,-0.0884615384615,0,0,1384.4,25.4675,0.0,0.060000000000000005,0,0.75,0,0,0
390,-0.0461538461538,0,0,1384.9166666666667,25.47,0.0,0.0575,0,0.8200000000000003,0,0,0
390,0.0,0,0,1385.4333333333334,25.485,0.0,0.06,0,0.8200000000000003,0,0,0
390,0.0,0,0,1385.9333333333334,25.485,0.0,0.055,0,0.8200000000000003,0,0,0
390,0.0,0,0,1386.45,25.4675,0.0,0.057499999999999996,0,0.75,0,0,0
390,0.0,0,0,1386.9666666666667,25.4675,0.0,0.0625,0,0.75,0,0,0
390,0.0,0,0,1387.4666666666667,25.47,0.0,0.065,0,0.8200000000000003,0,0,0
390,0.0,0,0,1387.9833333333333,25.4675,0.0,0.0575,0,0.75,0,0,0
390,0.0,0,0,1388.5,25.4675,0.0,0.060000000000000005,0,0.75,0,0,0
390,0.0,0,0,1389.0,25.485,0.0,0.060000000000000005,0,0.8200000000000003,0,0,0
390,0.0,0,0,1389.5166666666667,25.4675,0.0,0.0575,0,0.75,0,0,0
390,0.0,0,0,1390.0166666666667,25.4675,0.0,0.06,0,0.75,0,0,0
390,0.0,0,0,1390.5333333333333,25.485,0.0,0.06,0,0.8200000000000003,0,0,0
390,0.0,0,0,1391.05,25.4675,0.0,0.06,0,0.75,0,0,0
390,0.0,0,0,1391.55,25.47,0.0,0.052500000000000005,0,0.8200000000000003,0,0,0
390,0.0,0,0,1392.0666666666666,25.4525,0.0,0.06,0,0.75,0,0,0
390,0.0,0,0,1392.5833333333333,25.4525,0.0,0.065,0,0.75,0,0,0
390,0.0,0,0,1393.0833333333333,25.4675,0.0,0.06,0,0.75,0,0,0
390,0.0,0,0,1393.6,25.4525,0.0,0.0625,0,0.75,0,0,0
390,0.0,0,0,1394.1,25.4525,0.0,0.0575,0,0.75,0,0,0
390,0.0,0,0,1394.6166666666666,25.4375,0.0,0.065,0,0.6900000000000013,0,0,0
385,-0.0461538461538,0,0,1395.1333333333334,25.4525,0.0,0.057499999999999996,0,0.75,0,0,0
385,-0.0884615384615,0,0,1395.6333333333334,25.4375,0.0,0.0625,0,0.6900000000000013,0,0,0
390,-0.0807692307692,0,0,1396.15,25.4375,0.0,0.0575,0,0.6900000000000013,0,0,0
385,-0.119230769231,0,0,1396.6666666666667,25.4525,0.0,0.0625,0,0.75,0,0,0
385,-0.153846153846,0,0,1397.1666666666667,25.4525,0.0,0.0575,0,0.75,0,0,0
385,-0.184615384615,0,0,1397.6833333333334,25.4675,0.0,0.06,0,0.75,0,0,0
385,-0.211538461538,0,0,1398.2,25.4375,0.0,0.057499999999999996,0,0.6900000000000013,0,0,0
385,-0.234615384615,0,0,1398.7,25.4375,0.0,0.0575,0,0.8099999999999987,0,0,0
385,-0.253846153846,0,0,1399.2166666666667,25.4375,0.0,0.06,0,0.8099999999999987,0,0,0
385,-0.269230769231,0,0,1399.7166666666667,25.4075,0.0,0.060000000000000005,0,0.75,0,0,0
385,-0.280769230769,0,0,1400.2333333333333,25.4225,0.0,0.057499999999999996,0,0.75,0,0,0
385,-0.288461538462,0,0,1400.75,25.4075,0.0,0.055,0,0.75,0,0,0
385,-0.292307692308,0,0,1401.25,25.4225,0.0,0.0575,0,0.6900000000000013,0,0,0
385,-0.292307692308,0,0,1401.7666666666667,25.4375,0.0,0.0575,0,0.8099999999999987,0,0,0
385,-0.288461538462,0,0,1402.2833333333333,25.4075,0.0,0.055,0,0.75,0,0,0
385,-0.280769230769,0,0,1402.7833333333333,25.4075,0.0,0.0575,0,0.75,0,0,0
385,-0.269230769231,0,0,1403.3,25.4225,0.0,0.0575,0,0.6900000000000013,0,0,0
385,-0.253846153846,0,0,1403.8166666666666,25.4075,0.0,0.0625,0,0.75,0,0,0
385,-0.234615384615,0,0,1404.3166666666666,25.3925,0.0,0.057499999999999996,0,0.6900000000000013,0,0,0
385,-0.211538461538,0,0,1404.8333333333333,25.3925,0.0,0.0575,0,0.6900000000000013,0,0,0
385,-0.184615384615,0,0,1405.3333333333333,25.4375,0.0,0.065,0,0.75,0,0,0
385,-0.153846153846,0,0,1405.85,25.3925,0.0,0.060000000000000005,0,0.6900000000000013,0,0,0
385,-0.119230769231,0,0,1406.3666666666666,25.4075,0.0,0.0625,0,0.75,0,0,0
385,-0.0807692307692,0,0,1406.8666666666666,25.4225,0.0,0.060000000000000005,0,0.75,0,0,0
385,-0.0384615384615,0,0,1407.3833333333334,25.4225,0.0,0.060000000000000005,0,0.75,0,0,0
385,-0.0423076923077,0,0,1407.9,25.4075,0.0,0.0625,0,0.75,0,0,0
385,-0.0461538461538,0,0,1408.9166666666667,25.4225,0.0,0.06,0,0.8099999999999987,0,0,0
385,0.0,0,0,1409.4333333333334,25.4225,0.0,0.0575,0,0.6900000000000013,0,0,0
385,0.0,0,0,1409.9333333333334,25.4375,0.0,0.0575,0,0.75,0,0,0
385,0.0,0,0,1410.45,25.4375,0.0,0.06,0,0.75,0,0,0
385,0.0,0,0,1410.95,25.4225,0.0,0.06,0,0.8099999999999987,0,0,0
385,0.0,0,0,1411.4666666666667,25.4225,0.0,0.0625,0,0.8099999999999987,0,0,0
385,0.0,0,0,1411.9833333333333,25.4225,0.0,0.0625,0,0.8099999999999987,0,0,0
385,0.0,0,0,1412.4833333333333,25.4375,0.0,0.0625,0,0.75,0,0,0
385,0.0,0,0,1413.0,25.4375,0.0,0.06,0,0.75,0,0,0
385,0.0,0,0,1413.5166666666667,25.4225,0.0,0.06,0,0.75,0,0,0
385,0.0,0,0,1414.0166666666667,25.4225,0.0,0.06,0,0.8099999999999987,0,0,0
385,0.0,0,0,1414.5333333333333,25.4375,0.0,0.057499999999999996,0,0.75,0,0,0
385,0.0,0,0,1415.05,25.4225,0.0,0.06,0,0.8099999999999987,0,0,0
385,0.0,0,0,1415.55,25.4225,0.0,0.0625,0,0.8099999999999987,0,0,0
385,0.0,0,0,1416.0666666666666,25.4225,0.0,0.06,0,0.8099999999999987,0,0,0
385,0.0,0,0,1416.5666666666666,25.4225,0.0,0.0625,0,0.8099999999999987,0,0,0
385,0.0,0,0,1417.0833333333333,25.4225,0.0,0.06,0,0.8099999999999987,0,0,0
385,0.0,0,0,1417.6,25.455,0.0,0.065,0,0.8200000000000003,0,0,0
385,0.0,0,0,1418.1,25.4225,0.0,0.06,0,0.8099999999999987,0,0,0
385,0.0,0,0,1418.6166666666666,25.4225,0.0,0.06,0,0.8099999999999987,0,0,0
385,0.0,0,0,1419.1333333333334,25.4225,0.0,0.065,0,0.8099999999999987,0,0,0
385,0.0,0,0,1419.6333333333334,25.4225,0.0,0.065,0,0.8099999999999987,0,0,0
385,0.0,0,0,1420.15,25.4225,0.0,0.057499999999999996,0,0.8099999999999987,0,0,0
385,0.0,0,0,1420.6666666666667,25.4225,0.0,0.06,0,0.8099999999999987,0,0,0
380,-0.0461538461538,0,0,1421.1666666666667,25.4075,0.0,0.057499999999999996,0,0.75,0,0,0
380,-0.0884615384615,0,0,1421.6833333333334,25.4075,0.0,0.057499999999999996,0,0.75,0,0,0
380,-0.126923076923,0,0,1422.1833333333334,25.4075,0.0,0.06,0,0.75,0,0,0
380,-0.161538461538,0,0,1422.7,25.4075,0.0,0.0625,0,0.75,0,0,0
380,-0.192307692308,0,0,1423.2166666666667,25.4075,0.0,0.06,0,0.75,0,0,0
380,-0.219230769231,0,0,1423.7166666666667,25.4075,0.0,0.06,0,0.75,0,0,0
380,-0.242307692308,0,0,1424.2333333333333,25.4075,0.0,0.057499999999999996,0,0.75,0,0,0
380,-0.261538461538,0,0,1424.75,25.4225,0.0,0.0625,0,0.8099999999999987,0,0,0
380,-0.276923076923,0,0,1425.25,25.4225,0.0,0.057499999999999996,0,0.8099999999999987,0,0,0
380,-0.288461538462,0,0,1425.7666666666667,25.4075,0.0,0.0575,0,0.75,0,0,0
380,-0.296153846154,0,0,1426.2666666666667,25.3925,0.0,0.06,0,0.6900000000000013,0,0,0
380,-0.3,0,0,1426.7833333333333,25.3925,0.0,0.060000000000000005,0,0.6900000000000013,0,0,0
380,-0.3,0,0,1427.3,25.3925,0.0,0.057499999999999996,0,0.6900000000000013,0,0,0
380,-0.296153846154,0,0,1427.8,25.3925,0.0,0.06,0,0.6900000000000013,0,0,0
380,-0.288461538462,0,0,1428.3166666666666,25.4075,0.0,0.06,0,0.75,0,0,0
380,-0.276923076923,0,0,1428.8333333333333,25.4225,0.0,0.06,0,0.8099999999999987,0,0,0
380,-0.261538461538,0,0,1429.3333333333333,25.4225,0.0,0.06,0,0.8099999999999987,0,0,0
380,-0.242307692308,0,0,1429.85,25.4225,0.0,0.057499999999999996,0,0.8099999999999987,0,0,0
380,-0.219230769231,0,0,1430.3666666666666,25.4075,0.0,0.06,0,0.8099999999999987,0,0,0
380,-0.192307692308,0,0,1430.8666666666666,25.4225,0.0,0.0625,0,0.8099999999999987,0,0,0
380,-0.161538461538,0,0,1431.3833333333334,25.4075,0.0,0.06,0,0.75,0,0,0
380,-0.126923076923,0,0,1431.8833333333334,25.4225,0.0,0.0625,0,0.8099999999999987,0,0,0
380,-0.0884615384615,0,0,1432.4,25.4075,0.0,0.06,0,0.75,0,0,0
380,-0.0461538461538,0,0,1432.9166666666667,25.4075,0.0,0.065,0,0.75,0,0,0
380,0.0,0,0,1433.4166666666667,25.4075,0.0,0.057499999999999996,0,0.75,0,0,0
380,0.0,0,0,1433.9333333333334,25.4075,0.0,0.0625,0,0.75,0,0,0
380,0.0,0,0,1434.45,25.4075,0.0,0.0625,0,0.75,0,0,0
380,0.0,0,0,1434.95,25.4075,0.0,0.0625,0,0.75,0,0,0
380,0.0,0,0,1435.4666666666667,25.4225,0.0,0.06,0,0.8099999999999987,0,0,0
380,0.0,0,0,1435.9833333333333,25.392500000000002,0.0,0.0625,0,0.8099999999999987,0,0,0
380,0.0,0,0,1436.4833333333333,25.3925,0.0,0.06,0,0.75,0,0,0
380,0.0,0,0,1437.0,25.4075,0.0,0.0625,0,0.75,0,0,0
380,0.0,0,0,1437.5,25.4075,0.0,0.0925,0,0.75,0,0,2
380,0.0,0,0,1438.0166666666667,25.3925,0.0,0.06,0,0.75,0,0,0
380,0.0,0,0,1438.5333333333333,25.392500000000002,0.0,0.06,0,0.8099999999999987,0,0,0
380,0.0,0,0,1439.0333333333333,25.4225,0.0,0.057499999999999996,0,0.8099999999999987,0,0,0
380,0.0,0,0,1439.55,25.407500000000002,0.0,0.065,0,0.8699999999999974,0,0,0
370,-0.234615384615,0,0,0.9333333333333333,25.3625,0.0,0.06,0,0.6899999999999977,0,0,0
370,-0.211538461538,0,0,1.4333333333333333,25.36,0.0,0.057499999999999996,0,0.5599999999999987,0,0,0
370,-0.184615384615,0,0,1.95,25.377499999999998,0.0,0.065,0,0.629999999999999,0,0,0
370,-0.153846153846,0,0,2.466666666666667,25.36,0.0,0.0575,0,0.5599999999999987,0,0,0
370,-0.119230769231,0,0,2.966666666666667,25.36,0.0,0.0625,0,0.5599999999999987,0,0,0
370,-0.0807692307692,0,0,3.4833333333333334,25.345000000000002,0.0,0.0625,0,0.6199999999999974,0,0,0
370,-0.0884615384615,0,0,3.9833333333333334,25.330000000000002,0.0,0.0575,0,0.5599999999999987,0,0,0
370,-0.0461538461538,0,0,4.5,25.345000000000002,0.0,0.06,0,0.6199999999999974,0,0,0
370,0.0,0,0,5.016666666666667,25.345000000000002,0.0,0.0575,0,0.6199999999999974,0,0,0
370,0.0,0,0,5.516666666666667,25.345000000000002,0.0,0.05499999999999999,0,0.6199999999999974,0,0,0
370,0.0,0,0,6.033333333333333,25.3625,0.0,0.060000000000000005,0,0.6899999999999977,0,0,0
370,0.0,0,0,6.55,25.3625,0.0,0.06,0,0.6899999999999977,0,0,0
370,0.0,0,0,7.05,25.3625,0.0,0.06,0,0.6899999999999977,0,0,0
370,0.0,0,0,7.566666666666666,25.3625,0.0,0.06,0,0.6899999999999977,0,0,0
370,0.0,0,0,8.083333333333334,25.392500000000002,0.0,0.06,0,0.8099999999999987,0,0,0
370,0.0,0,0,8.583333333333334,25.3925,0.0,0.055,0,0.6900000000000013,0,0,0
370,0.0,0,0,9.1,25.377499999999998,0.0,0.0625,0,0.629999999999999,0,0,0
370,0.0,0,0,9.6,25.3625,0.0,0.0625,0,0.6899999999999977,0,0,0
370,0.0,0,0,10.116666666666667,25.3625,0.0,0.057499999999999996,0,0.6899999999999977,0,0,0
370,0.0,0,0,10.633333333333333,25.3625,0.0,0.0625,0,0.6899999999999977,0,0,0
370,0.0,0,0,11.133333333333333,25.3625,0.0,0.05500000000000001,0,0.6899999999999977,0,0,0
370,0.0,0,0,11.65,25.3775,0.0,0.0575,0,0.75,0,0,0
370,0.0,0,0,12.166666666666666,25.3925,0.0,0.057499999999999996,0,0.6900000000000013,0,0,0
370,0.0,0,0,12.666666666666666,25.3775,0.0,0.06,0,0.75,0,0,0
370,0.0,0,0,13.183333333333334,25.377499999999998,0.0,0.0625,0,0.629999999999999,0,0,0
370,0.0,0,0,13.7,25.3775,0.0,0.0575,0,0.75,0,0,0
370,0.0,0,0,14.2,25.3775,0.0,0.06,0,0.75,0,0,0
370,0.0,0,0,14.716666666666667,25.377499999999998,0.0,0.055,0,0.6900000000000013,0,0,0
370,0.0,0,0,15.216666666666667,25.3925,0.0,0.0575,0,0.6900000000000013,0,0,0
370,0.0,0,0,15.733333333333333,25.3925,0.0,0.06,0,0.6900000000000013,0,0,0
370,0.0,0,0,16.25,25.3925,0.0,0.06,0,0.6900000000000013,0,0,0
370,0.0,0,0,16.75,25.3925,0.0,0.060000000000000005,0,0.6900000000000013,0,0,0
370,0.0,0,0,17.266666666666666,25.3925,0.0,0.06,0,0.6900000000000013,0,0,0
370,0.0,0,0,17.783333333333335,25.3925,0.0,0.0625,0,0.6900000000000013,0,0,0
370,0.0,0,0,18.283333333333335,25.3775,0.0,0.05499999999999999,0,0.75,0,0,0
370,0.0,0,0,18.8,25.3775,0.0,0.057499999999999996,0,0.75,0,0,0
370,0.0,0,0,19.316666666666666,25.3925,0.0,0.0575,0,0.6900000000000013,0,0,0
370,0.0,0,0,19.816666666666666,25.3775,0.0,0.057499999999999996,0,0.75,0,0,0
370,0.0,0,0,20.333333333333332,25.3775,0.0,0.057499999999999996,0,0.75,0,0,0
370,0.0,0,0,20.833333333333332,25.3775,0.0,0.057499999999999996,0,0.75,0,0,0
370,0.0,0,0,21.35,25.392500000000002,0.0,0.057499999999999996,0,0.8099999999999987,0,0,0
370,0.0,0,0,21.866666666666667,25.392500000000002,0.0,0.0575,0,0.8099999999999987,0,0,0
370,0.0,0,0,22.366666666666667,25.3925,0.0,0.06,0,0.6900000000000013,0,0,0
370,0.0,0,0,22.883333333333333,25.3775,0.0,0.0575,0,0.75,0,0,0
370,0.0,0,0,23.4,25.3775,0.0,0.0625,0,0.75,0,0,0
370,0.0,0,0,23.9,25.3775,0.0,0.06,0,0.75,0,0,0
370,0.0,0,0,24.416666666666668,25.3775,0.0,0.06,0,0.8099999999999987,0,0,0
370,0.0,0,0,24.933333333333334,25.392500000000002,0.0,0.0625,0,0.8099999999999987,0,0,0
370,0.0,0,0,25.433333333333334,25.3775,0.0,0.055,0,0.75,0,0,0
370,0.0,0,0,25.95,25.3775,0.0,0.0575,0,0.75,0,0,0
370,0.0,0,0,26.45,25.3775,0.0,0.0575,0,0.75,0,0,0
370,0.0,0,0,26.966666666666665,25.3925,0.0,0.0625,0,0.6900000000000013,0,0,0
370,0.0,0,0,27.483333333333334,25.3475,0.0,0.06,0,0.6899999999999977,0,0,0
370,0.0,0,0,27.983333333333334,25.3775,0.0,0.06,0,0.75,0,0,0
370,0.0,0,0,28.5,25.3925,0.0,0.055,0,0.6900000000000013,0,0,0
370,0.0,0,0,29.016666666666666,25.3625,0.0,0.06,0,0.6899999999999977,0,0,0
370,0.0,0,0,29.516666666666666,25.3475,0.0,0.05500000000000001,0,0.6899999999999977,0,0,0
370,0.0,0,0,30.033333333333335,25.3625,0.0,0.06,0,0.6899999999999977,0,0,0
370,0.0,0,0,30.533333333333335,25.3775,0.0,0.06,0,0.75,0,0,0
370,0.0,0,0,31.05,25.3775,0.0,0.06,0,0.75,0,0,0
370,0.0,0,0,31.566666666666666,25.3625,0.0,0.057499999999999996,0,0.75,0,0,0
370,0.0,0,0,32.06666666666667,25.3775,0.0,0.05499999999999999,0,0.75,0,0,0
370,0.0,0,0,32.583333333333336,25.3775,0.0,0.057499999999999996,0,0.75,0,0,0
370,0.0,0,0,33.1,25.3625,0.0,0.05500000000000001,0,0.75,0,0,0
370,0.0,0,0,33.6,25.3625,0.0,0.0625,0,0.75,0,0,0
370,0.0,0,0,34.11666666666667,25.3775,0.0,0.057499999999999996,0,0.75,0,0,0
365,-0.0461538461538,0,0,34.63333333333333,25.3775,0.0,0.0575,0,0.75,0,0,0
370,-0.0423076923077,0,0,35.13333333333333,25.3775,0.0,0.0625,0,0.75,0,0,0
370,-0.0384615384615,0,0,35.65,25.392500000000002,0.0,0.06,0,0.8099999999999987,0,0,0
370,-0.0346153846154,0,0,36.15,25.392500000000002,0.0,0.105,0,0.8099999999999987,0,0,2
370,-0.0307692307692,0,0,36.666666666666664,25.407500000000002,0.0,0.08,0,0.8699999999999974,0,0,2
370,-0.0269230769231,0,0,37.18333333333333,25.392500000000002,0.0,0.06,0,0.8099999999999987,0,0,0
370,-0.0230769230769,0,0,37.68333333333333,25.3775,0.0,0.0625,0,0.75,0,0,0
370,-0.0192307692308,0,0,38.2,25.3625,0.0,0.057499999999999996,0,0.75,0,0,0
370,-0.0153846153846,0,0,38.71666666666667,25.3775,0.0,0.06,0,0.75,0,0,0
370,-0.0115384615385,0,0,39.21666666666667,25.3775,0.0,0.057499999999999996,0,0.8099999999999987,0,0,0
365,-0.0538461538462,0,0,39.733333333333334,25.3775,0.0,0.057499999999999996,0,0.75,0,0,0
370,-0.0461538461538,0,0,40.25,25.3775,0.0,0.0575,0,0.75,0,0,0
365,-0.0846153846154,0,0,40.75,25.3775,0.0,0.0625,0,0.8099999999999987,0,0,0
365,-0.119230769231,0,0,41.266666666666666,25.3775,0.0,0.060000000000000005,0,0.8099999999999987,0,0,0
370,-0.103846153846,0,0,42.28333333333333,25.392500000000002,0.0,0.06,0,0.8099999999999987,0,0,0
370,-0.0884615384615,0,0,42.8,25.3775,0.0,0.06,0,0.8099999999999987,0,0,0
370,-0.0730769230769,0,0,43.3,25.3775,0.0,0.06,0,0.75,0,0,0
370,-0.0576923076923,0,0,43.81666666666667,25.3925,0.0,0.057499999999999996,0,0.75,0,0,0
370,-0.0423076923077,0,0,44.333333333333336,25.392500000000002,0.0,0.057499999999999996,0,0.8099999999999987,0,0,0
370,-0.0269230769231,0,0,44.833333333333336,25.392500000000002,0.0,0.0625,0,0.8099999999999987,0,0,0
370,-0.0115384615385,0,0,45.35,25.392500000000002,0.0,0.057499999999999996,0,0.8099999999999987,0,0,0
365,-0.0423076923077,0,0,45.86666666666667,25.3775,0.0,0.055,0,0.8099999999999987,0,0,0
370,-0.0230769230769,0,0,46.88333333333333,25.3775,0.0,0.06,0,0.75,0,0,0
370,-0.00384615384615,0,0,47.38333333333333,25.3625,0.0,0.06,0,0.75,0,0,0
365,-0.0307692307692,0,0,47.9,25.392500000000002,0.0,0.0575,0,0.8099999999999987,0,0,0
365,-0.103846153846,0,0,48.416666666666664,25.392500000000002,0.0,0.0625,0,0.8099999999999987,0,0,0
365,-0.126923076923,0,0,48.916666666666664,25.392500000000002,0.0,0.0575,0,0.8099999999999987,0,0,0
370,-0.1,0,0,49.43333333333333,25.3775,0.0,0.0575,0,0.75,0,0,0
365,-0.119230769231,0,0,49.95,25.392500000000002,0.0,0.0625,0,0.8099999999999987,0,0,0
365,-0.134615384615,0,0,50.45,25.392500000000002,0.0,0.0625,0,0.8099999999999987,0,0,0
370,-0.1,0,0,50.96666666666667,25.3775,0.0,0.06,0,0.8099999999999987,0,0,0
370,-0.0653846153846,0,0,51.483333333333334,25.407500000000002,0.0,0.065,0,0.8699999999999974,0,0,0
365,-0.0769230769231,0,0,51.983333333333334,25.392500000000002,0.0,0.0575,0,0.8099999999999987,0,0,0
365,-0.0846153846154,0,0,52.5,25.392500000000002,0.0,0.06,0,0.8099999999999987,0,0,0
370,-0.0423076923077,0,0,53.0,25.3625,0.0,0.065,0,0.75,0,0,0
365,-0.0961538461538,0,0,53.516666666666666,25.3625,0.0,0.06,0,0.75,0,0,0
370,-0.0538461538462,0,0,54.03333333333333,25.392500000000002,0.0,0.065,0,0.8099999999999987,0,0,0
365,-0.107692307692,0,0,54.53333333333333,25.3775,0.0,0.057499999999999996,0,0.75,0,0,0
365,-0.161538461538,0,0,55.05,25.3775,0.0,0.06,0,0.75,0,0,0
365,-0.165384615385,0,0,55.56666666666667,25.392500000000002,0.0,0.0625,0,0.8099999999999987,0,0,0
365,-0.165384615385,0,0,56.06666666666667,25.3775,0.0,0.055,0,0.75,0,0,0
365,-0.161538461538,0,0,56.583333333333336,25.3625,0.0,0.057499999999999996,0,0.75,0,0,0
365,-0.153846153846,0,0,57.1,25.3775,0.0,0.060000000000000005,0,0.75,0,0,0
365,-0.142307692308,0,0,57.6,25.3625,0.0,0.0575,0,0.8099999999999987,0,0,0
370,-0.0807692307692,0,0,58.11666666666667,25.3625,0.0,0.06,0,0.75,0,0,0
370,-0.0192307692308,0,0,58.61666666666667,25.3625,0.0,0.0625,0,0.75,0,0,0
365,-0.0538461538462,0,0,59.13333333333333,25.3625,0.0,0.057499999999999996,0,0.8099999999999987,0,0,0
365,-0.0384615384615,0,0,59.65,25.3625,0.0,0.057499999999999996,0,0.75,0,0,0
365,-0.0192307692308,0,0,60.15,25.3475,0.0,0.060000000000000005,0,0.75,0,0,0
370,-1.23168185923e-17,0,0,60.666666666666664,25.3625,0.0,0.06,0,0.75,0,0,0
370,0.0153846153846,0,0,61.18333333333333,25.3475,0.0,0.055,0,0.75,0,0,0
370,0.0269230769231,0,0,61.68333333333333,25.3625,0.0,0.06,0,0.75,0,0,0
365,0.0384615384615,0,0,62.2,25.3475,0.0,0.06,0,0.75,0,0,0
365,0.00384615384615,0,0,62.7,25.3625,0.0,0.06,0,0.75,0,0,0
370,0.0153846153846,0,0,63.21666666666667,25.3775,0.0,0.06,0,0.8099999999999987,0,0,0
365,0.0269230769231,0,0,63.733333333333334,25.3325,0.0,0.06,0,0.8100000000000023,0,0,0
365,0.0423076923077,0,0,64.23333333333333,25.3775,0.0,0.055,0,0.8099999999999987,0,0,0
365,0.0115384615385,0,0,64.75,25.392500000000002,0.0,0.060000000000000005,0,0.8099999999999987,0,0,0
365,-0.0192307692308,0,0,65.26666666666667,25.3625,0.0,0.0575,0,0.8100000000000023,0,0,0
365,0.0,0,0,65.76666666666667,25.3775,0.0,0.06,0,0.75,0,0,0
365,-0.0269230769231,0,0,66.28333333333333,25.3625,0.0,0.06,0,0.870000000000001,0,0,0
365,-0.00384615384615,0,0,66.8,25.3475,0.0,0.057499999999999996,0,0.870000000000001,0,0,0
365,-0.0269230769231,0,0,67.3,25.3625,0.0,0.06,0,0.870000000000001,0,0,0
365,-0.05,0,0,67.81666666666666,25.3475,0.0,0.06,0,0.870000000000001,0,0,0
365,-0.0730769230769,0,0,68.31666666666666,25.3475,0.0,0.06,0,0.75,0,0,0
365,-0.0961538461538,0,0,68.83333333333333,25.3775,0.0,0.06,0,0.8099999999999987,0,0,0
365,-0.119230769231,0,0,69.35,25.3775,0.0,0.06,0,0.870000000000001,0,0,0
365,-0.142307692308,0,0,69.85,25.3625,0.0,0.0625,0,0.870000000000001,0,0,0
365,-0.165384615385,0,0,70.36666666666666,25.3775,0.0,0.0625,0,0.8099999999999987,0,0,0
365,-0.138461538462,0,0,70.88333333333334,25.3475,0.0,0.06,0,0.75,0,0,0
365,-0.107692307692,0,0,71.38333333333334,25.3475,0.0,0.0575,0,0.8100000000000023,0,0,0
365,-0.123076923077,0,0,71.9,25.3625,0.0,0.057499999999999996,0,0.75,0,0,0
365,-0.138461538462,0,0,72.41666666666667,25.3625,0.0,0.057499999999999996,0,0.75,0,0,0
365,-0.153846153846,0,0,72.91666666666667,25.3625,0.0,0.055,0,0.75,0,0,0
365,-0.119230769231,0,0,73.43333333333334,25.3325,0.0,0.057499999999999996,0,0.8100000000000023,0,0,0
365,-0.0807692307692,0,0,73.93333333333334,25.3625,0.0,0.06,0,0.8099999999999987,0,0,0
365,-0.0384615384615,0,0,74.45,25.3475,0.0,0.0625,0,0.870000000000001,0,0,0
365,-0.0423076923077,0,0,74.96666666666667,25.3625,0.0,0.057499999999999996,0,0.75,0,0,0
365,-0.0461538461538,0,0,75.46666666666667,25.3475,0.0,0.06,0,0.75,0,0,0
365,0.0,0,0,75.98333333333333,25.3475,0.0,0.052500000000000005,0,0.75,0,0,0
365,0.0,0,0,76.5,25.3625,0.0,0.0625,0,0.75,0,0,0
365,0.0,0,0,77.0,25.3475,0.0,0.06,0,0.870000000000001,0,0,0
365,0.0,0,0,77.51666666666667,25.3475,0.0,0.0575,0,0.870000000000001,0,0,0
365,0.0,0,0,78.03333333333333,25.3475,0.0,0.06,0,0.8100000000000023,0,0,0
365,0.0,0,0,78.53333333333333,25.3475,0.0,0.05750000000000001,0,0.870000000000001,0,0,0
365,0.0,0,0,79.05,25.3625,0.0,0.05500000000000001,0,0.870000000000001,0,0,0
365,0.0,0,0,79.55,25.3475,0.0,0.057499999999999996,0,0.8100000000000023,0,0,0
365,0.0,0,0,80.06666666666666,25.3625,0.0,0.055,0,0.870000000000001,0,0,0
365,0.0,0,0,80.58333333333333,25.3625,0.0,0.057499999999999996,0,0.8099999999999987,0,0,0
365,0.0,0,0,81.08333333333333,25.3475,0.0,0.0575,0,0.870000000000001,0,0,0
365,0.0,0,0,81.6,25.3325,0.0,0.0625,0,0.8100000000000023,0,0,0
365,0.0,0,0,82.11666666666666,25.3625,0.0,0.06,0,0.870000000000001,0,0,0
365,0.0,0,0,82.61666666666666,25.3625,0.0,0.057499999999999996,0,0.8099999999999987,0,0,0
365,0.0,0,0,83.13333333333334,25.3625,0.0,0.065,0,0.8099999999999987,0,0,0
365,0.0,0,0,83.65,25.3625,0.0,0.065,0,0.8099999999999987,0,0,0
365,0.0,0,0,84.15,25.3625,0.0,0.055,0,0.870000000000001,0,0,0
365,0.0,0,0,84.66666666666667,25.3475,0.0,0.052500000000000005,0,0.870000000000001,0,0,0
365,0.0,0,0,85.16666666666667,25.3475,0.0,0.060000000000000005,0,0.870000000000001,0,0,0
365,0.0,0,0,85.68333333333334,25.3475,0.0,0.057499999999999996,0,0.870000000000001,0,0,0
365,0.0,0,0,86.2,25.3475,0.0,0.06,0,0.870000000000001,0,0,0
365,0.0,0,0,86.7,25.3475,0.0,0.055,0,0.870000000000001,0,0,0
365,0.0,0,0,87.21666666666667,25.3475,0.0,0.0575,0,0.870000000000001,0,0,0
365,0.0,0,0,87.73333333333333,25.3475,0.0,0.06,0,0.870000000000001,0,0,0
365,0.0,0,0,88.23333333333333,25.3475,0.0,0.0625,0,0.870000000000001,0,0,0
365,0.0,0,0,88.75,25.3775,0.0,0.0625,0,0.8099999999999987,0,0,0
365,0.0,0,0,89.26666666666667,25.3775,0.0,0.06,0,0.8099999999999987,0,0,0
365,0.0,0,0,89.76666666666667,25.3775,0.0,0.06,0,0.8099999999999987,0,0,0
365,0.0,0,0,90.28333333333333,25.3475,0.0,0.065,0,0.8100000000000023,0,0,0
365,0.0,0,0,90.78333333333333,25.3475,0.0,0.057499999999999996,0,0.870000000000001,0,0,0
365,0.0,0,0,91.3,25.3775,0.0,0.09999999999999999,0,0.9299999999999997,0,0,2
365,0.0,0,0,91.81666666666666,25.3625,0.0,0.06,0,0.870000000000001,0,0,0
365,0.0,0,0,92.31666666666666,25.3625,0.0,0.065,0,0.8099999999999987,0,0,0
365,0.0,0,0,92.83333333333333,25.3475,0.0,0.06,0,0.870000000000001,0,0,0
365,0.0,0,0,93.35,25.33,0.0,0.0575,0,0.870000000000001,0,0,0
365,0.0,0,0,93.85,25.3475,0.0,0.0575,0,0.870000000000001,0,0,0
365,0.0,0,0,94.36666666666666,25.3625,0.0,0.06,0,0.870000000000001,0,0,0
365,0.0,0,0,94.88333333333334,25.3475,0.0,0.06,0,0.870000000000001,0,0,0
365,0.0,0,0,95.38333333333334,25.3475,0.0,0.057499999999999996,0,0.870000000000001,0,0,0
365,0.0,0,0,95.9,25.3475,0.0,0.0575,0,0.870000000000001,0,0,0
365,0.0,0,0,96.4,25.3475,0.0,0.06,0,0.870000000000001,0,0,0
365,0.0,0,0,96.91666666666667,25.3475,0.0,0.06,0,0.870000000000001,0,0,0
365,0.0,0,0,97.43333333333334,25.3775,0.0,0.06,0,0.8099999999999987,0,0,0
365,0.0,0,0,97.93333333333334,25.3775,0.0,0.055,0,0.8099999999999987,0,0,0
365,0.0,0,0,98.45,25.3625,0.0,0.06,0,0.870000000000001,0,0,0
365,0.0,0,0,98.96666666666667,25.3475,0.0,0.06,0,0.870000000000001,0,0,0
365,0.0,0,0,99.46666666666667,25.3325,0.0,0.065,0,0.8100000000000023,0,0,0
365,0.0,0,0,99.98333333333333,25.3325,0.0,0.057499999999999996,0,0.8100000000000023,0,0,0
365,0.0,0,0,100.48333333333333,25.3325,0.0,0.0625,0,0.8100000000000023,0,0,0
365,0.0,0,0,101.0,25.3475,0.0,0.06,0,0.870000000000001,0,0,0
365,0.0,0,0,101.51666666666667,25.3475,0.0,0.06,0,0.870000000000001,0,0,0
365,0.0,0,0,102.53333333333333,25.3475,0.0,0.0575,0,0.870000000000001,0,0,0
365,0.0,0,0,103.05,25.3325,0.0,0.06,0,0.8100000000000023,0,0,0
365,0.0,0,0,103.55,25.3475,0.0,0.057499999999999996,0,0.870000000000001,0,0,0
365,0.0,0,0,104.06666666666666,25.3475,0.0,0.0575,0,0.870000000000001,0,0,0
365,0.0,0,0,104.58333333333333,25.3475,0.0,0.06,0,0.870000000000001,0,0,0
365,0.0,0,0,105.08333333333333,25.3475,0.0,0.06,0,0.870000000000001,0,0,0
365,0.0,0,0,105.6,25.3625,0.0,0.06,0,0.9299999999999997,0,0,0
365,0.0,0,0,106.1,25.3625,0.0,0.06,0,0.8099999999999987,0,0,0
365,0.0,0,0,106.61666666666666,25.3475,0.0,0.0625,0,0.870000000000001,0,0,0
365,0.0,0,0,107.13333333333334,25.3625,0.0,0.06,0,0.9299999999999997,0,0,0
365,0.0,0,0,107.63333333333334,25.3625,0.0,0.057499999999999996,0,0.9299999999999997,0,0,0
365,0.0,0,0,108.15,25.3475,0.0,0.0625,0,0.870000000000001,0,0,0
365,0.0,0,0,108.66666666666667,25.3475,0.0,0.0575,0,0.870000000000001,0,0,0
365,0.0,0,0,109.16666666666667,25.3325,0.0,0.06,0,0.8100000000000023,0,0,0
365,0.0,0,0,109.68333333333334,25.3475,0.0,0.06,0,0.870000000000001,0,0,0
365,0.0,0,0,110.2,25.3475,0.0,0.060000000000000005,0,0.870000000000001,0,0,0
365,0.0,0,0,110.7,25.3475,0.0,0.06,0,0.870000000000001,0,0,0
365,0.0,0,0,111.21666666666667,25.3475,0.0,0.06,0,0.870000000000001,0,0,0
365,0.0,0,0,111.71666666666667,25.3325,0.0,0.057499999999999996,0,0.8100000000000023,0,0,0
365,0.0,0,0,112.23333333333333,25.3325,0.0,0.0625,0,0.8100000000000023,0,0,0
365,0.0,0,0,112.75,25.3325,0.0,0.057499999999999996,0,0.8100000000000023,0,0,0
365,0.0,0,0,113.25,25.3325,0.0,0.06,0,0.8100000000000023,0,0,0
365,0.0,0,0,113.76666666666667,25.3325,0.0,0.057499999999999996,0,0.8100000000000023,0,0,0
365,0.0,0,0,114.28333333333333,25.3325,0.0,0.06,0,0.8100000000000023,0,0,0
365,0.0,0,0,114.78333333333333,25.3325,0.0,0.057499999999999996,0,0.8100000000000023,0,0,0
365,0.0,0,0,115.3,25.3325,0.0,0.055,0,0.8100000000000023,0,0,0
365,0.0,0,0,115.81666666666666,25.3325,0.0,0.0575,0,0.8100000000000023,0,0,0
365,0.0,0,0,116.31666666666666,25.3475,0.0,0.06,0,0.870000000000001,0,0,0
365,0.0,0,0,116.83333333333333,25.3475,0.0,0.057499999999999996,0,0.870000000000001,0,0,0
365,0.0,0,0,117.33333333333333,25.3475,0.0,0.06,0,0.870000000000001,0,0,0
365,0.0,0,0,117.85,25.3475,0.0,0.0625,0,0.870000000000001,0,0,0
365,0.0,0,0,118.36666666666666,25.3475,0.0,0.05499999999999999,0,0.870000000000001,0,0,0
365,0.0,0,0,118.86666666666666,25.3475,0.0,0.0625,0,0.870000000000001,0,0,0
365,0.0,0,0,119.38333333333334,25.3475,0.0,0.06,0,0.870000000000001,0,0,0
365,0.0,0,0,119.9,25.33,0.0,0.06,0,0.870000000000001,0,0,0
365,0.0,0,0,120.4,25.314999999999998,0.0,0.0625,0,0.8800000000000026,0,0,0
365,0.0,0,0,120.91666666666667,25.3325,0.0,0.06,0,0.8100000000000023,0,0,0
365,0.0,0,0,121.43333333333334,25.3325,0.0,0.06,0,0.8100000000000023,0,0,0
365,0.0,0,0,121.93333333333334,25.3325,0.0,0.055,0,0.8100000000000023,0,0,0
365,0.0,0,0,122.45,25.314999999999998,0.0,0.06,0,0.8800000000000026,0,0,0
365,0.0,0,0,122.95,25.33,0.0,0.06,0,0.9400000000000013,0,0,0
365,0.0,0,0,123.46666666666667,25.3475,0.0,0.0575,0,0.870000000000001,0,0,0
365,0.0,0,0,123.98333333333333,25.3475,0.0,0.0575,0,0.870000000000001,0,0,0
365,0.0,0,0,124.48333333333333,25.3475,0.0,0.0625,0,0.870000000000001,0,0,0
365,0.0,0,0,125.0,25.33,0.0,0.06,0,0.9400000000000013,0,0,0
365,0.0,0,0,125.51666666666667,25.3625,0.0,0.057499999999999996,0,0.9299999999999997,0,0,0
365,0.0,0,0,126.01666666666667,25.3475,0.0,0.0625,0,0.870000000000001,0,0,0
365,0.0,0,0,126.53333333333333,25.3475,0.0,0.057499999999999996,0,0.870000000000001,0,0,0
365,0.0,0,0,127.05,25.3475,0.0,0.057499999999999996,0,0.870000000000001,0,0,0
365,0.0,0,0,127.55,25.3475,0.0,0.0625,0,0.870000000000001,0,0,0
365,0.0,0,0,128.06666666666666,25.3475,0.0,0.065,0,0.870000000000001,0,0,0
365,0.0,0,0,128.56666666666666,25.33,0.0,0.0625,0,0.9400000000000013,0,0,0
365,0.0,0,0,129.08333333333334,25.3475,0.0,0.057499999999999996,0,0.870000000000001,0,0,0
365,0.0,0,0,129.6,25.3475,0.0,0.06,0,0.870000000000001,0,0,0
365,0.0,0,0,130.1,25.33,0.0,0.057499999999999996,0,0.9400000000000013,0,0,0
365,0.0,0,0,130.61666666666667,25.33,0.0,0.06,0,0.9400000000000013,0,0,0
365,0.0,0,0,131.13333333333333,25.3475,0.0,0.06,0,0.870000000000001,0,0,0
365,0.0,0,0,131.63333333333333,25.2975,0.0,0.057499999999999996,0,0.8800000000000026,0,0,0
365,0.0,0,0,132.15,25.33,0.0,0.057499999999999996,0,0.870000000000001,0,0,0
365,0.0,0,0,132.65,25.3475,0.0,0.057499999999999996,0,0.870000000000001,0,0,0
365,0.0,0,0,133.16666666666666,25.3475,0.0,0.06,0,0.870000000000001,0,0,0
365,0.0,0,0,133.68333333333334,25.33,0.0,0.0575,0,0.9400000000000013,0,0,0
365,0.0,0,0,134.18333333333334,25.3475,0.0,0.057499999999999996,0,0.870000000000001,0,0,0
365,0.0,0,0,134.7,25.314999999999998,0.0,0.0575,0,0.8800000000000026,0,0,0
365,0.0,0,0,135.21666666666667,25.33,0.0,0.06,0,0.870000000000001,0,0,0
365,0.0,0,0,135.71666666666667,25.3475,0.0,0.06,0,0.870000000000001,0,0,0
365,0.0,0,0,136.23333333333332,25.33,0.0,0.057499999999999996,0,0.870000000000001,0,0,0
365,0.0,0,0,136.75,25.3475,0.0,0.057499999999999996,0,0.870000000000001,0,0,0
365,0.0,0,0,137.25,25.33,0.0,0.055,0,0.870000000000001,0,0,0
365,0.0,0,0,137.76666666666668,25.3475,0.0,0.055,0,0.870000000000001,0,0,0
365,0.0,0,0,138.26666666666668,25.3325,0.0,0.0625,0,0.8100000000000023,0,0,0
365,0.0,0,0,138.78333333333333,25.314999999999998,0.0,0.057499999999999996,0,0.8800000000000026,0,0,0
365,0.0,0,0,139.3,25.33,0.0,0.06,0,0.9400000000000013,0,0,0
365,0.0,0,0,139.8,25.3475,0.0,0.06,0,0.870000000000001,0,0,0
365,0.0,0,0,140.31666666666666,25.3475,0.0,0.06,0,0.870000000000001,0,0,0
365,0.0,0,0,140.83333333333334,25.33,0.0,0.06,0,0.9400000000000013,0,0,0
365,0.0,0,0,141.33333333333334,25.33,0.0,0.057499999999999996,0,0.9400000000000013,0,0,0
365,0.0,0,0,141.85,25.3125,0.0,0.057499999999999996,0,0.9400000000000013,0,0,0
365,0.0,0,0,142.36666666666667,25.314999999999998,0.0,0.0625,0,0.8100000000000023,0,0,0
365,0.0,0,0,142.86666666666667,25.3125,0.0,0.065,0,0.9400000000000013,0,0,0
365,0.0,0,0,143.38333333333333,25.3475,0.0,0.057499999999999996,0,0.870000000000001,0,0,0
365,0.0,0,0,143.88333333333333,25.3325,0.0,0.06,0,0.8100000000000023,0,0,0
360,-0.0461538461538,0,0,144.4,25.3125,0.0,0.06,0,0.9400000000000013,0,0,0
360,-0.0884615384615,0,0,144.91666666666666,25.2975,0.0,0.0625,0,0.8800000000000026,0,0,0
365,-0.0807692307692,0,0,145.41666666666666,25.3325,0.0,0.0575,0,0.8100000000000023,0,0,0
365,-0.0730769230769,0,0,145.93333333333334,25.314999999999998,0.0,0.0575,0,0.8800000000000026,0,0,0
365,-0.0653846153846,0,0,146.45,25.314999999999998,0.0,0.06,0,0.8800000000000026,0,0,0
365,-0.0576923076923,0,0,146.95,25.2975,0.0,0.057499999999999996,0,0.8800000000000026,0,0,0
360,-0.0961538461538,0,0,147.46666666666667,25.314999999999998,0.0,0.06,0,0.8800000000000026,0,0,0
360,-0.130769230769,0,0,147.98333333333332,25.314999999999998,0.0,0.06,0,0.8100000000000023,0,0,0
365,-0.115384615385,0,0,148.48333333333332,25.2825,0.0,0.055,0,0.8200000000000003,0,0,0
365,-0.1,0,0,149.0,25.314999999999998,0.0,0.057499999999999996,0,0.8100000000000023,0,0,0
360,-0.130769230769,0,0,149.5,25.279999999999998,0.0,0.0575,0,0.8800000000000026,0,0,0
365,-0.111538461538,0,0,150.01666666666668,25.294999999999998,0.0,0.055,0,0.9400000000000013,0,0,0
365,-0.0923076923077,0,0,150.53333333333333,25.314999999999998,0.0,0.0625,0,0.8800000000000026,0,0,0
365,-0.0730769230769,0,0,151.03333333333333,25.2975,0.0,0.06,0,0.8800000000000026,0,0,0
365,-0.0538461538462,0,0,151.55,25.294999999999998,0.0,0.06,0,0.9400000000000013,0,0,0
365,-0.0346153846154,0,0,152.06666666666666,25.294999999999998,0.0,0.057499999999999996,0,0.9400000000000013,0,0,0
360,-0.0615384615385,0,0,152.56666666666666,25.279999999999998,0.0,0.06,0,0.8800000000000026,0,0,0
365,-0.0384615384615,0,0,153.08333333333334,25.2975,0.0,0.057499999999999996,0,0.8800000000000026,0,0,0
360,-0.0615384615385,0,0,153.6,25.2975,0.0,0.0575,0,0.8800000000000026,0,0,0
360,-0.0807692307692,0,0,154.1,25.2975,0.0,0.0625,0,0.8800000000000026,0,0,0
365,-0.05,0,0,154.61666666666667,25.2975,0.0,0.057499999999999996,0,0.8800000000000026,0,0,0
365,-0.0192307692308,0,0,155.11666666666667,25.279999999999998,0.0,0.057499999999999996,0,0.8800000000000026,0,0,0
365,0.0115384615385,0,0,155.63333333333333,25.279999999999998,0.0,0.057499999999999996,0,0.8800000000000026,0,0,0
365,0.0423076923077,0,0,156.15,25.2975,0.0,0.052500000000000005,0,0.8800000000000026,0,0,0
360,0.0269230769231,0,0,156.65,25.2975,0.0,0.0575,0,0.8800000000000026,0,0,0
365,0.0115384615385,0,0,157.16666666666666,25.2975,0.0,0.0625,0,0.8800000000000026,0,0,0
365,-0.00769230769231,0,0,157.68333333333334,25.2975,0.0,0.06,0,0.8800000000000026,0,0,0
360,-0.0269230769231,0,0,158.18333333333334,25.2975,0.0,0.057499999999999996,0,0.8800000000000026,0,0,0
360,-0.0423076923077,0,0,158.7,25.2975,0.0,0.06,0,0.8800000000000026,0,0,0
365,-0.00769230769231,0,0,159.21666666666667,25.2975,0.0,0.057499999999999996,0,0.8800000000000026,0,0,0
365,0.0269230769231,0,0,160.23333333333332,25.279999999999998,0.0,0.06,0,0.8800000000000026,0,0,0
360,-0.0346153846154,0,0,160.73333333333332,25.2975,0.0,0.06,0,0.8800000000000026,0,0,0
365,-0.05,0,0,161.25,25.2975,0.0,0.057499999999999996,0,0.8800000000000026,0,0,0
365,-0.0192307692308,0,0,161.76666666666668,25.2975,0.0,0.06,0,0.8800000000000026,0,0,0
365,0.0115384615385,0,0,162.26666666666668,25.2975,0.0,0.057499999999999996,0,0.8800000000000026,0,0,0
360,-0.0538461538462,0,0,162.78333333333333,25.2975,0.0,0.06,0,0.8800000000000026,0,0,0
360,-0.0692307692308,0,0,163.3,25.2975,0.0,0.057499999999999996,0,0.8800000000000026,0,0,0
360,-0.0807692307692,0,0,163.8,25.2975,0.0,0.06,0,0.8800000000000026,0,0,0
360,-0.0884615384615,0,0,164.31666666666666,25.2975,0.0,0.0625,0,0.8800000000000026,0,0,0
360,-0.0923076923077,0,0,164.81666666666666,25.279999999999998,0.0,0.06,0,0.8800000000000026,0,0,0
360,-0.0923076923077,0,0,165.33333333333334,25.279999999999998,0.0,0.057499999999999996,0,0.8800000000000026,0,0,0
365,-0.0923076923077,0,0,165.85,25.279999999999998,0.0,0.0625,0,0.8800000000000026,0,0,0
360,-0.0923076923077,0,0,166.35,25.279999999999998,0.0,0.065,0,0.8800000000000026,0,0,0
360,-0.138461538462,0,0,166.86666666666667,25.265,0.0,0.060000000000000005,0,0.9400000000000013,0,0,0
360,-0.184615384615,0,0,167.38333333333333,25.279999999999998,0.0,0.06,0,0.8800000000000026,0,0,0
365,-0.134615384615,0,0,167.88333333333333,25.279999999999998,0.0,0.0625,0,0.8800000000000026,0,0,0
360,-0.130769230769,0,0,168.4,25.279999999999998,0.0,0.05499999999999999,0,0.8800000000000026,0,0,0
360,-0.123076923077,0,0,168.91666666666666,25.279999999999998,0.0,0.0625,0,0.8800000000000026,0,0,0
360,-0.111538461538,0,0,169.41666666666666,25.2825,0.0,0.06,0,0.8200000000000003,0,0,0
360,-0.146153846154,0,0,169.93333333333334,25.264999999999997,0.0,0.0625,0,0.8200000000000003,0,0,0
365,-0.0846153846154,0,0,170.43333333333334,25.2975,0.0,0.060000000000000005,0,0.8800000000000026,0,0,0
360,-0.0692307692308,0,0,170.95,25.279999999999998,0.0,0.06,0,0.8800000000000026,0,0,0
365,-0.0538461538462,0,0,171.46666666666667,25.2675,0.0,0.06,0,0.879999999999999,0,0,0
365,-0.0423076923077,0,0,171.96666666666667,25.279999999999998,0.0,0.06,0,0.8800000000000026,0,0,0
360,-0.0307692307692,0,0,172.48333333333332,25.2825,0.0,0.0625,0,0.9400000000000013,0,0,0
360,-0.0153846153846,0,0,173.0,25.279999999999998,0.0,0.060000000000000005,0,0.8800000000000026,0,0,0
360,-0.0461538461538,0,0,173.5,25.2975,0.0,0.057499999999999996,0,0.8800000000000026,0,0,0
360,-0.0269230769231,0,0,174.01666666666668,25.279999999999998,0.0,0.0625,0,0.8800000000000026,0,0,0
360,-0.00384615384615,0,0,174.53333333333333,25.265,0.0,0.057499999999999996,0,0.9400000000000013,0,0,0
360,0.0230769230769,0,0,175.03333333333333,25.2825,0.0,0.05499999999999999,0,0.9400000000000013,0,0,0
360,0.00384615384615,0,0,175.55,25.264999999999997,0.0,0.057499999999999996,0,0.8200000000000003,0,0,0
360,-0.0153846153846,0,0,176.05,25.264999999999997,0.0,0.060000000000000005,0,0.8200000000000003,0,0,0
360,-0.0346153846154,0,0,176.56666666666666,25.279999999999998,0.0,0.06,0,0.8800000000000026,0,0,0
360,-0.0538461538462,0,0,177.08333333333334,25.265,0.0,0.055,0,0.9400000000000013,0,0,0
360,-0.0730769230769,0,0,177.58333333333334,25.264999999999997,0.0,0.057499999999999996,0,0.8200000000000003,0,0,0
360,-0.0923076923077,0,0,178.1,25.264999999999997,0.0,0.06,0,0.8200000000000003,0,0,0
360,-0.0615384615385,0,0,178.61666666666667,25.2675,0.0,0.06,0,0.879999999999999,0,0,0
360,-0.0769230769231,0,0,179.11666666666667,25.2975,0.0,0.0625,0,0.8800000000000026,0,0,0
360,-0.0923076923077,0,0,179.63333333333333,25.279999999999998,0.0,0.06,0,0.8800000000000026,0,0,0
360,-0.107692307692,0,0,180.15,25.265,0.0,0.057499999999999996,0,0.9400000000000013,0,0,0
360,-0.0730769230769,0,0,180.65,25.265,0.0,0.06,0,0.9400000000000013,0,0,0
360,-0.0846153846154,0,0,181.16666666666666,25.279999999999998,0.0,0.055,0,0.8800000000000026,0,0,0
360,-0.0961538461538,0,0,181.66666666666666,25.265,0.0,0.0625,0,0.9400000000000013,0,0,0
360,-0.107692307692,0,0,182.18333333333334,25.264999999999997,0.0,0.055,0,0.8200000000000003,0,0,0
360,-0.119230769231,0,0,182.7,25.279999999999998,0.0,0.0575,0,0.8800000000000026,0,0,0
360,-0.0807692307692,0,0,183.2,25.25,0.0,0.06,0,0.879999999999999,0,0,0
360,-0.0884615384615,0,0,183.71666666666667,25.264999999999997,0.0,0.05500000000000001,0,0.8200000000000003,0,0,0
360,-0.0461538461538,0,0,184.23333333333332,25.264999999999997,0.0,0.052500000000000005,0,0.8200000000000003,0,0,0
360,0.0,0,0,184.73333333333332,25.264999999999997,0.0,0.0575,0,0.8200000000000003,0,0,0
360,0.0,0,0,185.25,25.264999999999997,0.0,0.057499999999999996,0,0.8200000000000003,0,0,0
360,0.0,0,0,185.76666666666668,25.264999999999997,0.0,0.052500000000000005,0,0.8200000000000003,0,0,0
360,0.0,0,0,186.26666666666668,25.279999999999998,0.0,0.057499999999999996,0,0.8800000000000026,0,0,0
360,0.0,0,0,186.78333333333333,25.279999999999998,0.0,0.06,0,0.8800000000000026,0,0,0
360,0.0,0,0,187.28333333333333,25.265,0.0,0.0575,0,0.9400000000000013,0,0,0
365,0.0461538461538,0,0,187.8,25.264999999999997,0.0,0.06,0,0.8200000000000003,0,0,0
360,0.0423076923077,0,0,188.31666666666666,25.264999999999997,0.0,0.0625,0,0.8200000000000003,0,0,0
360,0.0384615384615,0,0,188.81666666666666,25.264999999999997,0.0,0.06,0,0.8200000000000003,0,0,0
360,0.0346153846154,0,0,189.33333333333334,25.25,0.0,0.0625,0,0.879999999999999,0,0,0
360,0.0307692307692,0,0,189.85,25.2825,0.0,0.055,0,0.8200000000000003,0,0,0
365,0.0730769230769,0,0,190.35,25.25,0.0,0.0625,0,0.879999999999999,0,0,0
360,0.0653846153846,0,0,190.86666666666667,25.25,0.0,0.06,0,0.879999999999999,0,0,0
360,0.0576923076923,0,0,191.38333333333333,25.25,0.0,0.0575,0,0.879999999999999,0,0,0
360,0.05,0,0,191.88333333333333,25.25,0.0,0.055,0,0.879999999999999,0,0,0
360,0.0423076923077,0,0,192.4,25.25,0.0,0.06,0,0.879999999999999,0,0,0
360,0.0346153846154,0,0,192.9,25.25,0.0,0.06,0,0.879999999999999,0,0,0
360,0.0269230769231,0,0,193.41666666666666,25.264999999999997,0.0,0.0575,0,0.8200000000000003,0,0,0
360,0.0192307692308,0,0,193.93333333333334,25.265,0.0,0.06,0,0.9400000000000013,0,0,0
360,0.0115384615385,0,0,194.43333333333334,25.279999999999998,0.0,0.0575,0,0.8800000000000026,0,0,0
360,0.00384615384615,0,0,194.95,25.264999999999997,0.0,0.06,0,0.8200000000000003,0,0,0
360,-0.00384615384615,0,0,195.46666666666667,25.264999999999997,0.0,0.05500000000000001,0,0.8200000000000003,0,0,0
360,-0.0115384615385,0,0,195.96666666666667,25.264999999999997,0.0,0.057499999999999996,0,0.8200000000000003,0,0,0
360,-0.0192307692308,0,0,196.48333333333332,25.25,0.0,0.0575,0,0.879999999999999,0,0,0
360,-0.0269230769231,0,0,196.98333333333332,25.25,0.0,0.06,0,0.879999999999999,0,0,0
360,-0.0346153846154,0,0,197.5,25.25,0.0,0.057499999999999996,0,0.879999999999999,0,0,0
360,-0.0423076923077,0,0,198.01666666666668,25.264999999999997,0.0,0.0625,0,0.8200000000000003,0,0,0
360,-0.05,0,0,198.51666666666668,25.25,0.0,0.057499999999999996,0,0.879999999999999,0,0,0
360,-0.0576923076923,0,0,199.03333333333333,25.265,0.0,0.065,0,0.9400000000000013,0,0,0
360,-0.0653846153846,0,0,199.55,25.265,0.0,0.060000000000000005,0,0.9400000000000013,0,0,0
360,-0.0730769230769,0,0,200.05,25.264999999999997,0.0,0.06,0,0.8200000000000003,0,0,0
360,-0.0307692307692,0,0,200.56666666666666,25.25,0.0,0.060000000000000005,0,0.879999999999999,0,0,0
360,-0.0346153846154,0,0,201.08333333333334,25.264999999999997,0.0,0.06,0,0.8200000000000003,0,0,0
360,-0.0384615384615,0,0,201.58333333333334,25.264999999999997,0.0,0.06,0,0.8200000000000003,0,0,0
360,-0.0423076923077,0,0,202.1,25.25,0.0,0.065,0,0.879999999999999,0,0,0
360,-0.0461538461538,0,0,202.6,25.25,0.0,0.057499999999999996,0,0.879999999999999,0,0,0
360,0.0,0,0,203.11666666666667,25.265,0.0,0.05499999999999999,0,0.9400000000000013,0,0,0
360,0.0,0,0,203.63333333333333,25.265,0.0,0.0575,0,0.9400000000000013,0,0,0
360,0.0,0,0,204.13333333333333,25.25,0.0,0.0575,0,0.879999999999999,0,0,0
360,0.0,0,0,204.65,25.25,0.0,0.0625,0,0.879999999999999,0,0,0
360,0.0,0,0,205.16666666666666,25.25,0.0,0.0625,0,0.879999999999999,0,0,0
360,0.0,0,0,205.66666666666666,25.25,0.0,0.057499999999999996,0,0.879999999999999,0,0,0
360,0.0,0,0,206.18333333333334,25.235,0.0,0.05499999999999999,0,0.879999999999999,0,0,0
360,0.0,0,0,206.7,25.25,0.0,0.057499999999999996,0,0.879999999999999,0,0,0
360,0.0,0,0,207.2,25.25,0.0,0.0625,0,0.879999999999999,0,0,0
360,0.0,0,0,207.71666666666667,25.235,0.0,0.06,0,0.879999999999999,0,0,0
360,0.0,0,0,208.73333333333332,25.264999999999997,0.0,0.06,0,0.8200000000000003,0,0,0
360,0.0,0,0,209.25,25.25,0.0,0.06,0,0.879999999999999,0,0,0
360,0.0,0,0,209.75,25.25,0.0,0.06,0,0.879999999999999,0,0,0
360,0.0,0,0,210.26666666666668,25.25,0.0,0.05500000000000001,0,0.879999999999999,0,0,0
360,0.0,0,0,210.78333333333333,25.235,0.0,0.057499999999999996,0,0.879999999999999,0,0,0
360,0.0,0,0,211.28333333333333,25.235,0.0,0.057499999999999996,0,0.879999999999999,0,0,0
360,0.0,0,0,211.8,25.264999999999997,0.0,0.06,0,0.8200000000000003,0,0,0
360,0.0,0,0,212.31666666666666,25.25,0.0,0.0575,0,0.879999999999999,0,0,0
360,0.0,0,0,212.81666666666666,25.235,0.0,0.055,0,0.879999999999999,0,0,0
360,0.0,0,0,213.33333333333334,25.25,0.0,0.06,0,0.879999999999999,0,0,0
360,0.0,0,0,213.83333333333334,25.235,0.0,0.06,0,0.879999999999999,0,0,0
360,0.0,0,0,214.35,25.25,0.0,0.0625,0,0.879999999999999,0,0,0
360,0.0,0,0,214.86666666666667,25.235,0.0,0.0575,0,0.879999999999999,0,0,0
360,0.0,0,0,215.88333333333333,25.25,0.0,0.0625,0,0.879999999999999,0,0,0
360,0.0,0,0,216.4,25.265,0.0,0.065,0,0.9400000000000013,0,0,0
360,0.0,0,0,216.9,25.25,0.0,0.06,0,0.879999999999999,0,0,0
360,0.0,0,0,217.41666666666666,25.235,0.0,0.0625,0,0.879999999999999,0,0,0
360,0.0,0,0,217.93333333333334,25.235,0.0,0.06,0,0.879999999999999,0,0,0
360,0.0,0,0,218.43333333333334,25.25,0.0,0.06,0,0.879999999999999,0,0,0
360,0.0,0,0,218.95,25.25,0.0,0.06,0,0.9400000000000013,0,0,0
360,0.0,0,0,219.45,25.25,0.0,0.057499999999999996,0,0.9400000000000013,0,0,0
360,0.0,0,0,219.96666666666667,25.235,0.0,0.0575,0,0.879999999999999,0,0,0
360,0.0,0,0,220.48333333333332,25.265,0.0,0.06,0,0.9400000000000013,0,0,0
360,0.0,0,0,220.98333333333332,25.235,0.0,0.0575,0,0.879999999999999,0,0,0
360,0.0,0,0,221.5,25.235,0.0,0.057499999999999996,0,0.879999999999999,0,0,0
360,0.0,0,0,222.01666666666668,25.235,0.0,0.0625,0,0.879999999999999,0,0,0
360,0.0,0,0,222.51666666666668,25.235,0.0,0.06,0,0.879999999999999,0,0,0
360,0.0,0,0,223.03333333333333,25.235,0.0,0.06,0,0.879999999999999,0,0,0
360,0.0,0,0,223.55,25.235,0.0,0.052500000000000005,0,0.879999999999999,0,0,0
360,0.0,0,0,224.05,25.235,0.0,0.057499999999999996,0,0.879999999999999,0,0,0
360,0.0,0,0,224.56666666666666,25.25,0.0,0.057499999999999996,0,0.9400000000000013,0,0,0
360,0.0,0,0,225.06666666666666,25.22,0.0,0.06,0,0.879999999999999,0,0,0
360,0.0,0,0,225.58333333333334,25.235,0.0,0.06,0,0.879999999999999,0,0,0
360,0.0,0,0,226.1,25.235,0.0,0.0625,0,0.879999999999999,0,0,0
360,0.0,0,0,226.6,25.235,0.0,0.0575,0,0.879999999999999,0,0,0
360,0.0,0,0,227.11666666666667,25.25,0.0,0.0675,0,0.879999999999999,0,0,1
360,0.0,0,0,227.63333333333333,25.22,0.0,0.0625,0,0.9399999999999977,0,0,0
360,0.0,0,0,228.13333333333333,25.22,0.0,0.065,0,0.9399999999999977,0,0,0
360,0.0,0,0,228.65,25.235,0.0,0.065,0,0.879999999999999,0,0,0
360,0.0,0,0,229.15,25.25,0.0,0.0625,0,0.879999999999999,0,0,0
360,0.0,0,0,229.66666666666666,25.25,0.0,0.0575,0,0.879999999999999,0,0,0
360,0.0,0,0,230.18333333333334,25.235,0.0,0.057499999999999996,0,0.879999999999999,0,0,0
360,0.0,0,0,230.68333333333334,25.235,0.0,0.06,0,0.879999999999999,0,0,0
360,0.0,0,0,231.2,25.235,0.0,0.06,0,0.879999999999999,0,0,0
360,0.0,0,0,231.71666666666667,25.2025,0.0,0.0625,0,0.8699999999999974,0,0,0
360,0.0,0,0,232.21666666666667,25.2175,0.0,0.06,0,0.8099999999999987,0,0,0
360,0.0,0,0,232.73333333333332,25.2025,0.0,0.06,0,0.8699999999999974,0,0,0
360,0.0,0,0,233.25,25.22,0.0,0.06,0,0.9399999999999977,0,0,0
360,0.0,0,0,233.75,25.25,0.0,0.057499999999999996,0,0.879999999999999,0,0,0
360,0.0,0,0,234.26666666666668,25.235,0.0,0.060000000000000005,0,0.879999999999999,0,0,0
360,0.0,0,0,234.76666666666668,25.2175,0.0,0.052500000000000005,0,0.8099999999999987,0,0,0
360,0.0,0,0,235.28333333333333,25.235,0.0,0.0625,0,0.879999999999999,0,0,0
360,0.0,0,0,235.8,25.235,0.0,0.06,0,0.879999999999999,0,0,0
360,0.0,0,0,236.3,25.2175,0.0,0.06,0,0.8099999999999987,0,0,0
360,0.0,0,0,236.81666666666666,25.22,0.0,0.0625,0,0.9399999999999977,0,0,0
360,0.0,0,0,237.33333333333334,25.2175,0.0,0.06,0,0.8099999999999987,0,0,0
360,0.0,0,0,237.83333333333334,25.22,0.0,0.055,0,0.9399999999999977,0,0,0
360,0.0,0,0,238.35,25.22,0.0,0.055,0,0.9399999999999977,0,0,0
360,0.0,0,0,238.86666666666667,25.22,0.0,0.06,0,0.9399999999999977,0,0,0
360,0.0,0,0,239.36666666666667,25.22,0.0,0.0625,0,0.879999999999999,0,0,0
360,0.0,0,0,239.88333333333333,25.1875,0.0,0.06,0,0.8699999999999974,0,0,0
360,0.0,0,0,240.38333333333333,25.205,0.0,0.06,0,0.9399999999999977,0,0,0
360,0.0,0,0,240.9,25.205,0.0,0.06,0,0.9399999999999977,0,0,0
360,0.0,0,0,241.41666666666666,25.235,0.0,0.06,0,1.0,0,0,0
360,0.0,0,0,241.91666666666666,25.205,0.0,0.06,0,0.9399999999999977,0,0,0
360,0.0,0,0,242.43333333333334,25.235,0.0,0.057499999999999996,0,0.9400000000000013,0,0,0
360,0.0,0,0,242.95,25.235,0.0,0.0575,0,0.879999999999999,0,0,0
360,0.0,0,0,243.45,25.235,0.0,0.06,0,0.879999999999999,0,0,0
360,0.0,0,0,243.96666666666667,25.235,0.0,0.0625,0,0.879999999999999,0,0,0
360,0.0,0,0,244.48333333333332,25.235,0.0,0.06,0,0.9400000000000013,0,0,0
360,0.0,0,0,244.98333333333332,25.22,0.0,0.057499999999999996,0,0.9399999999999977,0,0,0
360,0.0,0,0,245.5,25.205,0.0,0.06,0,0.9399999999999977,0,0,0
360,0.0,0,0,246.0,25.205,0.0,0.0625,0,0.9399999999999977,0,0,0
360,0.0,0,0,246.51666666666668,25.22,0.0,0.060000000000000005,0,0.9399999999999977,0,0,0
360,0.0,0,0,247.03333333333333,25.22,0.0,0.06,0,0.9399999999999977,0,0,0
360,0.0,0,0,247.53333333333333,25.22,0.0,0.057499999999999996,0,0.9399999999999977,0,0,0
360,0.0,0,0,248.05,25.22,0.0,0.05500000000000001,0,0.9399999999999977,0,0,0
360,0.0,0,0,248.56666666666666,25.205,0.0,0.06,0,0.9399999999999977,0,0,0
360,0.0,0,0,249.06666666666666,25.2025,0.0,0.0625,0,0.8099999999999987,0,0,0
360,0.0,0,0,249.58333333333334,25.1875,0.0,0.0575,0,0.8699999999999974,0,0,0
360,0.0,0,0,250.1,25.205,0.0,0.05499999999999999,0,0.9399999999999977,0,0,0
360,0.0,0,0,250.6,25.205,0.0,0.0625,0,0.9399999999999977,0,0,0
360,0.0,0,0,251.11666666666667,25.205,0.0,0.0625,0,0.9399999999999977,0,0,0
360,0.0,0,0,251.61666666666667,25.2175,0.0,0.06,0,0.8099999999999987,0,0,0
360,0.0,0,0,252.13333333333333,25.2175,0.0,0.065,0,0.8099999999999987,0,0,0
360,0.0,0,0,252.65,25.2025,0.0,0.06,0,0.8099999999999987,0,0,0
360,0.0,0,0,253.15,25.205,0.0,0.0625,0,0.9399999999999977,0,0,0
360,0.0,0,0,253.66666666666666,25.22,0.0,0.06,0,0.879999999999999,0,0,0
360,0.0,0,0,254.18333333333334,25.205,0.0,0.06,0,0.9399999999999977,0,0,0
360,0.0,0,0,254.68333333333334,25.205,0.0,0.0625,0,0.9399999999999977,0,0,0
360,0.0,0,0,255.2,25.205,0.0,0.06,0,0.9399999999999977,0,0,0
360,0.0,0,0,255.71666666666667,25.205,0.0,0.052500000000000005,0,0.9399999999999977,0,0,0
360,0.0,0,0,256.21666666666664,25.1875,0.0,0.06,0,0.8699999999999974,0,0,0
360,0.0,0,0,256.73333333333335,25.1875,0.0,0.065,0,0.8699999999999974,0,0,0
360,0.0,0,0,257.23333333333335,25.2025,0.0,0.06,0,0.8699999999999974,0,0,0
360,0.0,0,0,257.75,25.1875,0.0,0.06,0,0.8699999999999974,0,0,0
360,0.0,0,0,258.26666666666665,25.205,0.0,0.06,0,0.9399999999999977,0,0,0
360,0.0,0,0,258.76666666666665,25.1875,0.0,0.0575,0,0.8699999999999974,0,0,0
360,0.0,0,0,259.28333333333336,25.205,0.0,0.065,0,0.9399999999999977,0,0,0
360,0.0,0,0,259.8,25.1875,0.0,0.0625,0,0.8699999999999974,0,0,0
360,0.0,0,0,260.3,25.205,0.0,0.0625,0,0.9399999999999977,0,0,0
360,0.0,0,0,260.81666666666666,25.205,0.0,0.0625,0,0.9399999999999977,0,0,0
360,0.0,0,0,261.31666666666666,25.205,0.0,0.06,0,0.9399999999999977,0,0,0
360,0.0,0,0,261.8333333333333,25.22,0.0,0.057499999999999996,0,0.879999999999999,0,0,0
360,0.0,0,0,262.35,25.205,0.0,0.06,0,0.9399999999999977,0,0,0
360,0.0,0,0,262.85,25.1875,0.0,0.057499999999999996,0,0.8699999999999974,0,0,0
360,0.0,0,0,263.3666666666667,25.1875,0.0,0.057499999999999996,0,0.8699999999999974,0,0,0
360,0.0,0,0,263.8833333333333,25.205,0.0,0.0575,0,0.9399999999999977,0,0,0
360,0.0,0,0,264.3833333333333,25.205,0.0,0.0625,0,0.9399999999999977,0,0,0
360,0.0,0,0,264.9,25.189999999999998,0.0,0.060000000000000005,0,0.9399999999999977,0,0,0
360,0.0,0,0,265.4166666666667,25.205,0.0,0.06,0,0.9399999999999977,0,0,0
360,0.0,0,0,265.9166666666667,25.1875,0.0,0.057499999999999996,0,0.8699999999999974,0,0,0
360,0.0,0,0,266.43333333333334,25.205,0.0,0.065,0,0.9399999999999977,0,0,0
360,0.0,0,0,266.93333333333334,25.189999999999998,0.0,0.065,0,0.9399999999999977,0,0,0
360,0.0,0,0,267.45,25.205,0.0,0.055,0,0.9399999999999977,0,0,0
360,0.0,0,0,267.96666666666664,25.1875,0.0,0.065,0,0.8699999999999974,0,0,0
360,0.0,0,0,268.46666666666664,25.1875,0.0,0.0625,0,0.8699999999999974,0,0,0
360,0.0,0,0,268.98333333333335,25.2025,0.0,0.06,0,0.8099999999999987,0,0,0
360,0.0,0,0,269.5,25.1875,0.0,0.06,0,0.8699999999999974,0,0,0
360,0.0,0,0,270.0,25.1875,0.0,0.0625,0,0.8699999999999974,0,0,0
360,0.0,0,0,270.51666666666665,25.205,0.0,0.057499999999999996,0,0.9399999999999977,0,0,0
360,0.0,0,0,271.03333333333336,25.1875,0.0,0.057499999999999996,0,0.8699999999999974,0,0,0
360,0.0,0,0,271.53333333333336,25.205,0.0,0.057499999999999996,0,0.9399999999999977,0,0,0
360,0.0,0,0,272.05,25.205,0.0,0.0625,0,0.9399999999999977,0,0,0
360,0.0,0,0,273.06666666666666,25.1875,0.0,0.0575,0,0.8699999999999974,0,0,0
360,0.0,0,0,273.5833333333333,25.1875,0.0,0.0625,0,0.8699999999999974,0,0,0
360,0.0,0,0,274.0833333333333,25.1875,0.0,0.06,0,0.8699999999999974,0,0,0
360,0.0,0,0,274.6,25.1875,0.0,0.0625,0,0.8699999999999974,0,0,0
360,0.0,0,0,275.1166666666667,25.1875,0.0,0.06,0,0.8699999999999974,0,0,0
360,0.0,0,0,275.6166666666667,25.1875,0.0,0.0625,0,0.8699999999999974,0,0,0
360,0.0,0,0,276.1333333333333,25.1875,0.0,0.06,0,0.8699999999999974,0,0,0
360,0.0,0,0,276.65,25.1875,0.0,0.06,0,0.8699999999999974,0,0,0
360,0.0,0,0,277.15,25.157500000000002,0.0,0.0575,0,0.8699999999999974,0,0,0
360,0.0,0,0,277.6666666666667,25.1875,0.0,0.06,0,0.8699999999999974,0,0,0
360,0.0,0,0,278.1666666666667,25.1725,0.0,0.0625,0,0.8699999999999974,0,0,0
360,0.0,0,0,278.68333333333334,25.1725,0.0,0.057499999999999996,0,0.8699999999999974,0,0,0
360,0.0,0,0,279.2,25.205,0.0,0.0625,0,0.9399999999999977,0,0,0
360,0.0,0,0,279.7,25.189999999999998,0.0,0.057499999999999996,0,0.9399999999999977,0,0,0
360,0.0,0,0,280.21666666666664,25.1875,0.0,0.06,0,0.8699999999999974,0,0,0
360,0.0,0,0,280.73333333333335,25.189999999999998,0.0,0.06,0,0.9399999999999977,0,0,0
360,0.0,0,0,281.23333333333335,25.189999999999998,0.0,0.057499999999999996,0,0.9399999999999977,0,0,0
360,0.0,0,0,281.75,25.1725,0.0,0.06,0,0.8699999999999974,0,0,0
360,0.0,0,0,282.26666666666665,25.1725,0.0,0.06,0,0.8699999999999974,0,0,0
360,0.0,0,0,282.76666666666665,25.1725,0.0,0.057499999999999996,0,0.8699999999999974,0,0,0
360,0.0,0,0,283.28333333333336,25.1875,0.0,0.06,0,0.8099999999999987,0,0,0
360,0.0,0,0,284.3,25.1725,0.0,0.06,0,0.8699999999999974,0,0,0
360,0.0,0,0,284.81666666666666,25.1725,0.0,0.06,0,0.8699999999999974,0,0,0
360,0.0,0,0,285.31666666666666,25.1575,0.0,0.0625,0,0.9299999999999997,0,0,0
360,0.0,0,0,285.8333333333333,25.1875,0.0,0.06,0,0.8699999999999974,0,0,0
360,0.0,0,0,286.35,25.1875,0.0,0.0625,0,0.8699999999999974,0,0,0
360,0.0,0,0,286.85,25.1875,0.0,0.06,0,0.8699999999999974,0,0,0
360,0.0,0,0,287.3666666666667,25.1725,0.0,0.057499999999999996,0,0.8699999999999974,0,0,0
360,0.0,0,0,287.8833333333333,25.189999999999998,0.0,0.0625,0,0.9399999999999977,0,0,0
360,0.0,0,0,288.3833333333333,25.1875,0.0,0.0575,0,0.8699999999999974,0,0,0
360,0.0,0,0,288.9,25.1725,0.0,0.057499999999999996,0,0.8699999999999974,0,0,0
360,0.0,0,0,289.4,25.205,0.0,0.0625,0,0.9399999999999977,0,0,0
360,0.0,0,0,289.9166666666667,25.189999999999998,0.0,0.0575,0,0.9399999999999977,0,0,0
360,0.0,0,0,290.43333333333334,25.1875,0.0,0.0575,0,0.8699999999999974,0,0,0
360,0.0,0,0,290.93333333333334,25.1725,0.0,0.06,0,0.8699999999999974,0,0,0
360,0.0,0,0,291.45,25.1725,0.0,0.065,0,0.8699999999999974,0,0,0
360,0.0,0,0,291.96666666666664,25.1875,0.0,0.060000000000000005,0,0.8699999999999974,0,0,0
360,0.0,0,0,292.46666666666664,25.1875,0.0,0.0625,0,0.8699999999999974,0,0,0
360,0.0,0,0,292.98333333333335,25.1875,0.0,0.06,0,0.8699999999999974,0,0,0
360,0.0,0,0,293.5,25.1875,0.0,0.06,0,0.8699999999999974,0,0,0
360,0.0,0,0,294.0,25.1725,0.0,0.06,0,0.8699999999999974,0,0,0
360,0.0,0,0,294.51666666666665,25.157500000000002,0.0,0.057499999999999996,0,0.8699999999999974,0,0,0
360,0.0,0,0,295.01666666666665,25.1725,0.0,0.0575,0,0.9299999999999997,0,0,0
360,0.0,0,0,295.53333333333336,25.205,0.0,0.06,0,0.9399999999999977,0,0,0
360,0.0,0,0,296.05,25.1875,0.0,0.06,0,0.8699999999999974,0,0,0
360,0.0,0,0,296.55,25.1725,0.0,0.06,0,0.8699999999999974,0,0,0
360,0.0,0,0,297.06666666666666,25.1575,0.0,0.06,0,0.9299999999999997,0,0,0
360,0.0,0,0,297.5833333333333,25.1575,0.0,0.06,0,0.8099999999999987,0,0,0
360,0.0,0,0,298.0833333333333,25.1725,0.0,0.0575,0,0.8699999999999974,0,0,0
360,0.0,0,0,298.6,25.1575,0.0,0.0625,0,0.9299999999999997,0,0,0
360,0.0,0,0,299.1166666666667,25.174999999999997,0.0,0.0625,0,1.0,0,0,0
360,0.0,0,0,299.6166666666667,25.1575,0.0,0.06,0,0.9299999999999997,0,0,0
360,0.0,0,0,300.1333333333333,25.1575,0.0,0.06,0,0.9299999999999997,0,0,0
360,0.0,0,0,300.6333333333333,25.1425,0.0,0.057499999999999996,0,0.870000000000001,0,0,0
360,0.0,0,0,301.15,25.1725,0.0,0.06,0,0.9299999999999997,0,0,0
360,0.0,0,0,301.6666666666667,25.1725,0.0,0.0625,0,0.9299999999999997,0,0,0
360,0.0,0,0,302.1666666666667,25.1575,0.0,0.057499999999999996,0,0.9299999999999997,0,0,0
360,0.0,0,0,302.68333333333334,25.1575,0.0,0.06,0,0.9299999999999997,0,0,0
360,0.0,0,0,303.2,25.1425,0.0,0.0625,0,0.870000000000001,0,0,0
360,0.0,0,0,303.7,25.1575,0.0,0.06,0,0.870000000000001,0,0,0
360,0.0,0,0,304.21666666666664,25.1425,0.0,0.06,0,0.870000000000001,0,0,0
360,0.0,0,0,304.71666666666664,25.1725,0.0,0.065,0,0.8099999999999987,0,0,0
360,0.0,0,0,305.23333333333335,25.189999999999998,0.0,0.06,0,0.9399999999999977,0,0,0
355,-0.0461538461538,0,0,305.75,25.1575,0.0,0.06,0,0.9299999999999997,0,0,0
360,-0.0423076923077,0,0,306.25,25.1425,0.0,0.06,0,0.870000000000001,0,0,0
360,-0.0384615384615,0,0,306.76666666666665,25.1575,0.0,0.0625,0,0.9299999999999997,0,0,0
360,-0.0346153846154,0,0,307.28333333333336,25.1425,0.0,0.06,0,0.870000000000001,0,0,0
360,-0.0307692307692,0,0,307.78333333333336,25.1575,0.0,0.06,0,0.870000000000001,0,0,0
360,-0.0269230769231,0,0,308.3,25.1425,0.0,0.0625,0,0.870000000000001,0,0,0
360,-0.0230769230769,0,0,308.81666666666666,25.1725,0.0,0.06,0,0.9299999999999997,0,0,0
360,-0.0192307692308,0,0,309.31666666666666,25.1575,0.0,0.06,0,0.9299999999999997,0,0,0
360,-0.0153846153846,0,0,309.8333333333333,25.1425,0.0,0.060000000000000005,0,0.870000000000001,0,0,0
360,-0.0115384615385,0,0,310.3333333333333,25.1425,0.0,0.06,0,0.870000000000001,0,0,0
360,-0.00769230769231,0,0,310.85,25.1425,0.0,0.057499999999999996,0,0.870000000000001,0,0,0
360,-0.00384615384615,0,0,311.3666666666667,25.1425,0.0,0.057499999999999996,0,0.870000000000001,0,0,0
360,7.69801162017e-19,0,0,311.8666666666667,25.1425,0.0,0.0625,0,0.870000000000001,0,0,0
360,0.00384615384615,0,0,312.3833333333333,25.1425,0.0,0.06,0,0.870000000000001,0,0,0
360,0.00769230769231,0,0,312.9,25.1575,0.0,0.057499999999999996,0,0.9299999999999997,0,0,0
360,0.0115384615385,0,0,313.4,25.1275,0.0,0.06,0,0.870000000000001,0,0,0
360,0.0153846153846,0,0,313.9166666666667,25.1575,0.0,0.06,0,0.9299999999999997,0,0,0
360,0.0192307692308,0,0,314.43333333333334,25.1575,0.0,0.057499999999999996,0,0.9299999999999997,0,0,0
360,0.0230769230769,0,0,314.93333333333334,25.142500000000002,0.0,0.0625,0,0.9299999999999997,0,0,0
360,0.0269230769231,0,0,315.45,25.1275,0.0,0.06,0,0.870000000000001,0,0,0
360,0.0307692307692,0,0,315.95,25.1425,0.0,0.06,0,0.870000000000001,0,0,0
360,0.0346153846154,0,0,316.46666666666664,25.157500000000002,0.0,0.06,0,0.8699999999999974,0,0,0
360,0.0384615384615,0,0,316.98333333333335,25.1575,0.0,0.06,0,0.9299999999999997,0,0,0
360,0.0423076923077,0,0,317.48333333333335,25.1425,0.0,0.06,0,0.870000000000001,0,0,0
360,0.0461538461538,0,0,318.0,25.1425,0.0,0.0625,0,0.870000000000001,0,0,0
360,0.0,0,0,318.51666666666665,25.1275,0.0,0.0625,0,0.870000000000001,0,0,0
360,0.0,0,0,319.01666666666665,25.1275,0.0,0.06,0,0.870000000000001,0,0,0
360,0.0,0,0,319.53333333333336,25.1275,0.0,0.06,0,0.870000000000001,0,0,0
360,0.0,0,0,320.05,25.1275,0.0,0.05499999999999999,0,0.870000000000001,0,0,0
360,0.0,0,0,320.55,25.142500000000002,0.0,0.0625,0,0.9299999999999997,0,0,0
360,0.0,0,0,321.06666666666666,25.1425,0.0,0.057499999999999996,0,0.870000000000001,0,0,0
360,0.0,0,0,321.56666666666666,25.1425,0.0,0.06,0,0.870000000000001,0,0,0
360,0.0,0,0,322.0833333333333,25.1275,0.0,0.0625,0,0.870000000000001,0,0,0
360,0.0,0,0,322.6,25.1575,0.0,0.055,0,0.9299999999999997,0,0,0
360,0.0,0,0,323.1,25.142500000000002,0.0,0.06,0,0.9299999999999997,0,0,0
360,0.0,0,0,323.6166666666667,25.142500000000002,0.0,0.0625,0,0.9299999999999997,0,0,0
360,0.0,0,0,324.1333333333333,25.1575,0.0,0.0625,0,0.9299999999999997,0,0,0
360,0.0,0,0,324.6333333333333,25.142500000000002,0.0,0.057499999999999996,0,0.9299999999999997,0,0,0
360,0.0,0,0,325.15,25.1275,0.0,0.06,0,0.870000000000001,0,0,0
360,0.0,0,0,325.6666666666667,25.1275,0.0,0.0575,0,0.870000000000001,0,0,0
360,0.0,0,0,326.1666666666667,25.1425,0.0,0.057499999999999996,0,0.870000000000001,0,0,0
360,0.0,0,0,326.68333333333334,25.142500000000002,0.0,0.06,0,0.9299999999999997,0,0,0
360,0.0,0,0,327.7,25.1575,0.0,0.0575,0,0.9299999999999997,0,0,0
360,0.0,0,0,328.21666666666664,25.1425,0.0,0.060000000000000005,0,0.870000000000001,0,0,0
360,0.0,0,0,329.23333333333335,25.125,0.0,0.05500000000000001,0,0.9400000000000013,0,0,0
360,0.0,0,0,329.75,25.1275,0.0,0.06,0,0.870000000000001,0,0,0
360,0.0,0,0,330.25,25.11,0.0,0.055,0,0.9400000000000013,0,0,0
360,0.0,0,0,330.76666666666665,25.1275,0.0,0.0625,0,0.870000000000001,0,0,0
360,0.0,0,0,331.28333333333336,25.1275,0.0,0.06,0,0.870000000000001,0,0,0
360,0.0,0,0,331.78333333333336,25.1275,0.0,0.06,0,0.870000000000001,0,0,0
360,0.0,0,0,332.3,25.1275,0.0,0.0625,0,0.870000000000001,0,0,0
355,-0.0461538461538,0,0,332.8,25.1275,0.0,0.06,0,0.870000000000001,0,0,0
355,-0.0884615384615,0,0,333.31666666666666,25.1275,0.0,0.0625,0,0.870000000000001,0,0,0
355,-0.126923076923,0,0,333.8333333333333,25.1275,0.0,0.06,0,0.870000000000001,0,0,0
360,-0.115384615385,0,0,334.3333333333333,25.1275,0.0,0.0625,0,0.870000000000001,0,0,0
360,-0.103846153846,0,0,334.85,25.1275,0.0,0.0825,0,0.870000000000001,0,0,2
360,-0.0923076923077,0,0,335.3666666666667,25.1275,0.0,0.052500000000000005,0,0.870000000000001,0,0,0
360,-0.0807692307692,0,0,335.8666666666667,25.11,0.0,0.060000000000000005,0,0.9400000000000013,0,0,0
360,-0.0692307692308,0,0,336.3833333333333,25.1275,0.0,0.060000000000000005,0,0.870000000000001,0,0,0
360,-0.0576923076923,0,0,336.8833333333333,25.1275,0.0,0.06,0,0.870000000000001,0,0,0
360,-0.0461538461538,0,0,337.4,25.1275,0.0,0.065,0,0.870000000000001,0,0,0
360,-0.0346153846154,0,0,337.9166666666667,25.1275,0.0,0.06,0,0.870000000000001,0,0,0
360,-0.0230769230769,0,0,338.4166666666667,25.1275,0.0,0.0575,0,0.870000000000001,0,0,0
360,-0.0115384615385,0,0,338.93333333333334,25.1275,0.0,0.0625,0,0.870000000000001,0,0,0
360,3.0792046480700003e-18,0,0,339.45,25.1275,0.0,0.06,0,0.870000000000001,0,0,0
360,0.0115384615385,0,0,339.95,25.1275,0.0,0.057499999999999996,0,0.870000000000001,0,0,0
360,0.0230769230769,0,0,340.46666666666664,25.1275,0.0,0.057499999999999996,0,0.870000000000001,0,0,0
360,0.0346153846154,0,0,340.98333333333335,25.11,0.0,0.057499999999999996,0,0.9400000000000013,0,0,0
360,0.0461538461538,0,0,341.48333333333335,25.142500000000002,0.0,0.0625,0,0.9299999999999997,0,0,0
360,0.0576923076923,0,0,342.0,25.1275,0.0,0.0625,0,0.870000000000001,0,0,0
360,0.0692307692308,0,0,342.5,25.1275,0.0,0.06,0,0.870000000000001,0,0,0
360,0.0807692307692,0,0,343.01666666666665,25.1125,0.0,0.0625,0,0.8100000000000023,0,0,0
360,0.0923076923077,0,0,343.53333333333336,25.1275,0.0,0.057499999999999996,0,0.870000000000001,0,0,0
360,0.103846153846,0,0,344.03333333333336,25.1275,0.0,0.0625,0,0.870000000000001,0,0,0
360,0.115384615385,0,0,344.55,25.1275,0.0,0.057499999999999996,0,0.870000000000001,0,0,0
360,0.126923076923,0,0,345.06666666666666,25.1425,0.0,0.0625,0,0.870000000000001,0,0,0
360,0.0884615384615,0,0,345.56666666666666,25.11,0.0,0.057499999999999996,0,0.9400000000000013,0,0,0
360,0.0461538461538,0,0,346.0833333333333,25.125,0.0,0.0625,0,0.9400000000000013,0,0,0
360,0.0,0,0,346.6,25.1425,0.0,0.06,0,0.870000000000001,0,0,0
360,0.0,0,0,347.1,25.1275,0.0,0.06,0,0.870000000000001,0,0,0
360,0.0,0,0,347.6166666666667,25.11,0.0,0.057499999999999996,0,0.9400000000000013,0,0,0
360,0.0,0,0,348.1166666666667,25.125,0.0,0.0575,0,1.0,0,0,0
360,0.0,0,0,348.6333333333333,25.11,0.0,0.06,0,0.9400000000000013,0,0,0
360,0.0,0,0,349.15,25.095,0.0,0.057499999999999996,0,0.9400000000000013,0,0,0
360,0.0,0,0,349.65,25.1275,0.0,0.055,0,0.870000000000001,0,0,0
360,0.0,0,0,350.1666666666667,25.095,0.0,0.0625,0,0.9400000000000013,0,0,0
355,-0.0461538461538,0,0,350.68333333333334,25.095,0.0,0.06,0,0.9400000000000013,0,0,0
360,-0.0423076923077,0,0,351.18333333333334,25.1275,0.0,0.06,0,0.870000000000001,0,0,0
360,-0.0384615384615,0,0,351.7,25.1275,0.0,0.0625,0,0.870000000000001,0,0,0
360,-0.0346153846154,0,0,352.21666666666664,25.11,0.0,0.057499999999999996,0,0.9400000000000013,0,0,0
360,-0.0307692307692,0,0,352.71666666666664,25.11,0.0,0.057499999999999996,0,0.9400000000000013,0,0,0
360,-0.0269230769231,0,0,353.23333333333335,25.1275,0.0,0.06,0,0.870000000000001,0,0,0
360,-0.0230769230769,0,0,353.73333333333335,25.1275,0.0,0.057499999999999996,0,0.870000000000001,0,0,0
360,-0.0192307692308,0,0,354.25,25.11,0.0,0.057499999999999996,0,0.9400000000000013,0,0,0
355,-0.0615384615385,0,0,354.76666666666665,25.125,0.0,0.065,0,1.0,0,0,0
360,-0.0538461538462,0,0,355.26666666666665,25.1275,0.0,0.057499999999999996,0,0.870000000000001,0,0,0
355,-0.0923076923077,0,0,355.78333333333336,25.11,0.0,0.06,0,0.9400000000000013,0,0,0
360,-0.0807692307692,0,0,356.3,25.11,0.0,0.06,0,0.9400000000000013,0,0,0
360,-0.0692307692308,0,0,356.8,25.095,0.0,0.057499999999999996,0,0.9400000000000013,0,0,0
360,-0.0576923076923,0,0,357.31666666666666,25.11,0.0,0.0675,0,0.9400000000000013,0,0,1
360,-0.0461538461538,0,0,357.8333333333333,25.11,0.0,0.05499999999999999,0,0.9400000000000013,0,0,0
360,-0.0346153846154,0,0,358.3333333333333,25.11,0.0,0.0575,0,0.9400000000000013,0,0,0
360,-0.0230769230769,0,0,358.85,25.11,0.0,0.0625,0,0.9400000000000013,0,0,0
360,-0.0115384615385,0,0,359.35,25.095,0.0,0.0625,0,0.9400000000000013,0,0,0
360,3.0792046480700003e-18,0,0,359.8666666666667,25.11,0.0,0.065,0,0.9400000000000013,0,0,0
360,0.0115384615385,0,0,360.3833333333333,25.08,0.0,0.055,0,0.8800000000000026,0,0,0
360,0.0230769230769,0,0,360.8833333333333,25.11,0.0,0.06,0,0.9400000000000013,0,0,0
360,0.0346153846154,0,0,361.4,25.095,0.0,0.0575,0,0.9400000000000013,0,0,0
360,0.0461538461538,0,0,361.9166666666667,25.095,0.0,0.06,0,0.8800000000000026,0,0,0
360,0.0576923076923,0,0,362.4166666666667,25.11,0.0,0.055,0,0.9400000000000013,0,0,0
360,0.0692307692308,0,0,362.93333333333334,25.11,0.0,0.057499999999999996,0,0.9400000000000013,0,0,0
360,0.0307692307692,0,0,363.45,25.1275,0.0,0.057499999999999996,0,0.870000000000001,0,0,0
360,0.0384615384615,0,0,363.95,25.11,0.0,0.05499999999999999,0,0.9400000000000013,0,0,0
355,-1.23168185923e-17,0,0,364.46666666666664,25.11,0.0,0.0625,0,0.9400000000000013,0,0,0
360,0.0115384615385,0,0,364.96666666666664,25.125,0.0,0.06,0,1.0,0,0,0
355,-0.0230769230769,0,0,365.48333333333335,25.1125,0.0,0.06,0,0.870000000000001,0,0,0
355,-0.0538461538462,0,0,366.0,25.1125,0.0,0.06,0,0.870000000000001,0,0,0
355,-0.0807692307692,0,0,366.5,25.11,0.0,0.057499999999999996,0,0.9400000000000013,0,0,0
355,-0.103846153846,0,0,367.01666666666665,25.095,0.0,0.06,0,0.9400000000000013,0,0,0
355,-0.173076923077,0,0,367.53333333333336,25.095,0.0,0.057499999999999996,0,0.8800000000000026,0,0,0
355,-0.192307692308,0,0,368.03333333333336,25.095,0.0,0.060000000000000005,0,0.9400000000000013,0,0,0
360,-0.211538461538,0,0,368.55,25.08,0.0,0.06,0,0.8800000000000026,0,0,0
360,-0.184615384615,0,0,369.06666666666666,25.095,0.0,0.0625,0,0.9400000000000013,0,0,0
360,-0.157692307692,0,0,369.56666666666666,25.095,0.0,0.06,0,0.8800000000000026,0,0,0
360,-0.130769230769,0,0,370.0833333333333,25.1275,0.0,0.06,0,0.870000000000001,0,0,0
360,-0.103846153846,0,0,370.5833333333333,25.0975,0.0,0.060000000000000005,0,0.8100000000000023,0,0,0
360,-0.0769230769231,0,0,371.1,25.1125,0.0,0.057499999999999996,0,0.8100000000000023,0,0,0
360,-0.05,0,0,371.6166666666667,25.095,0.0,0.0575,0,0.9400000000000013,0,0,0
360,-0.0230769230769,0,0,372.1166666666667,25.064999999999998,0.0,0.052500000000000005,0,0.8800000000000026,0,0,0
360,0.00384615384615,0,0,372.6333333333333,25.08,0.0,0.06,0,0.8800000000000026,0,0,0
355,-0.0153846153846,0,0,373.15,25.08,0.0,0.057499999999999996,0,0.8800000000000026,0,0,0
360,0.0153846153846,0,0,373.65,25.08,0.0,0.057499999999999996,0,0.8800000000000026,0,0,0
360,0.0461538461538,0,0,374.1666666666667,25.095,0.0,0.057499999999999996,0,0.9400000000000013,0,0,0
355,0.0307692307692,0,0,374.6666666666667,25.08,0.0,0.057499999999999996,0,0.8800000000000026,0,0,0
355,0.0192307692308,0,0,375.18333333333334,25.0975,0.0,0.057499999999999996,0,0.8100000000000023,0,0,0
360,0.0576923076923,0,0,375.7,25.08,0.0,0.057499999999999996,0,0.8800000000000026,0,0,0
360,0.0961538461538,0,0,376.2,25.08,0.0,0.06,0,0.8800000000000026,0,0,0
360,0.134615384615,0,0,376.71666666666664,25.095,0.0,0.057499999999999996,0,0.9400000000000013,0,0,0
355,0.0769230769231,0,0,377.23333333333335,25.095,0.0,0.06,0,0.8800000000000026,0,0,0
355,0.0692307692308,0,0,377.73333333333335,25.08,0.0,0.055,0,0.8800000000000026,0,0,0
355,0.0153846153846,0,0,378.25,25.064999999999998,0.0,0.057499999999999996,0,0.8800000000000026,0,0,0
355,-0.0384615384615,0,0,378.76666666666665,25.095,0.0,0.06,0,0.9400000000000013,0,0,0
360,-0.0461538461538,0,0,379.26666666666665,25.095,0.0,0.06,0,0.9400000000000013,0,0,0
355,-0.103846153846,0,0,379.78333333333336,25.08,0.0,0.06,0,0.8800000000000026,0,0,0
355,-0.161538461538,0,0,380.28333333333336,25.095,0.0,0.057499999999999996,0,0.9400000000000013,0,0,0
355,-0.219230769231,0,0,380.8,25.095,0.0,0.05499999999999999,0,0.9400000000000013,0,0,0
355,-0.226923076923,0,0,381.31666666666666,25.08,0.0,0.0625,0,0.8800000000000026,0,0,0
360,-0.184615384615,0,0,381.81666666666666,25.08,0.0,0.057499999999999996,0,0.8800000000000026,0,0,0
355,-0.188461538462,0,0,382.3333333333333,25.095,0.0,0.057499999999999996,0,0.8800000000000026,0,0,0
355,-0.188461538462,0,0,382.85,25.08,0.0,0.0575,0,0.8800000000000026,0,0,0
355,-0.184615384615,0,0,383.35,25.095,0.0,0.057499999999999996,0,0.9400000000000013,0,0,0
355,-0.176923076923,0,0,383.8666666666667,25.095,0.0,0.0625,0,0.9400000000000013,0,0,0
355,-0.165384615385,0,0,384.3833333333333,25.095,0.0,0.057499999999999996,0,0.9400000000000013,0,0,0
355,-0.15,0,0,384.8833333333333,25.08,0.0,0.057499999999999996,0,0.8800000000000026,0,0,0
355,-0.130769230769,0,0,385.4,25.08,0.0,0.0625,0,0.9400000000000013,0,0,0
355,-0.157692307692,0,0,386.4166666666667,25.095,0.0,0.0625,0,0.9400000000000013,0,0,0
355,-0.134615384615,0,0,386.93333333333334,25.08,0.0,0.052500000000000005,0,0.8800000000000026,0,0,0
355,-0.107692307692,0,0,387.43333333333334,25.095,0.0,0.06,0,0.9400000000000013,0,0,0
355,-0.126923076923,0,0,387.95,25.08,0.0,0.06,0,0.8800000000000026,0,0,0
355,-0.146153846154,0,0,388.46666666666664,25.08,0.0,0.057499999999999996,0,0.8800000000000026,0,0,0
355,-0.115384615385,0,0,388.96666666666664,25.095,0.0,0.06,0,0.9400000000000013,0,0,0
355,-0.0807692307692,0,0,389.48333333333335,25.08,0.0,0.06,0,0.8800000000000026,0,0,0
355,-0.0423076923077,0,0,390.0,25.08,0.0,0.0625,0,0.8800000000000026,0,0,0
355,-0.05,0,0,390.5,25.08,0.0,0.0575,0,0.8800000000000026,0,0,0
360,-0.0115384615385,0,0,391.01666666666665,25.08,0.0,0.06,0,0.8800000000000026,0,0,0
360,0.0230769230769,0,0,391.51666666666665,25.08,0.0,0.06,0,0.8800000000000026,0,0,0
360,0.0538461538462,0,0,392.03333333333336,25.064999999999998,0.0,0.06,0,0.8800000000000026,0,0,0
360,0.130769230769,0,0,392.55,25.08,0.0,0.065,0,0.8800000000000026,0,0,0
360,0.157692307692,0,0,393.05,25.08,0.0,0.057499999999999996,0,0.8800000000000026,0,0,0
360,0.180769230769,0,0,393.56666666666666,25.064999999999998,0.0,0.057499999999999996,0,0.8800000000000026,0,0,0
360,0.2,0,0,394.0833333333333,25.064999999999998,0.0,0.057499999999999996,0,0.8800000000000026,0,0,0
360,0.215384615385,0,0,394.5833333333333,25.064999999999998,0.0,0.06,0,0.8800000000000026,0,0,0
360,0.276923076923,0,0,395.1,25.064999999999998,0.0,0.0625,0,0.9400000000000013,0,0,0
360,0.288461538462,0,0,395.6166666666667,25.064999999999998,0.0,0.057499999999999996,0,0.9400000000000013,0,0,0
355,0.25,0,0,396.1166666666667,25.064999999999998,0.0,0.0575,0,0.9400000000000013,0,0,0
355,0.211538461538,0,0,396.6333333333333,25.049999999999997,0.0,0.0575,0,0.9400000000000013,0,0,0
355,0.173076923077,0,0,397.1333333333333,25.08,0.0,0.06,0,0.8800000000000026,0,0,0
355,0.134615384615,0,0,397.65,25.064999999999998,0.0,0.057499999999999996,0,0.9400000000000013,0,0,0
355,0.0961538461538,0,0,398.1666666666667,25.08,0.0,0.06,0,0.8800000000000026,0,0,0
360,0.103846153846,0,0,398.6666666666667,25.064999999999998,0.0,0.06,0,0.9400000000000013,0,0,0
360,0.107692307692,0,0,399.18333333333334,25.049999999999997,0.0,0.0625,0,0.9400000000000013,0,0,0
360,0.107692307692,0,0,399.7,25.049999999999997,0.0,0.06,0,0.9400000000000013,0,0,0
360,0.103846153846,0,0,400.2,25.049999999999997,0.0,0.065,0,0.9400000000000013,0,0,0
355,0.05,0,0,400.71666666666664,25.049999999999997,0.0,0.06,0,0.9400000000000013,0,0,0
355,-0.00384615384615,0,0,401.23333333333335,25.049999999999997,0.0,0.06,0,0.9400000000000013,0,0,0
360,-0.0115384615385,0,0,401.73333333333335,25.064999999999998,0.0,0.057499999999999996,0,0.8800000000000026,0,0,0
355,-0.0692307692308,0,0,402.25,25.08,0.0,0.057499999999999996,0,0.9400000000000013,0,0,0
355,-0.126923076923,0,0,402.75,25.064999999999998,0.0,0.0625,0,0.8800000000000026,0,0,0
360,-0.138461538462,0,0,403.26666666666665,25.049999999999997,0.0,0.06,0,0.9400000000000013,0,0,0
360,-0.103846153846,0,0,403.78333333333336,25.064999999999998,0.0,0.06,0,0.9400000000000013,0,0,0
360,-0.0692307692308,0,0,404.28333333333336,25.064999999999998,0.0,0.057499999999999996,0,0.8800000000000026,0,0,0
360,-0.0346153846154,0,0,404.8,25.064999999999998,0.0,0.057499999999999996,0,0.8800000000000026,0,0,0
360,6.1584092961300004e-18,0,0,405.31666666666666,25.049999999999997,0.0,0.06,0,0.9400000000000013,0,0,0
360,0.0346153846154,0,0,405.81666666666666,25.064999999999998,0.0,0.0575,0,0.8800000000000026,0,0,0
360,0.0692307692308,0,0,406.3333333333333,25.064999999999998,0.0,0.06,0,0.8800000000000026,0,0,0
355,0.0576923076923,0,0,406.8333333333333,25.034999999999997,0.0,0.057499999999999996,0,0.879999999999999,0,0,0
360,0.0961538461538,0,0,407.35,25.064999999999998,0.0,0.0625,0,0.8800000000000026,0,0,0
355,0.0884615384615,0,0,407.8666666666667,25.049999999999997,0.0,0.0575,0,0.9400000000000013,0,0,0
355,0.0846153846154,0,0,408.3666666666667,25.049999999999997,0.0,0.057499999999999996,0,0.9400000000000013,0,0,0
355,0.0346153846154,0,0,408.8833333333333,25.049999999999997,0.0,0.055,0,0.9400000000000013,0,0,0
360,0.0307692307692,0,0,409.4,25.049999999999997,0.5,0.05500000000000001,0,0.9400000000000013,1,0,0
360,0.0230769230769,0,0,409.9,25.064999999999998,0.5,0.0625,0,0.8800000000000026,1,0,0
355,-0.0346153846154,0,0,410.4166666666667,25.064999999999998,0.5,0.06,0,0.8800000000000026,1,0,0
355,-0.0923076923077,0,0,410.93333333333334,25.049999999999997,0.5,0.06,0,0.9400000000000013,1,0,0
360,-0.0538461538462,0,0,411.43333333333334,25.049999999999997,0.5,0.05750000000000001,0,0.9400000000000013,1,0,0
355,-0.0615384615385,0,0,411.95,25.049999999999997,0.5,0.0575,0,0.9400000000000013,1,0,0
355,-0.0653846153846,0,0,412.45,25.049999999999997,0.5,0.0575,0,0.9400000000000013,1,0,0
355,-0.0653846153846,0,0,412.96666666666664,25.049999999999997,0.5,0.055,0,0.9400000000000013,1,0,0
355,-0.111538461538,0,0,413.48333333333335,25.064999999999998,0.5,0.06,0,1.0,1,0,0
355,-0.157692307692,0,0,413.98333333333335,25.049999999999997,0.5,0.0625,0,0.9400000000000013,1,0,0
360,-0.107692307692,0,0,414.5,25.064999999999998,0.75,0.0575,0,1.0,2,0,0
360,-0.107692307692,0,0,415.01666666666665,25.049999999999997,0.75,0.06,0,0.9400000000000013,2,0,0
360,-0.111538461538,0,0,415.51666666666665,25.049999999999997,0.75,0.0625,0,0.9400000000000013,2,0,0
360,-0.0692307692308,0,0,416.03333333333336,25.049999999999997,0.75,0.06,0,0.9400000000000013,2,0,0
355,-0.0730769230769,0,0,416.55,25.049999999999997,0.75,0.0625,0,0.9400000000000013,2,0,0
360,-0.0269230769231,0,0,417.05,25.049999999999997,0.75,0.06,0,0.9400000000000013,2,0,0
360,0.0192307692308,0,0,417.56666666666666,25.049999999999997,0.75,0.06,0,0.9400000000000013,2,0,0
355,0.0192307692308,0,0,418.06666666666666,25.049999999999997,0.75,0.057499999999999996,0,0.9400000000000013,2,0,0
355,0.0230769230769,0,0,418.5833333333333,25.049999999999997,1.0,0.06,0,0.9400000000000013,2,0,0
355,0.0307692307692,0,0,419.1,25.0325,1.25,0.06,0,0.9400000000000013,3,0,0
355,-0.00769230769231,0,0,419.6,25.049999999999997,1.25,0.057499999999999996,0,0.9400000000000013,3,0,0
355,0.00384615384615,0,0,420.1166666666667,25.049999999999997,1.25,0.0625,0,0.9400000000000013,3,0,0
355,-0.0307692307692,0,0,420.6333333333333,25.049999999999997,1.25,0.057499999999999996,0,0.9400000000000013,3,0,0
355,-0.0653846153846,0,0,421.1333333333333,25.034999999999997,1.25,0.05750000000000001,0,0.879999999999999,3,0,0
355,-0.1,0,0,421.65,25.0325,1.25,0.057499999999999996,0,0.9400000000000013,3,0,0
355,-0.0846153846154,0,0,422.1666666666667,25.049999999999997,1.25,0.057499999999999996,0,0.9400000000000013,3,0,0
355,-0.0653846153846,0,0,422.6666666666667,25.049999999999997,1.5,0.0625,0,0.9400000000000013,4,0,0
355,-0.0923076923077,0,0,423.18333333333334,25.034999999999997,1.5,0.0575,0,0.879999999999999,4,0,0
360,-0.0730769230769,0,0,423.68333333333334,25.049999999999997,1.5,0.057499999999999996,0,0.9400000000000013,4,0,0
355,-0.0538461538462,0,0,424.2,25.049999999999997,1.75,0.06,0,0.9400000000000013,4,0,0
355,-0.0807692307692,0,0,424.71666666666664,25.049999999999997,1.75,0.06,0,0.9400000000000013,4,0,0
355,-0.107692307692,0,0,425.21666666666664,25.049999999999997,1.75,0.05499999999999999,0,0.9400000000000013,4,0,0
355,-0.134615384615,0,0,425.73333333333335,25.049999999999997,1.75,0.065,0,0.9400000000000013,4,0,0
355,-0.161538461538,0,0,426.25,25.034999999999997,2.0,0.0575,0,0.879999999999999,5,0,0
355,-0.188461538462,0,0,426.75,25.049999999999997,2.0,0.06,0,0.9400000000000013,5,0,0
355,-0.165384615385,0,0,427.26666666666665,25.049999999999997,2.0,0.065,0,0.9400000000000013,5,0,0
355,-0.138461538462,0,0,427.78333333333336,25.034999999999997,2.0,0.06,0,0.879999999999999,5,0,0
360,-0.0615384615385,0,0,428.28333333333336,25.049999999999997,2.0,0.060000000000000005,0,0.9400000000000013,5,0,0
360,0.0153846153846,0,0,428.8,25.0175,2.0,0.0625,0,0.879999999999999,5,0,0
355,-0.00384615384615,0,0,429.3,25.0175,2.25,0.057499999999999996,0,0.879999999999999,5,0,0
360,0.0730769230769,0,0,429.81666666666666,25.0175,2.25,0.0575,0,0.879999999999999,5,0,0
360,0.15,0,0,430.3333333333333,25.034999999999997,2.25,0.0625,0,0.879999999999999,5,0,0
355,0.130769230769,0,0,430.8333333333333,25.034999999999997,2.25,0.0575,0,0.879999999999999,5,0,0
360,0.157692307692,0,0,431.35,25.0325,2.25,0.06,0,0.9400000000000013,5,0,0
355,0.134615384615,0,0,431.8666666666667,25.049999999999997,2.25,0.0625,0,0.9400000000000013,5,0,0
360,0.157692307692,0,0,432.3666666666667,25.049999999999997,2.5,0.0625,0,0.9400000000000013,6,0,0
360,0.176923076923,0,0,432.8833333333333,25.049999999999997,2.5,0.057499999999999996,0,0.9400000000000013,6,0,0
360,0.192307692308,0,0,433.4,25.049999999999997,2.5,0.055,0,0.9400000000000013,6,0,0
355,0.157692307692,0,0,433.9,25.0325,2.5,0.06,0,0.9400000000000013,6,0,0
355,0.123076923077,0,0,434.4166666666667,25.0475,2.75,0.057499999999999996,0,0.8800000000000026,6,0,0
360,0.134615384615,0,0,434.9166666666667,25.049999999999997,3.25,0.0625,0,0.9400000000000013,5,0,0
355,0.0961538461538,0,0,435.43333333333334,25.049999999999997,3.25,0.0575,0,0.9400000000000013,7,0,0
360,0.103846153846,0,0,435.95,25.049999999999997,3.5,0.06,0,0.9400000000000013,6,0,0
360,0.157692307692,0,0,436.45,25.034999999999997,3.5,0.06,0,0.879999999999999,6,0,0
360,0.161538461538,0,0,436.96666666666664,25.049999999999997,3.5,0.055,0,0.9400000000000013,6,0,0
360,0.161538461538,0,0,437.48333333333335,25.049999999999997,3.5,0.057499999999999996,0,0.9400000000000013,6,0,0
360,0.157692307692,0,0,437.98333333333335,25.0325,3.75,0.06,0,0.9400000000000013,7,0,0
360,0.15,0,0,438.5,25.0325,3.75,0.06,0,0.9400000000000013,7,0,0
360,0.138461538462,0,0,439.0,25.0325,3.75,0.06,0,0.879999999999999,7,0,0
360,0.123076923077,0,0,439.51666666666665,25.0175,3.75,0.0625,0,0.879999999999999,7,0,0
360,0.103846153846,0,0,440.03333333333336,25.0175,3.75,0.06,0,0.879999999999999,7,0,0
360,0.0807692307692,0,0,440.53333333333336,25.0175,4.0,0.0575,0,0.879999999999999,8,0,0
360,0.103846153846,0,0,441.05,25.0175,4.0,0.060000000000000005,0,0.879999999999999,8,0,0
360,0.126923076923,0,0,441.56666666666666,25.034999999999997,4.0,0.0625,0,0.879999999999999,8,0,0
355,0.0538461538462,0,0,442.5833333333333,25.0325,4.0,0.0625,0,0.9400000000000013,8,0,0
355,0.0307692307692,0,0,443.1,25.034999999999997,4.5,0.065,0,0.879999999999999,9,0,0
360,0.0576923076923,0,0,443.6,25.0325,4.5,0.0625,0,0.9400000000000013,9,0,0
360,0.0346153846154,0,0,444.1166666666667,25.0175,4.5,0.06,0,0.879999999999999,9,0,0
360,0.0576923076923,0,0,444.6166666666667,25.0175,4.5,0.0625,0,0.879999999999999,9,0,0
360,0.0307692307692,0,0,445.1333333333333,25.0175,4.5,0.0675,0,0.879999999999999,9,0,1
360,0.05,0,0,445.65,25.064999999999998,4.5,0.0575,0,0.8800000000000026,9,0,0
360,0.0692307692308,0,0,446.15,25.0475,4.5,0.06,0,0.8800000000000026,9,0,0
360,0.0884615384615,0,0,446.6666666666667,25.0175,4.5,0.0625,0,0.879999999999999,9,0,0
360,0.0576923076923,0,0,447.18333333333334,25.0325,4.75,0.0575,0,0.8200000000000003,9,0,0
360,0.0230769230769,0,0,447.68333333333334,25.049999999999997,5.25,0.0575,0,0.9400000000000013,10,0,0
360,0.0346153846154,0,0,448.2,25.0325,5.5,0.057499999999999996,0,0.879999999999999,9,0,0
360,-0.00384615384615,0,0,448.71666666666664,25.0325,5.5,0.0625,0,0.8200000000000003,9,0,0
360,0.00384615384615,0,0,449.21666666666664,25.034999999999997,5.5,0.0575,0,0.879999999999999,9,0,0
360,0.0115384615385,0,0,449.73333333333335,25.0175,5.5,0.0625,0,0.879999999999999,9,0,0
360,0.0192307692308,0,0,450.23333333333335,25.034999999999997,5.75,0.06,0,0.879999999999999,10,0,0
360,0.0269230769231,0,0,450.75,25.0475,6.0,0.06,0,0.8800000000000026,10,0,0
360,0.0346153846154,0,0,451.26666666666665,25.0175,6.0,0.0625,0,0.879999999999999,10,0,0
360,0.0423076923077,0,0,451.76666666666665,25.0325,6.0,0.055,0,0.9400000000000013,10,0,0
360,0.05,0,0,452.28333333333336,25.0175,6.0,0.0625,0,0.879999999999999,10,0,0
355,0.0115384615385,0,0,452.8,25.0175,6.25,0.06,0,0.879999999999999,11,0,0
360,0.0230769230769,0,0,453.3,25.0325,6.25,0.06,0,0.9400000000000013,11,0,0
360,0.0346153846154,0,0,453.81666666666666,25.0325,6.25,0.06,0,0.9400000000000013,11,0,0
360,0.0461538461538,0,0,454.3333333333333,25.0325,6.25,0.0625,0,0.9400000000000013,11,0,0
360,0.0576923076923,0,0,454.8333333333333,25.0475,6.5,0.06,0,1.0,11,0,0
360,0.0192307692308,0,0,455.35,25.0325,6.75,0.06,0,0.9400000000000013,12,0,0
360,-0.0230769230769,0,0,455.85,25.0475,6.75,0.06,0,0.9400000000000013,12,0,0
355,-0.0653846153846,0,0,456.3666666666667,25.049999999999997,6.75,0.06,0,0.9400000000000013,12,0,0
355,-0.103846153846,0,0,456.8833333333333,25.049999999999997,6.75,0.057499999999999996,0,0.9400000000000013,12,0,0
360,-0.0923076923077,0,0,457.3833333333333,25.0175,6.75,0.06,0,0.879999999999999,12,0,0
360,-0.0807692307692,0,0,457.9,25.034999999999997,6.75,0.06,0,0.879999999999999,12,0,0
360,-0.0692307692308,0,0,458.4166666666667,25.0325,6.75,0.0625,0,0.9400000000000013,12,0,0
360,-0.0576923076923,0,0,458.9166666666667,25.064999999999998,7.0,0.06,0,0.8800000000000026,12,0,0
360,-0.0461538461538,0,0,459.43333333333334,25.0475,7.25,0.0625,0,0.8800000000000026,12,0,0
360,-0.0346153846154,0,0,459.95,25.0175,7.25,0.060000000000000005,0,0.879999999999999,12,0,0
360,-0.0230769230769,0,0,460.45,25.0325,7.5,0.06,0,0.9400000000000013,13,0,0
360,-0.0115384615385,0,0,460.96666666666664,25.0325,7.75,0.06,0,0.9400000000000013,12,0,0
360,-3.0792046480700003e-18,0,0,461.98333333333335,25.0325,7.75,0.06,0,0.9400000000000013,12,0,0
360,0.0115384615385,0,0,462.5,25.0325,7.75,0.06,0,0.9400000000000013,12,0,0
360,0.0230769230769,0,0,463.0,25.0475,8.0,0.0675,0,0.8800000000000026,13,0,1
360,0.0346153846154,0,0,463.51666666666665,25.0325,8.0,0.06,0,0.9400000000000013,13,0,0
360,0.0461538461538,0,0,464.03333333333336,25.0175,8.25,0.0625,0,0.879999999999999,13,0,0
360,0.0576923076923,0,0,464.53333333333336,25.0325,8.5,0.06,0,0.9400000000000013,14,0,0
360,0.0692307692308,0,0,465.05,25.0325,8.5,0.06,0,0.9400000000000013,14,0,0
360,0.0807692307692,0,0,465.56666666666666,25.0325,8.75,0.060000000000000005,0,0.9400000000000013,14,0,0
360,0.0423076923077,0,0,466.06666666666666,25.0325,8.75,0.0575,0,0.9400000000000013,14,0,0
360,0.05,0,0,466.5833333333333,25.0325,8.75,0.0625,0,0.9400000000000013,14,0,0
360,0.0576923076923,0,0,467.0833333333333,25.0175,9.0,0.0625,0,0.879999999999999,15,0,0
360,0.0653846153846,0,0,467.6,25.0175,9.25,0.05500000000000001,0,0.879999999999999,15,0,0
360,0.0730769230769,0,0,468.1166666666667,25.0325,9.25,0.0575,0,0.8200000000000003,15,0,0
355,0.0346153846154,0,0,468.6166666666667,25.0325,9.75,0.0625,0,0.8200000000000003,16,0,0
360,0.0461538461538,0,0,469.1333333333333,25.0325,10.0,0.06,0,0.8200000000000003,15,0,0
360,0.00769230769231,0,0,469.65,25.0325,10.0,0.0575,0,0.8200000000000003,15,0,0
360,-0.0346153846154,0,0,470.15,25.0475,10.25,0.06,0,0.8800000000000026,16,0,0
360,-0.0307692307692,0,0,470.6666666666667,25.0325,10.25,0.06,0,0.8200000000000003,16,0,0
360,-0.0269230769231,0,0,471.1666666666667,25.0475,10.5,0.0575,0,0.8800000000000026,16,0,0
360,-0.0230769230769,0,0,471.68333333333334,25.0475,10.5,0.0625,0,0.8800000000000026,16,0,0
360,-0.0192307692308,0,0,472.2,25.0325,10.5,0.06,0,0.8200000000000003,16,0,0
360,-0.0153846153846,0,0,472.7,25.049999999999997,10.5,0.057499999999999996,0,0.9400000000000013,16,0,0
360,-0.0115384615385,0,0,473.21666666666664,25.049999999999997,10.5,0.057499999999999996,0,0.9400000000000013,16,0,0
360,-0.00769230769231,0,0,473.73333333333335,25.0325,10.5,0.06,0,0.9400000000000013,16,0,0
360,-0.00384615384615,0,0,474.23333333333335,25.064999999999998,10.5,0.06,0,1.0,16,0,0
360,7.69801162017e-19,0,0,474.75,25.049999999999997,10.75,0.06,0,0.9400000000000013,17,0,0
360,0.00384615384615,0,0,475.26666666666665,25.0175,10.75,0.06,0,0.879999999999999,17,0,0
360,0.00769230769231,0,0,475.76666666666665,25.0475,10.75,0.06,0,0.8800000000000026,17,0,0
360,0.0115384615385,0,0,476.28333333333336,25.0325,11.0,0.0575,0,0.9400000000000013,18,0,0
360,0.0153846153846,0,0,476.78333333333336,25.064999999999998,11.0,0.0575,0,1.0,18,0,0
360,0.0192307692308,0,0,477.3,25.0475,11.25,0.0625,0,0.8800000000000026,18,0,0
360,0.0230769230769,0,0,477.81666666666666,25.0475,11.5,0.06,0,0.8800000000000026,18,0,0
360,0.0269230769231,0,0,478.31666666666666,25.0325,11.75,0.057499999999999996,0,0.9400000000000013,19,0,0
360,0.0307692307692,0,0,478.8333333333333,25.0175,11.75,0.06,0,0.879999999999999,19,0,0
360,0.0346153846154,0,0,479.35,25.0325,12.0,0.06,0,0.9400000000000013,18,0,0
360,0.0384615384615,0,0,479.85,25.0475,12.0,0.06,0,0.8800000000000026,18,0,0
360,0.0423076923077,0,0,480.3666666666667,25.0475,12.25,0.0575,0,1.0,19,0,0
360,0.0461538461538,0,0,480.8833333333333,25.0475,12.5,0.0625,0,1.0,19,0,0
360,0.0,0,0,481.3833333333333,25.0625,12.5,0.057499999999999996,0,0.9400000000000013,19,0,0
360,0.0,0,0,481.9,25.0475,12.5,0.0625,0,1.0,19,0,0
360,0.0,0,0,482.4,25.0325,12.5,0.0625,0,0.9400000000000013,19,0,0
360,0.0,0,0,482.9166666666667,25.0325,12.5,0.06,0,0.9400000000000013,19,0,0
360,0.0,0,0,483.43333333333334,25.0475,12.5,0.060000000000000005,0,1.0,19,0,0
360,0.0,0,0,483.93333333333334,25.0325,13.0,0.06,0,0.9400000000000013,20,0,0
360,0.0,0,0,484.45,25.049999999999997,13.0,0.055,0,0.9400000000000013,20,0,0
360,0.0,0,0,484.96666666666664,25.0475,13.0,0.05500000000000001,0,0.8800000000000026,20,0,0
360,0.0,0,0,485.46666666666664,25.034999999999997,13.0,0.0625,0,0.879999999999999,20,0,0
360,0.0,0,0,485.98333333333335,25.0175,13.0,0.057499999999999996,0,0.879999999999999,20,0,0
360,0.0,0,0,486.5,25.0175,13.25,0.0625,0,0.879999999999999,21,0,0
360,0.0,0,0,487.0,25.0325,13.5,0.060000000000000005,0,0.9400000000000013,21,0,0
360,0.0,0,0,487.51666666666665,25.064999999999998,13.5,0.06,0,0.8800000000000026,21,0,0
360,0.0,0,0,488.01666666666665,25.064999999999998,13.5,0.057499999999999996,0,1.0,21,0,0
360,0.0,0,0,488.53333333333336,25.0475,13.75,0.0575,0,0.8800000000000026,22,0,0
360,0.0,0,0,489.05,25.0475,13.75,0.06,0,0.9400000000000013,22,0,0
360,0.0,0,0,489.55,25.0475,13.75,0.06,0,0.9400000000000013,22,0,0
360,0.0,0,0,490.06666666666666,25.0475,13.75,0.06,0,0.8800000000000026,22,0,0
360,0.0,0,0,490.5833333333333,25.049999999999997,14.25,0.0575,0,0.9400000000000013,23,0,0
360,0.0,0,0,491.0833333333333,25.0325,14.25,0.06,0,0.9400000000000013,23,0,0
360,0.0,0,0,491.6,25.064999999999998,14.25,0.0625,0,0.8800000000000026,23,0,0
360,0.0,0,0,492.1166666666667,25.049999999999997,14.25,0.0625,0,0.9400000000000013,23,0,0
360,0.0,0,0,492.6166666666667,25.064999999999998,14.25,0.0575,0,0.8800000000000026,23,0,0
360,0.0,0,0,493.1333333333333,25.0475,14.25,0.0625,0,1.0,23,0,0
360,0.0,0,0,493.6333333333333,25.0475,14.5,0.0575,0,0.8800000000000026,24,0,0
360,0.0,0,0,494.15,25.049999999999997,14.5,0.06,0,0.9400000000000013,24,0,0
360,0.0,0,0,494.6666666666667,25.0325,14.75,0.0625,0,0.9400000000000013,24,0,0
360,0.0,0,0,495.1666666666667,25.049999999999997,14.75,0.06,0,0.9400000000000013,24,0,0
360,0.0,0,0,495.68333333333334,25.0475,14.75,0.06,0,1.0,24,0,0
360,0.0,0,0,496.2,25.0475,14.75,0.060000000000000005,0,0.8800000000000026,24,0,0
360,0.0,0,0,496.7,25.08,14.75,0.07,0,0.9400000000000013,24,0,1
360,0.0,0,0,497.21666666666664,25.064999999999998,14.75,0.057499999999999996,0,0.8800000000000026,24,0,0
360,0.0,0,0,497.73333333333335,25.08,14.75,0.0625,0,0.9400000000000013,24,0,0
360,0.0,0,0,498.23333333333335,25.064999999999998,14.75,0.0625,0,0.8800000000000026,24,0,0
360,0.0,0,0,498.75,25.0475,14.75,0.06,0,0.8800000000000026,24,0,0
360,0.0,0,0,499.76666666666665,25.0325,15.25,0.0625,0,0.8200000000000003,25,0,0
360,0.0,0,0,500.28333333333336,25.08,15.25,0.06,0,0.9400000000000013,25,0,0
360,0.0,0,0,500.78333333333336,25.064999999999998,15.25,0.0575,0,0.8800000000000026,25,0,0
360,0.0,0,0,501.3,25.0475,15.25,0.06,0,0.8800000000000026,25,0,0
360,0.0,0,0,501.81666666666666,25.064999999999998,15.25,0.055,0,0.8800000000000026,25,0,0
360,0.0,0,0,502.31666666666666,25.064999999999998,15.25,0.065,0,0.8800000000000026,25,0,0
360,0.0,0,0,502.8333333333333,25.0475,15.25,0.06,0,0.8800000000000026,25,0,0
360,0.0,0,0,503.3333333333333,25.049999999999997,15.5,0.0625,0,0.8200000000000003,26,0,0
360,0.0,0,0,503.85,25.064999999999998,15.5,0.06,0,0.8800000000000026,26,0,0
360,0.0,0,0,504.3666666666667,25.064999999999998,15.75,0.0625,0,0.8800000000000026,25,0,0
360,0.0,0,0,504.8666666666667,25.049999999999997,16.0,0.06,0,0.8200000000000003,25,0,0
360,0.0,0,0,505.3833333333333,25.064999999999998,16.0,0.055,0,0.8800000000000026,25,0,0
360,0.0,0,0,505.9,25.064999999999998,16.25,0.06,0,0.8800000000000026,26,0,0
360,0.0,0,0,506.4,25.064999999999998,16.25,0.06,0,0.8800000000000026,26,0,0
360,0.0,0,0,506.9166666666667,25.0325,16.25,0.0575,0,0.8200000000000003,26,0,0
360,0.0,0,0,507.43333333333334,25.064999999999998,16.25,0.0625,0,0.8800000000000026,26,0,0
360,0.0,0,0,507.93333333333334,25.064999999999998,16.25,0.06,0,0.8800000000000026,26,0,0
360,0.0,0,0,508.45,25.064999999999998,16.25,0.057499999999999996,0,0.8800000000000026,26,0,0
360,0.0,0,0,508.95,25.0625,16.25,0.0575,0,0.9400000000000013,26,0,0
360,0.0,0,0,509.46666666666664,25.0775,16.25,0.06,0,1.0,26,0,0
360,0.0,0,0,509.98333333333335,25.0625,16.25,0.0575,0,0.9400000000000013,26,0,0
360,0.0,0,0,510.48333333333335,25.064999999999998,16.25,0.0625,0,0.8800000000000026,26,0,0
360,0.0,0,0,511.0,25.0475,16.25,0.0625,0,0.8800000000000026,26,0,0
360,0.0,0,0,511.51666666666665,25.064999999999998,16.5,0.057499999999999996,0,0.8800000000000026,27,0,0
360,0.0,0,0,512.0166666666667,25.08,16.5,0.06,0,0.9400000000000013,27,0,0
360,0.0,0,0,512.5333333333333,25.064999999999998,16.75,0.06,0,0.8800000000000026,27,0,0
360,0.0,0,0,513.05,25.064999999999998,16.75,0.06,0,0.8800000000000026,27,0,0
360,0.0,0,0,513.55,25.0675,16.75,0.0625,0,0.75,27,0,0
360,0.0,0,0,514.0666666666667,25.0825,16.75,0.0625,0,0.8100000000000023,27,0,0
360,0.0,0,0,514.5666666666667,25.049999999999997,17.0,0.0625,0,0.8200000000000003,27,0,0
360,0.0,0,0,515.0833333333334,25.049999999999997,16.75,0.06,0,0.8200000000000003,27,0,0
360,0.0,0,0,515.6,25.0675,16.75,0.0625,0,0.75,27,0,0
360,0.0,0,0,516.1,25.0325,17.25,0.065,0,0.75,28,0,0
360,0.0,0,0,516.6166666666667,25.049999999999997,17.25,0.057499999999999996,0,0.8200000000000003,28,0,0
360,0.0,0,0,517.1333333333333,25.049999999999997,17.5,0.0625,0,0.8200000000000003,28,0,0
360,0.0,0,0,517.6333333333333,25.049999999999997,17.25,0.0625,0,0.8200000000000003,28,0,0
360,0.0,0,0,518.15,25.049999999999997,17.25,0.060000000000000005,0,0.8200000000000003,28,0,0
360,0.0,0,0,518.6666666666666,25.05,17.5,0.06,0,0.6799999999999997,28,0,0
360,0.0,0,0,519.1666666666666,25.05,17.75,0.057499999999999996,0,0.6799999999999997,29,0,0
360,0.0,0,0,519.6833333333333,25.0325,17.75,0.06,0,0.6799999999999997,29,0,0
360,0.0,0,0,520.1833333333333,25.0325,17.75,0.06,0,0.75,29,0,0
360,0.0,0,0,520.7,25.049999999999997,17.75,0.06,0,0.8200000000000003,29,0,0
360,0.0,0,0,521.2166666666667,25.049999999999997,17.75,0.060000000000000005,0,0.8200000000000003,29,0,0
360,0.0,0,0,521.7166666666667,25.049999999999997,17.75,0.060000000000000005,0,0.8200000000000003,29,0,0
360,0.0,0,0,522.2333333333333,25.0675,17.75,0.06,0,0.75,29,0,0
360,0.0,0,0,522.75,25.0675,17.75,0.0575,0,0.75,29,0,0
360,0.0,0,0,523.25,25.0325,17.75,0.0575,0,0.75,29,0,0
360,0.0,0,0,523.7666666666667,25.0675,17.75,0.060000000000000005,0,0.75,29,0,0
360,0.0,0,0,524.2833333333333,25.0825,17.75,0.0575,0,0.8100000000000023,29,0,0
360,0.0,0,0,524.7833333333333,25.0825,18.25,0.065,0,0.8100000000000023,28,0,0
360,0.0,0,0,525.3,25.064999999999998,18.0,0.0625,0,0.8100000000000023,29,0,0
360,0.0,0,0,525.8,25.0825,18.25,0.06,0,0.8100000000000023,28,0,0
360,0.0,0,0,526.3166666666667,25.0825,17.75,0.065,0,0.8100000000000023,29,0,0
360,0.0,0,0,526.8333333333334,25.0675,17.75,0.065,0,0.75,29,0,0
360,0.0,0,0,527.3333333333334,25.0675,17.75,0.065,0,0.75,29,0,0
360,0.0,0,0,527.85,25.0675,17.75,0.0575,0,0.75,29,0,0
360,0.0,0,0,528.3666666666667,25.0675,17.75,0.0625,0,0.75,29,0,0
355,-0.0461538461538,0,0,528.8666666666667,25.0675,17.5,0.06,0,0.75,29,0,0
360,-0.0423076923077,0,0,529.3833333333333,25.05,17.5,0.06,0,0.6799999999999997,29,0,0
360,-0.0384615384615,0,0,529.9,25.0675,17.75,0.06,0,0.75,29,0,0
360,-0.0346153846154,0,0,530.4,25.05,17.5,0.055,0,0.6799999999999997,29,0,0
360,-0.0307692307692,0,0,530.9166666666666,25.0675,17.5,0.0625,0,0.75,29,0,0
360,-0.0269230769231,0,0,531.4166666666666,25.0675,17.5,0.065,0,0.75,29,0,0
360,-0.0230769230769,0,0,531.9333333333333,25.05,17.5,0.06,0,0.6799999999999997,29,0,0
360,-0.0192307692308,0,0,532.45,25.05,17.5,0.06,0,0.6799999999999997,29,0,0
360,-0.0153846153846,0,0,532.95,25.0675,17.5,0.06,0,0.75,29,0,0
360,-0.0115384615385,0,0,533.4666666666667,25.0825,17.75,0.06,0,0.8100000000000023,29,0,0
360,-0.00769230769231,0,0,533.9833333333333,25.0825,17.75,0.06,0,0.8100000000000023,29,0,0
360,-0.00384615384615,0,0,534.4833333333333,25.0675,18.0,0.060000000000000005,0,0.75,28,0,0
360,7.69801162017e-19,0,0,535.0,25.0825,17.75,0.065,0,0.8100000000000023,29,0,0
360,0.00384615384615,0,0,535.5,25.0825,17.75,0.0625,0,0.8100000000000023,29,0,0
360,0.00769230769231,0,0,536.0166666666667,25.0825,17.75,0.057499999999999996,0,0.8100000000000023,29,0,0
360,0.0115384615385,0,0,536.5333333333333,25.0825,17.5,0.057499999999999996,0,0.8100000000000023,29,0,0
360,0.0153846153846,0,0,537.0333333333333,25.0825,17.5,0.06,0,0.8100000000000023,29,0,0
355,-0.0269230769231,0,0,537.55,25.0825,17.75,0.06,0,0.8100000000000023,29,0,0
355,-0.0653846153846,0,0,538.0666666666667,25.0825,17.75,0.06,0,0.8100000000000023,29,0,0
360,-0.0538461538462,0,0,538.5666666666667,25.08,17.75,0.0575,0,0.8100000000000023,29,0,0
360,-0.0423076923077,0,0,539.0833333333334,25.0825,17.75,0.0625,0,0.8100000000000023,29,0,0
360,-0.0307692307692,0,0,539.6,25.0975,18.0,0.06,0,0.870000000000001,28,0,0
360,-0.0192307692308,0,0,540.1,25.0975,18.0,0.0625,0,0.870000000000001,28,0,0
360,-0.00769230769231,0,0,540.6166666666667,25.0975,18.0,0.065,0,0.870000000000001,28,0,0
360,0.00384615384615,0,0,541.1166666666667,25.0825,17.75,0.0625,0,0.8100000000000023,29,0,0
360,-0.0346153846154,0,0,541.6333333333333,25.0975,18.0,0.0625,0,0.870000000000001,28,0,0
360,-0.0269230769231,0,0,542.15,25.1125,17.75,0.057499999999999996,0,0.9299999999999997,29,0,0
360,-0.0192307692308,0,0,542.65,25.0825,18.0,0.057499999999999996,0,0.8100000000000023,28,0,0
360,-0.0115384615385,0,0,543.1666666666666,25.0975,18.5,0.0625,0,0.75,29,0,0
355,-0.05,0,0,543.6833333333333,25.0975,18.5,0.052500000000000005,0,0.870000000000001,29,0,0
360,-0.0384615384615,0,0,544.1833333333333,25.0975,18.5,0.0625,0,0.75,29,0,0
360,-0.0269230769231,0,0,544.7,25.0975,18.0,0.057499999999999996,0,0.75,28,0,0
360,-0.0153846153846,0,0,545.2166666666667,25.0825,18.25,0.07250000000000001,0,0.8100000000000023,29,0,1
360,-0.00384615384615,0,0,545.7166666666667,25.0975,18.5,0.06,0,0.75,29,0,0
360,0.00769230769231,0,0,546.2333333333333,25.1125,18.5,0.06,0,0.75,29,0,0
360,0.0192307692308,0,0,546.7333333333333,25.0675,18.75,0.0625,0,0.75,30,0,0
355,-0.0153846153846,0,0,547.25,25.0825,18.5,0.08750000000000001,0,0.6899999999999977,29,0,2
355,-0.0461538461538,0,0,547.7666666666667,25.0975,18.75,0.057499999999999996,0,0.6899999999999977,30,0,0
360,-0.0269230769231,0,0,548.2666666666667,25.1125,18.75,0.06,0,0.75,30,0,0
360,-0.00769230769231,0,0,548.7833333333333,25.0975,18.5,0.0625,0,0.75,29,0,0
360,0.0115384615385,0,0,549.3,25.0975,18.5,0.065,0,0.75,29,0,0
360,0.0307692307692,0,0,549.8,25.1125,18.5,0.0625,0,0.8099999999999987,29,0,0
360,-2.46336371845e-17,0,0,550.3166666666667,25.0975,18.75,0.0575,0,0.75,30,0,0
355,-0.0807692307692,0,0,550.8333333333334,25.0325,18.25,0.07500000000000001,0,0.75,28,0,2
355,-0.111538461538,0,0,551.7,24.9525,18.5,0.0675,0,0.8099999999999987,29,0,1
355,-0.138461538462,0,0,552.2,24.9825,18.5,0.07250000000000001,0,0.75,29,0,1
355,-0.161538461538,0,0,552.7166666666667,24.985,18.5,0.075,0,0.8200000000000003,29,0,2
355,-0.180769230769,0,0,553.2166666666667,24.9675,18.5,0.07250000000000001,0,0.75,29,0,1
355,-0.196153846154,0,0,553.7333333333333,24.9675,18.5,0.07250000000000001,0,0.8099999999999987,29,0,1
355,-0.207692307692,0,0,554.25,24.9675,18.5,0.07,0,0.75,29,0,1
355,-0.215384615385,0,0,554.75,24.9675,18.25,0.07500000000000001,0,0.75,28,0,2
355,-0.219230769231,0,0,555.2666666666667,24.9675,18.5,0.07,0,0.75,29,0,1
355,-0.219230769231,0,0,555.7833333333333,24.9825,18.5,0.07250000000000001,0,0.75,29,0,1
355,-0.215384615385,0,0,556.2833333333333,24.9675,18.5,0.07250000000000001,0,0.75,29,0,1
355,-0.257692307692,0,0,556.8,24.9825,18.25,0.07250000000000001,0,0.75,28,0,1
355,-0.25,0,0,557.3166666666667,24.9675,18.5,0.07,0,0.75,29,0,1
355,-0.238461538462,0,0,557.8166666666667,24.9825,18.5,0.07,0,0.75,29,0,1
355,-0.223076923077,0,0,558.3333333333334,24.9525,18.5,0.07500000000000001,0,0.6900000000000013,29,0,2
355,-0.203846153846,0,0,558.8333333333334,24.9675,18.5,0.07250000000000001,0,0.75,29,0,1
355,-0.180769230769,0,0,559.35,24.985,18.5,0.07250000000000001,0,0.8200000000000003,29,0,1
355,-0.153846153846,0,0,559.8666666666667,24.9675,18.75,0.0675,0,0.75,29,0,1
355,-0.173076923077,1,0,560.8833333333333,24.9825,19.0,0.0725,1,0.75,30,0,1
355,-0.192307692308,0,0,561.4,24.985,18.75,0.0725,0,0.8200000000000003,30,0,1
355,-0.161538461538,0,0,561.9,25.0,18.5,0.0675,0,0.8200000000000003,29,0,1
355,-0.126923076923,0,0,562.4166666666666,25.0,19.0,0.0675,0,0.8200000000000003,30,0,1
355,-0.0884615384615,0,0,562.9333333333333,25.0,19.0,0.07250000000000001,0,0.8200000000000003,30,0,1
355,-0.0461538461538,0,0,563.4333333333333,25.029999999999998,18.75,0.07250000000000001,0,0.8800000000000026,30,0,1
355,0.0,0,0,563.95,25.015,19.0,0.07250000000000001,0,0.8800000000000026,30,0,1
355,0.0,0,0,564.45,25.029999999999998,19.0,0.0675,0,0.8800000000000026,30,0,1
355,0.0,0,0,564.9666666666667,25.029999999999998,18.75,0.07,0,0.8800000000000026,30,0,1
355,0.0,0,0,565.9833333333333,25.0175,19.0,0.065,0,0.8100000000000023,30,0,0
355,0.0,0,0,566.5,25.0325,19.0,0.0675,0,0.8100000000000023,30,0,1
355,0.0,0,0,567.0166666666667,25.015,19.25,0.07250000000000001,0,0.8800000000000026,30,0,1
355,0.0,0,0,567.5166666666667,25.015,19.0,0.07,0,0.8800000000000026,30,0,1
355,0.0,0,0,568.0333333333333,25.0475,19.0,0.07250000000000001,0,0.8100000000000023,30,0,1
355,0.0,0,0,568.55,25.029999999999998,19.0,0.075,0,0.8800000000000026,30,0,2
355,0.0,0,0,569.05,25.0,19.0,0.07,0,0.8200000000000003,30,0,1
355,0.0,0,0,569.5666666666667,25.0,19.0,0.07,0,0.8200000000000003,30,0,1
355,0.0,0,0,570.0666666666667,25.029999999999998,19.0,0.065,0,0.8800000000000026,30,0,0
355,0.0,0,0,570.5833333333334,25.014999999999997,19.5,0.0675,0,0.8200000000000003,31,0,1
355,0.0,0,0,571.1,25.014999999999997,19.5,0.07500000000000001,0,0.8200000000000003,31,0,2
355,0.0,0,0,571.6,25.014999999999997,19.5,0.07,0,0.8200000000000003,31,0,1
355,0.0,0,0,572.1166666666667,25.014999999999997,19.5,0.07,0,0.8200000000000003,31,0,1
355,0.0,0,0,572.6333333333333,25.029999999999998,19.75,0.0675,0,0.8800000000000026,32,0,1
355,0.0,0,0,573.1333333333333,25.044999999999998,20.0,0.0675,0,0.9400000000000013,32,0,1
355,0.0,0,0,573.65,25.0475,20.0,0.0675,0,0.8100000000000023,32,0,1
355,0.0,0,0,574.1666666666666,25.0625,20.0,0.07,0,0.870000000000001,32,0,1
355,0.0,0,0,574.6666666666666,25.0475,20.0,0.07250000000000001,0,0.8100000000000023,32,0,1
355,0.0,0,0,575.1833333333333,25.0625,20.5,0.07,0,0.870000000000001,32,0,1
355,0.0,0,0,575.6833333333333,25.044999999999998,20.75,0.0725,0,0.9400000000000013,32,0,1
355,0.0,0,0,576.2,25.0475,20.75,0.07250000000000001,0,0.8100000000000023,32,0,1
355,0.0,0,0,576.7166666666667,25.029999999999998,20.25,0.07,0,0.8800000000000026,31,0,1
355,0.0,0,0,577.2166666666667,25.029999999999998,19.5,0.07,0,0.8800000000000026,31,0,1
355,0.0,0,0,577.7333333333333,25.044999999999998,19.5,0.0675,0,0.9400000000000013,31,0,1
355,0.0,0,0,578.25,25.0475,19.5,0.07,0,0.8100000000000023,31,0,1
355,0.0,0,0,578.75,25.0475,20.0,0.07250000000000001,0,0.8100000000000023,32,0,1
355,0.0,0,0,579.2666666666667,25.0475,20.25,0.07250000000000001,0,0.8100000000000023,31,0,1
355,0.0,0,0,579.7666666666667,25.0325,20.75,0.0675,0,0.75,32,0,1
355,0.0,0,0,580.2833333333333,25.015,20.75,0.065,0,0.6799999999999997,32,0,0
355,0.0,0,0,580.8,25.0325,20.75,0.0675,0,0.75,32,0,1
355,0.0,0,0,581.3,25.0325,20.75,0.07250000000000001,0,0.75,32,0,1
355,0.0,0,0,581.8166666666667,25.0325,21.0,0.07,0,0.8100000000000023,32,0,1
355,0.0,0,0,582.3333333333334,25.0325,21.0,0.0725,0,0.8100000000000023,32,0,1
355,0.0,0,0,582.8333333333334,25.0625,21.25,0.07,0,0.8099999999999987,32,0,1
355,0.0,0,0,583.35,25.0475,21.5,0.07250000000000001,0,0.870000000000001,33,0,1
355,0.0,0,0,583.8666666666667,25.0475,21.5,0.07250000000000001,0,0.8100000000000023,33,0,1
355,0.0,0,0,584.3666666666667,25.0325,21.5,0.07,0,0.8100000000000023,33,0,1
355,0.0,0,0,584.8833333333333,25.0325,21.5,0.07,0,0.8100000000000023,33,0,1
355,0.0,0,0,585.9,25.0475,22.0,0.0675,0,0.870000000000001,34,0,1
355,0.0,0,0,586.4166666666666,25.0625,22.0,0.07,0,0.8099999999999987,34,0,1
355,0.0,0,0,586.9166666666666,25.0625,22.0,0.07,0,0.870000000000001,34,0,1
355,0.0,0,0,587.4333333333333,25.0625,22.0,0.07500000000000001,0,0.8099999999999987,34,0,2
355,0.0,0,0,587.95,25.0625,22.0,0.07250000000000001,0,0.75,34,0,1
355,0.0,0,0,588.45,25.0325,22.0,0.0675,0,0.8100000000000023,34,0,1
355,0.0,0,0,588.9666666666667,25.0325,22.5,0.07250000000000001,0,0.8100000000000023,34,0,1
355,0.0,0,0,589.4833333333333,25.0475,22.5,0.07,0,0.870000000000001,34,0,1
355,0.0,0,0,589.9833333333333,25.0625,22.25,0.07250000000000001,0,0.8099999999999987,33,0,1
355,0.0,0,0,590.5,25.0625,22.0,0.07,0,0.9299999999999997,34,0,1
355,0.0,0,0,591.0,25.0475,21.5,0.07,0,0.870000000000001,33,0,1
355,0.0,0,0,591.5166666666667,25.0625,21.0,0.07250000000000001,0,0.9299999999999997,32,0,1
355,0.0,0,0,592.0333333333333,25.0625,21.0,0.065,0,0.9299999999999997,32,0,0
355,0.0,0,0,592.5333333333333,25.0625,21.0,0.07,0,0.9299999999999997,32,0,1
355,0.0,0,0,593.05,25.0925,21.0,0.0675,0,0.8699999999999974,32,0,1
355,0.0,0,0,593.5666666666667,25.095,21.0,0.0675,0,1.0,32,0,1
355,0.0,0,0,594.0666666666667,25.0925,21.5,0.07500000000000001,0,0.8699999999999974,33,0,2
355,0.0,0,0,594.5833333333334,25.0625,21.5,0.075,0,0.9299999999999997,33,0,2
355,0.0,0,0,595.1,25.0625,22.0,0.0675,0,0.870000000000001,34,0,1
355,0.0,0,0,595.6,25.0775,23.0,0.0675,0,0.9299999999999997,35,0,1
355,0.0,0,0,596.1166666666667,25.0475,23.5,0.0675,0,0.870000000000001,36,0,1
355,0.0,0,0,596.6166666666667,25.0625,23.5,0.065,0,0.870000000000001,36,0,0
355,0.0,0,0,597.1333333333333,25.0625,23.5,0.07,0,0.870000000000001,36,0,1
355,0.0,0,0,597.65,25.0775,23.5,0.07,0,0.9299999999999997,36,0,1
355,0.0,0,0,598.15,25.0775,23.75,0.0625,0,0.9299999999999997,36,0,0
355,0.0,0,0,598.6666666666666,25.0775,23.75,0.0675,0,0.9299999999999997,36,0,1
355,0.0,0,0,599.1833333333333,25.0775,23.5,0.0675,0,0.9299999999999997,36,0,1
355,0.0,0,0,599.6833333333333,25.0775,23.0,0.0675,0,0.9299999999999997,35,0,1
355,0.0,0,0,600.2,25.0925,23.5,0.07250000000000001,0,0.8699999999999974,36,0,1
355,0.0,0,0,600.7166666666667,25.0625,24.25,0.0675,0,0.870000000000001,36,0,1
355,0.0,0,0,601.2166666666667,25.0775,24.25,0.0725,0,0.9299999999999997,36,0,1
355,0.0,0,0,601.7333333333333,25.0625,23.75,0.07,0,0.8099999999999987,36,0,1
355,0.0,0,0,602.2333333333333,25.0775,23.5,0.07,0,0.9299999999999997,36,0,1
355,0.0,0,0,602.75,25.0925,23.5,0.07,0,0.8699999999999974,36,0,1
355,0.0,0,0,603.2666666666667,25.0925,23.0,0.07250000000000001,0,0.8699999999999974,35,0,1
355,0.0,0,0,603.7666666666667,25.0925,23.25,0.07,0,0.8699999999999974,35,0,1
355,0.0,0,0,604.2833333333333,25.11,23.0,0.0675,0,0.9399999999999977,35,0,1
355,0.0,0,0,604.8,25.0925,23.0,0.07500000000000001,0,0.8699999999999974,35,0,2
355,0.0,0,0,605.3,25.125,23.0,0.07500000000000001,0,1.0,35,0,2
355,0.0,0,0,605.8166666666667,25.125,23.0,0.0775,0,1.0,35,0,2
355,0.0,0,0,606.3333333333334,25.125,23.5,0.07,0,1.0,36,0,1
355,0.0,0,0,606.8333333333334,25.125,23.5,0.07250000000000001,0,1.0,36,0,1
355,0.0,0,0,607.35,25.11,23.25,0.0675,0,0.9399999999999977,35,0,1
355,0.0,0,0,607.85,25.11,23.5,0.0675,0,0.9399999999999977,36,0,1
355,0.0,0,0,608.3666666666667,25.11,23.75,0.07,0,0.9399999999999977,36,0,1
355,0.0,0,0,608.8833333333333,25.125,24.0,0.07500000000000001,0,1.0,35,0,2
355,0.0,0,0,609.3833333333333,25.125,24.0,0.07250000000000001,0,1.0,35,0,1
355,0.0,0,0,609.9,25.11,23.75,0.07,0,0.9399999999999977,35,0,1
355,0.0,0,0,610.4166666666666,25.0925,23.25,0.07,0,0.8699999999999974,35,0,1
355,0.0,0,0,610.9166666666666,25.0775,23.0,0.07250000000000001,0,0.9299999999999997,34,0,1
355,0.0,0,0,611.4333333333333,25.127499999999998,22.75,0.07,0,0.9399999999999977,34,0,1
355,0.0,0,0,611.9333333333333,25.127499999999998,22.75,0.07750000000000001,0,0.9399999999999977,34,0,2
355,0.0,0,0,612.45,25.0925,22.75,0.07250000000000001,0,0.8699999999999974,34,0,1
355,0.0,0,0,612.9666666666667,25.125,23.75,0.07250000000000001,0,1.0,36,0,1
355,0.0,0,0,613.4666666666667,25.1425,24.5,0.07250000000000001,0,1.0,37,0,1
355,0.0,0,0,613.9833333333333,25.125,25.25,0.07,0,1.0,38,0,1
355,0.0,0,0,614.5,25.14,25.5,0.07250000000000001,0,1.0599999999999987,38,0,1
355,0.0,0,0,615.0,25.14,25.5,0.07500000000000001,0,1.0599999999999987,38,0,2
355,0.0,0,0,615.5166666666667,25.125,24.75,0.07250000000000001,0,1.0,36,0,1
355,0.0,0,0,616.0333333333333,25.1425,25.0,0.0675,0,1.0,37,0,1
355,0.0,0,0,616.5333333333333,25.125,25.25,0.07,0,1.0,38,0,1
355,0.0,0,0,617.05,25.11,25.0,0.07,0,0.9399999999999977,37,0,1
355,0.0,0,0,617.55,25.1725,24.5,0.07250000000000001,0,1.0,36,0,1
355,0.0,0,0,618.0666666666667,25.1425,24.25,0.075,0,1.0,35,0,2
355,0.0,0,0,618.5833333333334,25.1425,23.75,0.07500000000000001,0,1.0,35,0,2
355,0.0,0,0,619.0833333333334,25.175,24.25,0.07250000000000001,0,1.0599999999999987,36,0,1
355,0.0,0,0,619.6,25.16,24.75,0.075,0,1.0,37,0,2
355,0.0,0,0,620.1166666666667,25.16,25.25,0.0675,0,1.0,38,0,1
355,0.0,0,0,620.6166666666667,25.16,25.75,0.07,0,1.0,39,0,1
355,0.0,0,0,621.1333333333333,25.1425,26.0,0.07,0,1.0,39,0,1
355,0.0,0,0,621.65,25.145,26.0,0.07250000000000001,0,0.9399999999999977,39,0,1
355,0.0,0,0,622.15,25.1425,26.0,0.07250000000000001,0,1.0,39,0,1
355,0.0,0,0,622.6666666666666,25.125,25.75,0.07,0,1.0,38,0,1
355,0.0,0,0,623.1666666666666,25.127499999999998,25.5,0.0675,0,0.9399999999999977,38,0,1
355,0.0,0,0,623.6833333333333,25.1425,26.0,0.07,0,0.879999999999999,39,0,1
355,0.0,0,0,624.2,25.1575,26.0,0.075,0,0.9400000000000013,39,0,2
355,0.0,0,0,624.7,25.16,25.75,0.0675,0,1.0,38,0,1
355,0.0,0,0,625.2166666666667,25.1425,25.25,0.07250000000000001,0,1.0,37,0,1
355,0.0,0,0,625.7333333333333,25.1425,25.25,0.07500000000000001,0,0.879999999999999,37,0,2
355,0.0,0,0,626.2333333333333,25.145,25.0,0.075,0,0.9399999999999977,37,0,2
355,0.0,0,0,626.75,25.1575,25.25,0.07250000000000001,0,0.9400000000000013,38,0,1
355,0.0,0,0,627.2666666666667,25.127499999999998,25.75,0.0675,0,0.9399999999999977,38,0,1
355,0.0,0,0,627.7666666666667,25.1575,25.75,0.07500000000000001,0,0.9400000000000013,38,0,2
355,0.0,0,0,628.2833333333333,25.1575,25.5,0.075,0,0.9400000000000013,38,0,2
355,0.0,0,0,628.7833333333333,25.1575,25.5,0.0725,0,0.9400000000000013,38,0,1
355,0.0,0,0,629.3,25.1575,25.75,0.0725,0,0.9400000000000013,38,0,1
355,0.0,0,0,629.8166666666667,25.174999999999997,25.5,0.07500000000000001,0,0.9400000000000013,38,0,2
355,0.0,0,0,630.3166666666667,25.1575,25.75,0.07,0,0.9400000000000013,39,0,1
355,0.0,0,0,630.8333333333334,25.19,26.25,0.07250000000000001,0,1.1199999999999974,39,0,1
355,0.0,0,0,631.35,25.189999999999998,26.75,0.07250000000000001,0,1.0,40,0,1
355,0.0,0,0,631.85,25.189999999999998,26.75,0.07,0,1.0,40,0,1
355,0.0,0,0,632.3666666666667,25.189999999999998,26.5,0.0725,0,1.0,39,0,1
355,0.0,0,0,632.8833333333333,25.189999999999998,26.25,0.07250000000000001,0,1.0,39,0,1
355,0.0,0,0,633.3833333333333,25.189999999999998,26.5,0.07,0,1.0,39,0,1
355,0.0,0,0,633.9,25.205,26.25,0.07250000000000001,0,0.9400000000000013,39,0,1
355,0.0,0,0,634.4,25.205,26.0,0.07250000000000001,0,0.9400000000000013,39,0,1
355,0.0,0,0,634.9166666666666,25.189999999999998,26.5,0.07,0,1.0,39,0,1
355,0.0,0,0,635.4333333333333,25.189999999999998,26.75,0.07,0,1.0,40,0,1
355,0.0,0,0,635.9333333333333,25.189999999999998,26.75,0.07,0,1.0,40,0,1
355,0.0,0,0,636.45,25.189999999999998,26.5,0.07,0,1.0,39,0,1
355,0.0,0,0,636.9666666666667,25.189999999999998,26.25,0.0675,0,1.0,39,0,1
355,0.0,0,0,637.4666666666667,25.189999999999998,26.0,0.07,0,1.0,39,0,1
355,0.0,0,0,637.9833333333333,25.189999999999998,26.5,0.07250000000000001,0,1.0,39,0,1
355,0.0,0,0,638.5,25.189999999999998,26.25,0.07250000000000001,0,1.0,39,0,1
355,0.0,0,0,639.0,25.189999999999998,26.75,0.07,0,1.0,40,0,1
355,0.0,0,0,639.5166666666667,25.189999999999998,26.5,0.0675,0,1.0,39,0,1
355,0.0,0,0,640.0166666666667,25.189999999999998,26.25,0.0775,0,1.0,39,0,2
355,0.0,0,0,640.5333333333333,25.189999999999998,26.25,0.07250000000000001,0,1.0,39,0,1
355,0.0,0,0,641.05,25.189999999999998,26.25,0.07250000000000001,0,1.0,39,0,1
355,0.0,0,0,641.55,25.189999999999998,26.75,0.07250000000000001,0,1.0,40,0,1
355,0.0,0,0,642.0666666666667,25.174999999999997,26.5,0.07500000000000001,0,0.9400000000000013,39,0,2
355,0.0,0,0,642.5833333333334,25.205,26.75,0.07250000000000001,0,1.0599999999999987,40,0,1
355,0.0,0,0,643.6,25.189999999999998,26.75,0.07250000000000001,0,1.0,40,0,1
355,0.0,0,0,644.1,25.174999999999997,27.25,0.07750000000000001,0,0.9400000000000013,40,0,2
355,0.0,0,0,644.6166666666667,25.189999999999998,27.25,0.07250000000000001,0,0.8800000000000026,40,0,1
355,0.0,0,0,645.1333333333333,25.174999999999997,28.25,0.07,0,0.9400000000000013,42,0,1
355,0.0,0,0,645.6333333333333,25.174999999999997,28.5,0.075,0,0.9400000000000013,42,0,2
355,0.0,0,0,646.15,25.205,28.5,0.07250000000000001,0,0.9400000000000013,42,0,1
355,0.0,0,0,646.6666666666666,25.189999999999998,28.5,0.0675,0,0.8800000000000026,42,0,1
355,0.0,0,0,647.1666666666666,25.189999999999998,28.75,0.07,0,0.8800000000000026,42,0,1
355,0.0,0,0,647.6833333333333,25.205,29.25,0.07250000000000001,0,0.9400000000000013,42,0,1
355,0.0,0,0,648.2,25.205,29.75,0.07250000000000001,0,0.9400000000000013,42,0,1
355,0.0,0,0,648.7,25.22,29.5,0.07,0,1.0,42,0,1
355,0.0,0,0,649.2166666666667,25.22,29.25,0.07250000000000001,0,1.0,42,0,1
355,0.0,0,0,649.7166666666667,25.22,28.75,0.07,0,1.0,42,0,1
355,0.0,0,0,650.2333333333333,25.205,29.0,0.07250000000000001,0,0.9400000000000013,43,0,1
355,0.0,0,0,650.75,25.22,28.75,0.07250000000000001,0,0.9400000000000013,42,0,1
355,0.0,0,0,651.25,25.22,28.75,0.07,0,0.9400000000000013,42,0,1
355,0.0,0,0,651.7666666666667,25.205,28.5,0.07250000000000001,0,0.9400000000000013,42,0,1
355,0.0,0,0,652.2833333333333,25.22,28.5,0.07250000000000001,0,0.9400000000000013,42,0,1
355,0.0,0,0,652.7833333333333,25.22,28.25,0.07250000000000001,0,0.9400000000000013,41,0,1
355,0.0,0,0,653.3,25.22,27.25,0.07,0,0.9400000000000013,40,0,1
355,0.0,0,0,653.8166666666667,25.22,27.25,0.07250000000000001,0,0.9400000000000013,40,0,1
355,0.0,0,0,654.3166666666667,25.22,27.25,0.065,0,0.9400000000000013,39,0,0
355,0.0,0,0,654.8333333333334,25.22,26.75,0.07,0,0.9400000000000013,40,0,1
355,0.0,0,0,655.3333333333334,25.22,27.75,0.065,0,0.9400000000000013,41,0,0
355,0.0,0,0,655.85,25.205,29.0,0.075,0,0.9400000000000013,42,0,2
355,0.0,0,0,656.3666666666667,25.22,30.0,0.0675,0,1.0,43,0,1
355,0.0,0,0,656.8666666666667,25.22,30.0,0.07250000000000001,0,0.9400000000000013,42,0,1
355,0.0,0,0,657.3833333333333,25.205,29.75,0.075,0,0.9400000000000013,42,0,2
355,0.0,0,0,657.9,25.205,29.75,0.0725,0,0.9400000000000013,42,0,1
355,0.0,0,0,658.4,25.2375,30.0,0.07250000000000001,0,0.870000000000001,43,0,1
355,0.0,0,0,658.9166666666666,25.22,30.5,0.07250000000000001,0,0.9400000000000013,44,0,1
355,0.0,0,0,659.4333333333333,25.205,31.0,0.07,0,0.9400000000000013,44,0,1
355,0.0,0,0,659.9333333333333,25.2375,31.25,0.07,0,0.870000000000001,45,0,1
355,0.0,0,0,660.45,25.205,31.5,0.07,0,0.9400000000000013,45,0,1
355,0.0,0,0,660.95,25.189999999999998,31.5,0.07,0,0.8800000000000026,45,0,1
355,0.0,0,0,661.4666666666667,25.205,31.75,0.0675,0,0.9400000000000013,46,0,1
355,0.0,0,0,661.9833333333333,25.189999999999998,32.25,0.07,0,0.8800000000000026,46,0,1
355,0.0,1,0,662.4833333333333,25.205,29.75,0.07250000000000001,1,0.8800000000000026,42,0,1
355,0.0,0,0,663.0,25.205,30.5,0.07,0,0.9400000000000013,44,0,1
355,0.0,0,0,663.5166666666667,25.22,30.25,0.07,0,0.9400000000000013,43,0,1
355,0.0,0,0,664.0166666666667,25.235,30.5,0.07250000000000001,0,1.0,44,0,1
355,0.0,0,0,664.5333333333333,25.235,30.5,0.075,0,1.0,44,0,2
355,0.0,0,0,665.05,25.235,30.5,0.08,0,1.0,44,0,2
355,0.0,0,0,665.55,25.22,30.5,0.07250000000000001,0,1.0,44,0,1
355,0.0,0,0,666.0666666666667,25.205,30.75,0.07250000000000001,0,0.9400000000000013,45,0,1
355,0.0,0,0,666.5666666666667,25.205,31.25,0.07500000000000001,0,0.9400000000000013,45,0,2
355,0.0,0,0,667.0833333333334,25.2375,31.25,0.07250000000000001,0,0.870000000000001,45,0,1
355,0.0,0,0,667.6,25.22,31.5,0.07250000000000001,0,0.9400000000000013,45,0,1
355,0.0,0,0,668.1,25.2525,31.5,0.07250000000000001,0,0.870000000000001,45,0,1
355,0.0,0,0,668.6166666666667,25.2375,30.25,0.08249999999999999,0,0.870000000000001,43,0,2
355,0.0,0,0,669.1333333333333,25.267500000000002,30.0,0.0925,0,0.9299999999999997,43,0,2
355,0.0,0,0,669.6333333333333,25.2525,30.5,0.13,0,0.870000000000001,44,0,2
355,0.0,0,0,670.15,25.2375,30.75,0.0675,0,0.870000000000001,45,0,1
355,0.0,0,0,670.6666666666666,25.2525,30.25,0.07250000000000001,0,0.9299999999999997,43,0,1
355,0.0,0,0,671.1666666666666,25.2525,30.25,0.07,0,0.870000000000001,43,0,1
355,0.0,0,0,671.6833333333333,25.267500000000002,30.0,0.07,0,0.9299999999999997,42,0,1
355,0.0,0,0,672.1833333333333,25.2525,30.0,0.07,0,0.9299999999999997,43,0,1
355,0.0,0,0,672.7,25.2525,30.25,0.0675,0,0.870000000000001,44,0,1
355,0.0,0,0,673.2166666666667,25.2525,31.75,0.0725,0,0.9299999999999997,46,0,1
355,0.0,0,0,673.7166666666667,25.2525,32.5,0.0675,0,0.870000000000001,46,0,1
355,0.0,0,0,674.2333333333333,25.2525,32.5,0.075,0,0.870000000000001,46,0,2
355,0.0,0,0,674.75,25.267500000000002,33.0,0.07250000000000001,0,0.9299999999999997,46,0,1
355,0.0,0,0,675.25,25.2525,33.0,0.07250000000000001,0,0.870000000000001,46,0,1
355,0.0,0,0,675.7666666666667,25.267500000000002,32.25,0.07250000000000001,0,0.9299999999999997,46,0,1
355,0.0,0,0,676.2833333333333,25.2525,32.25,0.07,0,0.870000000000001,46,0,1
355,0.0,0,0,676.7833333333333,25.2525,32.0,0.0725,0,0.870000000000001,46,0,1
355,0.0,0,0,677.3,25.2525,32.0,0.07,0,0.870000000000001,46,0,1
355,0.0,0,0,677.8,25.267500000000002,34.25,0.07250000000000001,0,0.9299999999999997,49,0,1
355,0.0,0,0,678.3166666666667,25.267500000000002,34.25,0.1,0,0.9299999999999997,49,0,2
355,0.0,0,0,678.8333333333334,25.267500000000002,33.0,0.07500000000000001,0,0.9299999999999997,46,0,2
355,0.0,0,0,679.3333333333334,25.2525,32.0,0.07,0,0.870000000000001,46,0,1
355,0.0,0,0,679.85,25.2525,31.25,0.07250000000000001,0,0.870000000000001,44,0,1
355,0.0,0,0,680.3666666666667,25.267500000000002,29.75,0.07,0,0.9299999999999997,42,0,1
355,0.0,0,0,680.8666666666667,25.282500000000002,29.75,0.07250000000000001,0,0.8699999999999974,42,0,1
355,0.0,0,0,681.3833333333333,25.282500000000002,29.75,0.07250000000000001,0,0.8699999999999974,42,0,1
355,0.0,0,0,681.8833333333333,25.267500000000002,30.25,0.0675,0,0.8699999999999974,44,0,1
355,0.0,0,0,682.4,25.2525,30.75,0.07500000000000001,0,0.870000000000001,45,0,2
355,0.0,0,0,682.9166666666666,25.2525,31.75,0.07250000000000001,0,0.870000000000001,46,0,1
355,0.0,0,0,683.4166666666666,25.2525,32.25,0.07250000000000001,0,0.870000000000001,46,0,1
355,0.0,0,0,683.9333333333333,25.2375,32.0,0.07250000000000001,0,0.8100000000000023,46,0,1
355,0.0,0,0,684.45,25.2525,31.25,0.0675,0,0.870000000000001,44,0,1
355,0.0,0,0,684.95,25.2525,30.5,0.10750000000000001,0,0.870000000000001,44,0,2
355,0.0,0,0,685.4666666666667,25.267500000000002,30.5,0.07,0,0.9299999999999997,44,0,1
355,0.0,0,0,685.9833333333333,25.2525,31.0,0.07,0,0.870000000000001,44,0,1
355,0.0,0,0,686.4833333333333,25.267500000000002,31.25,0.07250000000000001,0,0.9299999999999997,44,0,1
355,0.0,0,0,687.0,25.267500000000002,30.75,0.07,0,0.8099999999999987,43,0,1
355,0.0,0,0,687.5,25.282500000000002,30.0,0.0725,0,0.8699999999999974,42,0,1
355,0.0,0,0,688.0166666666667,25.267500000000002,29.5,0.0675,0,0.8099999999999987,42,0,1
355,0.0,0,0,688.5333333333333,25.2525,29.5,0.07250000000000001,0,0.870000000000001,42,0,1
355,0.0,0,0,689.0333333333333,25.267500000000002,30.0,0.0675,0,0.8099999999999987,43,0,1
355,0.0,0,0,689.55,25.267500000000002,33.75,0.07,0,0.8099999999999987,48,0,1
355,0.0,0,0,690.0666666666667,25.267500000000002,32.25,0.07750000000000001,0,0.9299999999999997,46,0,2
355,0.0,0,0,690.5666666666667,25.3,31.5,0.065,0,0.9399999999999977,45,0,0
355,0.0,0,0,691.0833333333334,25.282500000000002,30.5,0.07500000000000001,0,0.8699999999999974,44,0,2
355,0.0,0,0,691.6,25.2975,30.25,0.07250000000000001,0,0.8699999999999974,43,0,1
355,0.0,0,0,692.1,25.3,30.25,0.07500000000000001,0,0.9399999999999977,43,0,2
355,0.0,0,0,692.6166666666667,25.282500000000002,30.25,0.08249999999999999,0,0.8699999999999974,43,0,2
355,0.0,0,0,693.1166666666667,25.2825,30.5,0.08499999999999999,0,0.9299999999999997,44,0,2
355,0.0,0,0,693.6333333333333,25.282500000000002,31.25,0.095,0,0.8699999999999974,44,0,2
355,0.0,0,0,694.15,25.2825,31.5,0.1,0,0.8099999999999987,45,0,2
355,0.0,0,0,694.65,25.2975,33.75,0.07250000000000001,0,0.8699999999999974,48,0,1
355,0.0,0,0,695.1666666666666,25.282500000000002,34.25,0.08000000000000002,0,0.8699999999999974,48,0,2
355,0.0,0,0,695.6833333333333,25.282500000000002,34.25,0.07,0,0.8699999999999974,49,0,1
355,0.0,0,0,696.1833333333333,25.267500000000002,36.0,0.07,0,0.9299999999999997,52,0,1
355,0.0,0,0,696.7,25.282500000000002,35.25,0.07,0,0.8699999999999974,51,0,1
355,0.0,0,0,697.2166666666667,25.267500000000002,34.75,0.07250000000000001,0,0.9299999999999997,50,0,1
355,0.0,0,0,697.7166666666667,25.285,34.0,0.07250000000000001,0,1.0,48,0,1
355,0.0,0,0,698.2333333333333,25.282500000000002,32.75,0.0625,0,0.8699999999999974,46,0,0
355,0.0,0,0,699.25,25.3,33.0,0.07250000000000001,0,0.9399999999999977,46,0,1
355,0.0,0,0,699.7666666666667,25.3,33.0,0.07,0,0.9399999999999977,46,0,1
355,0.0,0,0,700.2666666666667,25.282500000000002,32.25,0.07,0,0.8699999999999974,46,0,1
355,0.0,0,0,700.7833333333333,25.282500000000002,31.25,0.07,0,0.8699999999999974,44,0,1
355,0.0,0,0,701.3,25.282500000000002,31.0,0.07,0,0.8699999999999974,44,0,1
355,0.0,0,0,701.8,25.267500000000002,31.0,0.07,0,0.9299999999999997,44,0,1
355,0.0,0,0,702.3166666666667,25.282500000000002,32.0,0.07250000000000001,0,0.8699999999999974,46,0,1
355,0.0,0,0,702.8333333333334,25.267500000000002,33.5,0.07500000000000001,0,0.8099999999999987,47,0,2
355,0.0,0,0,703.3333333333334,25.3125,33.25,0.07250000000000001,0,0.8099999999999987,46,0,1
355,0.0,0,0,703.85,25.2975,33.75,0.07250000000000001,0,0.8099999999999987,48,0,1
355,0.0,0,0,704.35,25.282500000000002,34.0,0.07250000000000001,0,0.8699999999999974,48,0,1
355,0.0,0,0,704.8666666666667,25.282500000000002,36.0,0.0675,0,0.8699999999999974,51,0,1
355,0.0,0,0,705.3833333333333,25.282500000000002,36.0,0.07250000000000001,0,0.8699999999999974,52,0,1
355,0.0,0,0,705.8833333333333,25.2825,37.25,0.07,0,0.75,53,0,1
355,0.0,0,0,706.4,25.282500000000002,35.0,0.0675,0,0.8699999999999974,50,0,1
355,0.0,0,0,706.9166666666666,25.282500000000002,33.75,0.0675,0,0.8699999999999974,47,0,1
355,0.0,0,0,707.4166666666666,25.314999999999998,35.25,0.0775,0,0.879999999999999,51,0,2
355,0.0,0,0,707.9333333333333,25.314999999999998,35.75,0.0725,0,0.879999999999999,51,0,1
355,0.0,0,0,708.45,25.314999999999998,35.5,0.0925,0,0.879999999999999,51,0,2
355,0.0,0,0,708.95,25.314999999999998,35.0,0.10500000000000001,0,0.879999999999999,50,0,2
355,0.0,0,0,709.4666666666667,25.33,35.0,0.07500000000000001,0,0.9400000000000013,51,0,2
355,0.0,0,0,709.9666666666667,25.314999999999998,34.0,0.075,0,0.879999999999999,48,0,2
355,0.0,0,0,710.4833333333333,25.3,35.0,0.07250000000000001,0,0.9399999999999977,50,0,1
355,0.0,0,0,711.0,25.33,38.25,0.07500000000000001,0,0.879999999999999,54,0,2
355,0.0,0,0,711.5,25.314999999999998,37.75,0.0875,0,0.9399999999999977,54,0,2
355,0.0,0,0,712.0166666666667,25.3125,37.75,0.10500000000000001,0,0.8099999999999987,54,0,2
355,0.0,0,0,712.5333333333333,25.314999999999998,36.75,0.10250000000000001,0,0.879999999999999,52,0,2
355,0.0,0,0,713.0333333333333,25.3,36.5,0.0675,0,0.9399999999999977,52,0,1
355,0.0,0,0,713.55,25.33,36.75,0.07250000000000001,0,0.879999999999999,52,0,1
355,0.0,0,0,714.0666666666667,25.314999999999998,38.5,0.07,0,0.879999999999999,54,0,1
355,0.0,0,0,714.5666666666667,25.2975,38.25,0.07250000000000001,0,0.8099999999999987,55,0,1
355,0.0,0,0,715.0833333333334,25.2975,37.0,0.075,0,0.8099999999999987,52,0,2
355,0.0,0,0,716.1,25.314999999999998,35.75,0.07,0,0.879999999999999,51,0,1
355,0.0,0,0,716.6166666666667,25.3125,36.5,0.07500000000000001,0,0.8099999999999987,53,0,2
355,0.0,0,0,717.1166666666667,25.3275,35.5,0.07250000000000001,0,0.8099999999999987,51,0,1
355,0.0,0,0,717.6333333333333,25.3125,34.0,0.07250000000000001,0,0.8099999999999987,47,0,1
355,0.0,0,0,718.15,25.3125,33.5,0.07500000000000001,0,0.8099999999999987,47,0,2
355,0.0,0,0,718.65,25.33,36.5,0.07750000000000001,0,0.879999999999999,52,0,2
355,0.0,0,0,719.1666666666666,25.33,37.5,0.10500000000000001,0,0.879999999999999,54,0,2
355,0.0,0,0,719.6666666666666,25.33,37.25,0.1,0,0.879999999999999,53,0,2
355,0.0,0,0,720.1833333333333,25.314999999999998,37.25,0.0825,0,0.879999999999999,53,0,2
355,0.0,0,0,720.7,25.33,35.5,0.1,0,0.9399999999999977,51,0,2
355,0.0,0,0,721.2,25.3275,35.0,0.0775,0,0.8099999999999987,50,0,2
355,0.0,0,0,721.7166666666667,25.3275,35.0,0.075,0,0.8099999999999987,50,0,2
355,0.0,0,0,722.2333333333333,25.345,37.25,0.07500000000000001,0,0.879999999999999,53,0,2
355,0.0,0,0,722.7333333333333,25.345,40.0,0.08,0,0.879999999999999,57,0,2
355,0.0,0,0,723.25,25.2975,39.5,0.08249999999999999,0,0.8099999999999987,55,0,2
355,0.0,0,0,723.7666666666667,25.3125,40.25,0.15000000000000002,0,0.8099999999999987,56,0,2
355,0.0,0,0,724.2666666666667,25.3275,41.25,0.125,0,0.8099999999999987,58,0,2
355,0.0,0,0,724.7833333333333,25.3275,41.5,0.08499999999999999,0,0.8099999999999987,58,0,2
355,0.0,0,0,725.2833333333333,25.2975,41.25,0.07,0,0.8099999999999987,58,0,1
355,0.0,0,0,725.8,25.3125,41.25,0.07500000000000001,0,0.8099999999999987,58,0,2
355,0.0,0,0,726.3166666666667,25.2975,39.5,0.0675,0,0.8099999999999987,55,0,1
355,0.0,0,0,726.8166666666667,25.3275,40.75,0.075,0,0.8099999999999987,56,0,2
355,0.0,0,0,727.3333333333334,25.3125,41.0,0.075,0,0.8099999999999987,57,0,2
355,0.0,0,0,727.85,25.3275,41.5,0.07250000000000001,0,0.8099999999999987,58,0,1
355,0.0,0,0,728.35,25.3275,41.25,0.07500000000000001,0,0.8099999999999987,58,0,2
355,0.0,0,0,728.8666666666667,25.3275,41.0,0.07,0,0.8099999999999987,58,0,1
355,0.0,0,0,729.3833333333333,25.3125,40.75,0.07,0,0.75,56,0,1
355,0.0,0,0,729.8833333333333,25.3275,39.25,0.0675,0,0.8099999999999987,55,0,1
355,0.0,0,0,730.4,25.3125,39.0,0.07,0,0.75,55,0,1
355,0.0,0,0,730.9,25.3275,40.25,0.07,0,0.8099999999999987,56,0,1
355,0.0,0,0,731.4166666666666,25.3275,41.25,0.09,0,0.8099999999999987,58,0,2
355,0.0,0,0,731.9333333333333,25.345,41.5,0.1275,0,0.879999999999999,58,0,2
355,0.0,0,0,732.4333333333333,25.345,42.75,0.0925,0,0.879999999999999,60,0,2
355,0.0,0,0,732.95,25.3425,41.75,0.0675,0,0.75,59,0,1
355,0.0,0,0,733.4666666666667,25.345,42.0,0.07250000000000001,0,0.879999999999999,58,0,1
355,0.0,0,0,733.9666666666667,25.345,41.75,0.08,0,0.879999999999999,59,0,2
355,0.0,0,0,734.4833333333333,25.3425,41.75,0.0925,0,0.75,59,0,2
355,0.0,0,0,735.0,25.3275,41.5,0.07750000000000001,0,0.8099999999999987,58,0,2
355,0.0,0,0,735.5,25.36,40.75,0.07500000000000001,0,0.8200000000000003,56,0,2
355,0.0,0,0,736.0166666666667,25.36,42.25,0.07250000000000001,0,0.8200000000000003,59,0,1
355,0.0,0,0,736.5166666666667,25.3425,41.5,0.07,0,0.75,58,0,1
355,0.0,0,0,737.0333333333333,25.36,42.0,0.07500000000000001,0,0.8200000000000003,58,0,2
355,0.0,0,0,737.55,25.36,41.0,0.07,0,0.8200000000000003,57,0,1
355,0.0,0,0,738.05,25.36,40.5,0.07250000000000001,0,0.8200000000000003,58,0,1
355,0.0,0,0,738.5666666666667,25.36,41.25,0.065,0,0.8200000000000003,58,0,0
355,0.0,0,0,739.0833333333334,25.3425,40.25,0.07250000000000001,0,0.75,57,0,1
355,0.0,0,0,739.5833333333334,25.3425,38.75,0.08000000000000002,0,0.75,54,0,2
355,0.0,0,0,740.1,25.345,39.25,0.0775,0,0.8200000000000003,55,0,2
355,0.0,0,0,740.6166666666667,25.345,38.5,0.07,0,0.8200000000000003,54,0,1
355,0.0,0,0,741.1166666666667,25.345,37.75,0.07250000000000001,0,0.8200000000000003,54,0,1
355,0.0,0,0,741.6333333333333,25.36,38.0,0.07,0,0.8200000000000003,55,0,1
355,0.0,0,0,742.1333333333333,25.3275,37.75,0.07,0,0.75,54,0,1
355,0.0,0,0,742.65,25.3425,37.5,0.07500000000000001,0,0.75,53,0,2
355,0.0,0,0,743.1666666666666,25.3425,37.5,0.07250000000000001,0,0.75,53,0,1
355,0.0,0,0,743.6666666666666,25.345,37.75,0.075,0,0.8200000000000003,53,0,2
355,0.0,0,0,744.1833333333333,25.36,38.0,0.0675,0,0.8200000000000003,55,0,1
355,0.0,0,0,744.7,25.375,38.5,0.07500000000000001,0,0.9400000000000013,54,0,2
355,0.0,0,0,745.2,25.345,40.75,0.0675,0,0.8200000000000003,56,0,1
355,0.0,0,0,745.7166666666667,25.36,39.75,0.07500000000000001,0,0.8200000000000003,56,0,2
355,0.0,0,0,746.2333333333333,25.36,40.0,0.0675,0,0.8200000000000003,56,0,1
355,0.0,0,0,746.7333333333333,25.36,41.0,0.07250000000000001,0,0.8200000000000003,57,0,1
355,0.0,0,0,747.25,25.36,41.25,0.07,0,0.8200000000000003,58,0,1
355,0.0,0,0,747.75,25.377499999999998,41.5,0.07750000000000001,0,0.75,58,0,2
355,0.0,0,0,748.2666666666667,25.377499999999998,41.5,0.07500000000000001,0,0.75,58,0,2
355,0.0,0,0,748.7833333333333,25.36,41.5,0.07,0,0.8200000000000003,58,0,1
355,0.0,0,0,749.2833333333333,25.377499999999998,41.5,0.07,0,0.75,58,0,1
355,0.0,0,0,749.8,25.36,41.0,0.07,0,0.8200000000000003,57,0,1
355,0.0,0,0,750.3166666666667,25.377499999999998,41.0,0.07250000000000001,0,0.75,57,0,1
355,0.0,0,0,750.8166666666667,25.36,41.0,0.0675,0,0.8200000000000003,57,0,1
355,0.0,0,0,751.3333333333334,25.377499999999998,41.5,0.07250000000000001,0,0.75,58,0,1
355,0.0,0,0,751.85,25.3925,41.5,0.07,0,0.8100000000000023,58,0,1
355,0.0,0,0,752.35,25.377499999999998,41.25,0.07,0,0.75,58,0,1
355,0.0,0,0,752.8666666666667,25.3925,40.75,0.0725,0,0.75,56,0,1
355,0.0,0,0,753.3666666666667,25.377499999999998,40.25,0.07250000000000001,0,0.75,57,0,1
355,0.0,0,0,753.8833333333333,25.377499999999998,39.25,0.09,0,0.75,55,0,2
355,0.0,0,0,754.4,25.3925,39.75,0.0975,0,0.75,56,0,2
355,0.0,0,0,754.9,25.377499999999998,41.0,0.08249999999999999,0,0.75,57,0,2
355,0.0,0,0,755.4166666666666,25.3925,41.0,0.07500000000000001,0,0.75,57,0,2
355,0.0,0,0,755.9333333333333,25.3925,41.0,0.07,0,0.8100000000000023,57,0,1
355,0.0,0,0,756.95,25.377499999999998,40.0,0.07,0,0.75,56,0,1
355,0.0,0,0,757.4666666666667,25.4075,40.5,0.07,0,0.8100000000000023,56,0,1
355,0.0,0,0,757.9666666666667,25.377499999999998,40.75,0.07250000000000001,0,0.75,56,0,1
355,0.0,0,0,758.4833333333333,25.377499999999998,40.25,0.07500000000000001,0,0.75,57,0,2
355,0.0,0,0,758.9833333333333,25.377499999999998,40.5,0.07,0,0.75,56,0,1
355,0.0,0,0,759.5,25.3925,40.75,0.07500000000000001,0,0.75,56,0,2
355,0.0,0,0,760.0166666666667,25.3925,40.75,0.0725,0,0.75,56,0,1
355,0.0,0,0,760.5166666666667,25.377499999999998,40.25,0.0675,0,0.75,57,0,1
355,0.0,0,0,761.0333333333333,25.3925,39.25,0.0725,0,0.75,55,0,1
355,0.0,0,0,761.55,25.377499999999998,38.75,0.07500000000000001,0,0.75,54,0,2
355,0.0,0,0,762.05,25.4075,39.25,0.07750000000000001,0,0.75,55,0,2
355,0.0,0,0,762.5666666666667,25.377499999999998,39.25,0.07500000000000001,0,0.75,55,0,2
355,0.0,0,0,763.0666666666667,25.3925,38.75,0.07250000000000001,0,0.75,54,0,1
355,0.0,0,0,763.5833333333334,25.4075,38.75,0.07,0,0.75,54,0,1
355,0.0,0,0,764.1,25.3925,38.75,0.07250000000000001,0,0.75,54,0,1
355,0.0,0,0,764.6,25.4075,39.0,0.0675,0,0.8100000000000023,54,0,1
355,0.0,0,0,765.1166666666667,25.3925,39.5,0.075,0,0.75,55,0,2
355,0.0,0,0,765.6333333333333,25.4075,41.0,0.07750000000000001,0,0.75,57,0,2
355,0.0,0,0,766.1333333333333,25.3925,41.0,0.07,0,0.75,57,0,1
355,0.0,0,0,766.65,25.4075,40.75,0.0675,0,0.75,56,0,1
355,0.0,0,0,767.1666666666666,25.4075,40.75,0.07250000000000001,0,0.8100000000000023,56,0,1
355,0.0,0,0,767.6666666666666,25.4225,40.75,0.10999999999999999,0,0.75,56,0,2
355,0.0,0,0,768.1833333333333,25.3925,41.0,0.07500000000000001,0,0.75,57,0,2
355,0.0,0,0,768.6833333333333,25.3925,40.0,0.08,0,0.75,56,0,2
355,0.0,0,0,769.2,25.3925,40.0,0.07750000000000001,0,0.75,56,0,2
355,0.0,0,0,769.7166666666667,25.3925,40.75,0.07,0,0.75,56,0,1
355,0.0,0,0,770.2166666666667,25.3925,40.75,0.07250000000000001,0,0.75,56,0,1
355,0.0,0,0,770.7333333333333,25.377499999999998,40.0,0.07250000000000001,0,0.75,56,0,1
355,0.0,0,0,771.25,25.3925,39.5,0.07250000000000001,0,0.75,55,0,1
355,0.0,0,0,771.75,25.4075,39.75,0.07750000000000001,0,0.75,54,0,2
355,0.0,0,0,772.2666666666667,25.3925,41.0,0.07500000000000001,0,0.75,57,0,2
355,0.0,0,0,772.7833333333333,25.4075,41.0,0.07,0,0.75,57,0,1
355,0.0,0,0,773.2833333333333,25.4075,41.25,0.07500000000000001,0,0.75,58,0,2
355,0.0,0,0,773.8,25.4075,41.5,0.07750000000000001,0,0.6899999999999977,58,0,2
355,0.0,0,0,774.3,25.4075,41.5,0.0675,0,0.75,58,0,1
355,0.0,0,0,774.8166666666667,25.4075,41.5,0.07250000000000001,0,0.75,58,0,1
355,0.0,0,0,775.3333333333334,25.4375,41.5,0.07250000000000001,0,0.75,58,0,1
355,0.0,0,0,775.8333333333334,25.4075,41.0,0.07250000000000001,0,0.6899999999999977,57,0,1
355,0.0,0,0,776.35,25.4225,40.75,0.07500000000000001,0,0.75,56,0,2
355,0.0,0,0,776.8666666666667,25.4225,40.75,0.07,0,0.75,56,0,1
355,0.0,0,0,777.3666666666667,25.4075,40.75,0.07,0,0.6899999999999977,56,0,1
355,0.0,0,0,777.8833333333333,25.4375,41.0,0.0675,0,0.75,57,0,1
355,0.0,0,0,778.4,25.4375,41.5,0.07,0,0.75,58,0,1
355,0.0,0,0,778.9,25.4225,41.5,0.0675,0,0.8100000000000023,58,0,1
355,0.0,0,0,779.4166666666666,25.4375,41.5,0.07250000000000001,0,0.75,58,0,1
355,0.0,0,0,779.9166666666666,25.4225,41.5,0.07250000000000001,0,0.8100000000000023,58,0,1
355,0.0,0,0,780.4333333333333,25.4375,42.25,0.0675,0,0.75,58,0,1
355,0.0,0,0,780.95,25.4225,42.75,0.07500000000000001,0,0.75,59,0,2
355,0.0,0,0,781.45,25.4375,42.75,0.07250000000000001,0,0.75,59,0,1
355,0.0,0,0,781.9666666666667,25.4225,43.25,0.07,0,0.75,60,0,1
355,0.0,0,0,782.4833333333333,25.4375,41.75,0.07,0,0.75,59,0,1
355,0.0,0,0,782.9833333333333,25.4525,41.5,0.07250000000000001,0,0.8099999999999987,58,0,1
355,0.0,0,0,783.5,25.4525,41.5,0.07,0,0.8099999999999987,58,0,1
355,0.0,0,0,784.0166666666667,25.4525,41.0,0.07250000000000001,0,0.8099999999999987,57,0,1
355,0.0,0,0,784.5166666666667,25.4525,40.75,0.07,0,0.8099999999999987,56,0,1
355,0.0,0,0,785.0333333333333,25.4375,41.5,0.07250000000000001,0,0.75,58,0,1
355,0.0,0,0,785.5333333333333,25.4375,41.5,0.07,0,0.75,58,0,1
355,0.0,0,0,786.05,25.4375,41.0,0.07500000000000001,0,0.75,57,0,2
355,0.0,0,0,786.5666666666667,25.4375,41.0,0.07250000000000001,0,0.75,57,0,1
355,0.0,0,0,787.0666666666667,25.4525,41.0,0.07,0,0.8099999999999987,57,0,1
355,0.0,0,0,787.5833333333334,25.4375,40.75,0.0725,0,0.75,56,0,1
355,0.0,0,0,788.1,25.4375,41.0,0.07250000000000001,0,0.75,57,0,1
355,0.0,0,0,788.6,25.4375,40.75,0.07500000000000001,0,0.75,56,0,2
355,0.0,0,0,789.1166666666667,25.4375,41.0,0.0675,0,0.75,57,0,1
355,0.0,0,0,789.6333333333333,25.4375,41.0,0.07,0,0.75,57,0,1
355,0.0,0,0,790.1333333333333,25.4375,41.0,0.075,0,0.75,57,0,2
355,0.0,0,0,790.65,25.4375,40.75,0.07,0,0.75,56,0,1
355,0.0,0,0,791.15,25.4375,42.0,0.07500000000000001,0,0.75,57,0,2
355,0.0,0,0,791.6666666666666,25.4375,42.5,0.07250000000000001,0,0.75,59,0,1
355,0.0,0,0,792.1833333333333,25.4375,41.5,0.07,0,0.75,58,0,1
355,0.0,0,0,792.6833333333333,25.4375,42.0,0.07250000000000001,0,0.75,57,0,1
355,0.0,0,0,793.2,25.4375,42.0,0.07250000000000001,0,0.75,58,0,1
355,0.0,0,0,793.7166666666667,25.4375,41.5,0.10250000000000001,0,0.75,58,0,2
355,0.0,0,0,794.2166666666667,25.4375,41.0,0.07750000000000001,0,0.75,57,0,2
355,0.0,0,0,794.7333333333333,25.4525,41.0,0.07250000000000001,0,0.8099999999999987,57,0,1
355,0.0,0,0,795.2333333333333,25.4375,41.0,0.07250000000000001,0,0.75,57,0,1
355,0.0,0,0,795.75,25.4525,41.75,0.07500000000000001,0,0.8099999999999987,57,0,2
355,0.0,0,0,796.2666666666667,25.4525,41.75,0.07250000000000001,0,0.8099999999999987,59,0,1
355,0.0,0,0,796.7666666666667,25.4525,41.5,0.07,0,0.8099999999999987,58,0,1
355,0.0,0,0,797.2833333333333,25.4675,41.5,0.07,0,0.8699999999999974,58,0,1
355,0.0,0,0,797.8,25.4525,41.0,0.07250000000000001,0,0.8099999999999987,57,0,1
355,0.0,0,0,798.3,25.4525,40.75,0.065,0,0.8099999999999987,56,0,0
355,0.0,0,0,798.8166666666667,25.4375,40.75,0.14,0,0.75,56,0,2
355,0.0,0,0,799.3333333333334,25.4525,40.75,0.105,0,0.8099999999999987,56,0,2
355,0.0,0,0,799.8333333333334,25.4525,40.75,0.07,0,0.8099999999999987,56,0,1
355,0.0,0,0,800.35,25.4525,40.75,0.07,0,0.8099999999999987,56,0,1
355,0.0,0,0,800.85,25.4825,41.5,0.08249999999999999,0,0.8099999999999987,58,0,2
355,0.0,0,0,801.3666666666667,25.4675,41.75,0.11499999999999999,0,0.75,58,0,2
355,0.0,0,0,801.8833333333333,25.4675,42.25,0.07750000000000001,0,0.75,58,0,2
355,0.0,0,0,802.3833333333333,25.4525,41.5,0.155,0,0.8099999999999987,58,0,2
355,0.0,0,0,802.9,25.4825,41.5,0.07250000000000001,0,0.8099999999999987,58,0,1
355,0.0,0,0,803.4166666666666,25.4675,41.5,0.07500000000000001,0,0.8699999999999974,58,0,2
355,0.0,0,0,803.9166666666666,25.4525,41.25,0.07500000000000001,0,0.8099999999999987,57,0,2
355,0.0,0,0,804.4333333333333,25.4525,41.5,0.07,0,0.8099999999999987,58,0,1
355,0.0,0,0,804.95,25.4675,41.5,0.07500000000000001,0,0.75,58,0,2
355,0.0,0,0,805.45,25.4525,41.0,0.07500000000000001,0,0.8099999999999987,57,0,2
355,0.0,0,0,805.9666666666667,25.4525,40.75,0.07500000000000001,0,0.8099999999999987,56,0,2
355,0.0,0,0,806.4666666666667,25.4525,40.25,0.07,0,0.8099999999999987,56,0,1
355,0.0,0,0,806.9833333333333,25.4525,40.75,0.07250000000000001,0,0.8099999999999987,56,0,1
355,0.0,0,0,807.5,25.4525,40.75,0.075,0,0.8099999999999987,56,0,2
355,0.0,0,0,808.0,25.4525,40.75,0.0775,0,0.8099999999999987,56,0,2
355,0.0,0,0,808.5166666666667,25.4525,40.0,0.07,0,0.8099999999999987,56,0,1
355,0.0,0,0,809.0333333333333,25.4525,40.25,0.07,0,0.8099999999999987,56,0,1
355,0.0,0,0,809.5333333333333,25.4525,40.75,0.07250000000000001,0,0.8099999999999987,56,0,1
355,0.0,0,0,810.05,25.4525,41.0,0.0675,0,0.8099999999999987,57,0,1
355,0.0,0,0,810.5666666666667,25.4525,41.0,0.07,0,0.6900000000000013,57,0,1
355,0.0,0,0,811.0666666666667,25.4525,40.75,0.07250000000000001,0,0.8099999999999987,56,0,1
355,0.0,0,0,811.5833333333334,25.4675,40.75,0.0675,0,0.75,56,0,1
355,0.0,0,0,812.6,25.4525,39.75,0.07250000000000001,0,0.6900000000000013,56,0,1
355,0.0,0,0,813.1166666666667,25.4525,38.75,0.0775,0,0.6900000000000013,54,0,2
355,0.0,0,0,813.6166666666667,25.4525,37.5,0.07500000000000001,0,0.8099999999999987,53,0,2
355,0.0,0,0,814.1333333333333,25.4675,37.5,0.07,0,0.75,52,0,1
355,0.0,0,0,814.65,25.4525,38.5,0.07250000000000001,0,0.6900000000000013,53,0,1
355,0.0,0,0,815.15,25.4525,38.0,0.07,0,0.6900000000000013,54,0,1
355,0.0,0,0,815.6666666666666,25.4675,37.5,0.07,0,0.75,52,0,1
355,0.0,0,0,816.1833333333333,25.4675,37.75,0.075,0,0.75,53,0,2
355,0.0,0,0,816.6833333333333,25.4675,37.5,0.07,0,0.75,53,0,1
355,0.0,0,0,817.2,25.485,37.5,0.07,0,0.75,52,0,1
355,0.0,0,0,817.7,25.4675,38.0,0.0775,0,0.75,53,0,2
355,0.0,0,0,818.2166666666667,25.485,39.75,0.07,0,0.75,55,0,1
355,0.0,0,0,818.7333333333333,25.4675,40.5,0.07,0,0.75,55,0,1
355,0.0,0,0,819.2333333333333,25.485,40.75,0.0675,0,0.75,56,0,1
355,0.0,0,0,819.75,25.4875,39.5,0.07250000000000001,0,0.8099999999999987,55,0,1
355,0.0,0,0,820.2666666666667,25.47,39.75,0.07,0,0.6900000000000013,55,0,1
355,0.0,0,0,820.7666666666667,25.4525,40.5,0.07,0,0.6900000000000013,55,0,1
355,0.0,0,0,821.2833333333333,25.485,42.25,0.07250000000000001,0,0.75,57,0,1
355,0.0,0,0,821.8,25.485,42.5,0.07,0,0.75,57,0,1
355,0.0,0,0,822.3,25.485,41.5,0.0775,0,0.75,58,0,2
355,0.0,0,0,822.8166666666667,25.4675,40.75,0.07750000000000001,0,0.75,56,0,2
355,0.0,0,0,823.3166666666667,25.47,40.75,0.07500000000000001,0,0.6900000000000013,56,0,2
355,0.0,0,0,823.8333333333334,25.487499999999997,41.75,0.07,0,0.6900000000000013,58,0,1
355,0.0,0,0,824.35,25.485,42.5,0.0675,0,0.75,58,0,1
355,0.0,0,0,824.85,25.502499999999998,42.5,0.0675,0,0.75,58,0,1
355,0.0,0,0,825.3666666666667,25.502499999999998,42.0,0.07250000000000001,0,0.75,57,0,1
355,0.0,0,0,825.8833333333333,25.485,41.0,0.07,0,0.75,56,0,1
355,0.0,0,0,826.3833333333333,25.485,40.75,0.07250000000000001,0,0.75,56,0,1
355,0.0,0,0,826.9,25.485,40.25,0.07750000000000001,0,0.75,54,0,2
355,0.0,0,0,827.4166666666666,25.485,40.0,0.07250000000000001,0,0.75,55,0,1
355,0.0,0,0,827.9166666666666,25.485,40.25,0.0675,0,0.75,57,0,1
355,0.0,0,0,828.4333333333333,25.5325,42.25,0.07,0,0.75,60,0,1
355,0.0,0,0,828.9333333333333,25.5,43.5,0.07250000000000001,0,0.6900000000000013,60,0,1
355,0.0,0,0,829.45,25.5325,43.25,0.07,0,0.75,60,0,1
355,0.0,0,0,829.9666666666667,25.5175,42.75,0.0675,0,0.6900000000000013,58,0,1
355,0.0,0,0,830.4666666666667,25.4975,43.0,0.065,0,0.75,60,0,0
355,0.0,0,0,830.9833333333333,25.502499999999998,44.0,0.0675,0,0.75,61,0,1
355,0.0,0,0,831.5,25.5175,44.25,0.0675,0,0.6900000000000013,60,0,1
355,0.0,0,0,832.0,25.5175,43.75,0.07,0,0.8099999999999987,60,0,1
355,0.0,0,0,832.5166666666667,25.5175,44.25,0.07500000000000001,0,0.8099999999999987,62,0,2
355,0.0,0,0,833.0166666666667,25.485,45.5,0.07250000000000001,0,0.75,62,0,1
355,0.0,0,0,833.5333333333333,25.5,45.0,0.07500000000000001,0,0.8099999999999987,61,0,2
355,0.0,0,0,834.05,25.5,45.75,0.07250000000000001,0,0.8099999999999987,63,0,1
355,0.0,0,0,834.55,25.515,47.25,0.07,0,0.75,64,0,1
355,0.0,0,0,835.0666666666667,25.5,47.0,0.07,0,0.6900000000000013,63,0,1
355,0.0,0,0,835.5833333333334,25.5175,46.5,0.07250000000000001,0,0.6900000000000013,63,0,1
355,0.0,0,0,836.0833333333334,25.515,46.75,0.07,0,0.75,63,0,1
355,0.0,0,0,836.6,25.5175,47.0,0.07250000000000001,0,0.8099999999999987,64,0,1
355,0.0,0,0,837.1166666666667,25.5175,46.25,0.0925,0,0.8099999999999987,62,0,2
355,0.0,0,0,837.6166666666667,25.5175,46.75,0.08,0,0.6900000000000013,63,0,2
355,0.0,0,0,838.1333333333333,25.5175,47.0,0.07,0,0.8099999999999987,64,0,1
355,0.0,0,0,838.6333333333333,25.515,47.25,0.065,0,0.75,65,0,0
355,0.0,0,0,839.15,25.485,47.75,0.07250000000000001,0,0.75,65,0,1
355,0.0,0,0,839.6666666666666,25.5175,47.5,0.07,0,0.6900000000000013,65,0,1
355,0.0,0,0,840.1666666666666,25.5175,48.0,0.07250000000000001,0,0.8099999999999987,65,0,1
355,0.0,0,0,840.6833333333333,25.5325,47.25,0.07,0,0.75,64,0,1
355,0.0,0,0,841.2,25.549999999999997,46.25,0.07250000000000001,0,0.8200000000000003,62,0,1
355,0.0,0,0,841.7,25.5175,45.5,0.0775,0,0.8099999999999987,62,0,2
355,0.0,0,0,842.2166666666667,25.5175,45.25,0.08499999999999999,0,0.8099999999999987,61,0,2
355,0.0,0,0,842.7333333333333,25.5325,45.25,0.0775,0,0.75,61,0,2
355,0.0,0,0,843.2333333333333,25.5325,46.25,0.07,0,0.75,64,0,1
355,0.0,0,0,843.75,25.5325,45.75,0.0675,0,0.75,62,0,1
355,0.0,0,0,844.25,25.5175,45.25,0.07500000000000001,0,0.6900000000000013,61,0,2
355,0.0,0,0,844.7666666666667,25.5175,44.75,0.07500000000000001,0,0.6900000000000013,61,0,2
355,0.0,0,0,845.2833333333333,25.5325,45.0,0.0675,0,0.75,61,0,1
355,0.0,0,0,845.7833333333333,25.5325,45.0,0.07500000000000001,0,0.75,61,0,2
355,0.0,0,0,846.3,25.515,44.75,0.0725,0,0.75,61,0,1
355,0.0,0,0,846.8166666666667,25.5325,44.25,0.075,0,0.75,61,0,2
355,0.0,0,0,847.3166666666667,25.5325,44.25,0.075,0,0.75,61,0,2
355,0.0,0,0,847.8333333333334,25.5175,44.0,0.0675,0,0.8099999999999987,61,0,1
355,0.0,0,0,848.35,25.515,43.75,0.07250000000000001,0,0.75,60,0,1
355,0.0,0,0,848.85,25.5175,43.75,0.07250000000000001,0,0.6900000000000013,60,0,1
355,0.0,0,0,849.3666666666667,25.515,44.25,0.07250000000000001,0,0.75,62,0,1
355,0.0,0,0,849.8666666666667,25.5175,45.5,0.0675,0,0.6900000000000013,62,0,1
355,0.0,0,0,850.3833333333333,25.5175,45.25,0.07,0,0.6900000000000013,61,0,1
355,0.0,0,0,850.9,25.5325,44.5,0.07250000000000001,0,0.75,62,0,1
355,0.0,0,0,851.4,25.5325,44.5,0.065,0,0.75,62,0,0
355,0.0,0,0,851.9166666666666,25.5325,44.25,0.07,0,0.75,62,0,1
355,0.0,0,0,852.4333333333333,25.5325,44.75,0.075,0,0.75,61,0,2
355,0.0,0,0,852.9333333333333,25.515,45.0,0.1175,0,0.75,61,0,2
355,0.0,0,0,853.45,25.5325,45.5,0.07250000000000001,0,0.75,62,0,1
355,0.0,0,0,853.9666666666667,25.5325,45.0,0.0975,0,0.75,61,0,2
355,0.0,0,0,854.4666666666667,25.5325,45.0,0.09,0,0.75,61,0,2
355,0.0,0,0,854.9833333333333,25.5325,44.25,0.08,0,0.75,61,0,2
355,0.0,0,0,855.4833333333333,25.5325,44.0,0.08,0,0.75,61,0,2
355,0.0,0,0,856.0,25.5325,43.75,0.07250000000000001,0,0.75,60,0,1
355,0.0,0,0,856.5166666666667,25.549999999999997,43.0,0.0625,0,0.8200000000000003,59,0,0
355,0.0,0,0,857.0166666666667,25.5325,43.5,0.07,0,0.75,60,0,1
355,0.0,0,0,857.5333333333333,25.5325,44.25,0.07500000000000001,0,0.75,62,0,2
355,0.0,0,0,858.05,25.5325,46.75,0.07250000000000001,0,0.75,66,0,1
355,0.0,0,0,858.55,25.5325,48.0,0.07500000000000001,0,0.75,66,0,2
355,0.0,0,0,859.0666666666667,25.5325,48.25,0.125,0,0.75,66,0,2
355,0.0,0,0,859.5833333333334,25.5325,48.0,0.07750000000000001,0,0.75,65,0,2
355,0.0,0,0,860.0833333333334,25.5325,47.75,0.07250000000000001,0,0.75,65,0,1
355,0.0,0,0,860.6,25.549999999999997,47.25,0.1175,0,0.8200000000000003,64,0,2
355,0.0,0,0,861.1,25.5675,46.25,0.07,0,0.75,64,0,1
355,0.0,0,0,861.6166666666667,25.55,45.75,0.0775,0,0.6799999999999997,63,0,2
355,0.0,0,0,862.1333333333333,25.549999999999997,45.75,0.075,0,0.8200000000000003,63,0,2
355,0.0,0,0,862.6333333333333,25.5325,45.75,0.07500000000000001,0,0.75,63,0,2
355,0.0,0,0,863.15,25.549999999999997,45.75,0.07,0,0.8200000000000003,63,0,1
355,0.0,0,0,863.6666666666666,25.55,46.0,0.07500000000000001,0,0.6799999999999997,64,0,2
355,0.0,0,0,864.1666666666666,25.564999999999998,46.5,0.07,0,0.8200000000000003,65,0,1
355,0.0,0,0,864.6833333333333,25.5325,46.75,0.07250000000000001,0,0.75,65,0,1
355,0.0,0,0,865.2,25.5675,47.5,0.07250000000000001,0,0.75,65,0,1
355,0.0,0,0,865.7,25.5675,47.5,0.0725,0,0.75,65,0,1
355,0.0,0,0,866.2166666666667,25.5975,47.75,0.0775,0,0.8100000000000023,65,0,2
355,0.0,0,0,866.7166666666667,25.5825,48.5,0.07250000000000001,0,0.8100000000000023,67,0,1
355,0.0,0,0,867.2333333333333,25.5825,48.75,0.085,0,0.75,68,0,2
355,0.0,0,0,867.75,25.564999999999998,49.25,0.08,0,0.8200000000000003,69,0,2
355,0.0,0,0,868.7666666666667,25.5825,48.5,0.0675,0,0.75,67,0,1
355,0.0,0,0,869.2833333333333,25.5975,48.25,0.07750000000000001,0,0.8100000000000023,66,0,2
355,0.0,0,0,869.7833333333333,25.564999999999998,47.75,0.075,0,0.8200000000000003,65,0,2
355,0.0,0,0,870.3,25.5825,47.25,0.07500000000000001,0,0.75,66,0,2
355,0.0,0,0,870.8166666666667,25.549999999999997,46.5,0.07250000000000001,0,0.8200000000000003,65,0,1
355,0.0,0,0,871.3166666666667,25.5675,46.5,0.075,0,0.75,65,0,2
355,0.0,0,0,871.8333333333334,25.55,46.5,0.07,0,0.6799999999999997,65,0,1
355,0.0,0,0,872.3333333333334,25.5825,46.5,0.07,0,0.75,65,0,1
355,0.0,0,0,872.85,25.564999999999998,46.5,0.07,0,0.8200000000000003,65,0,1
355,0.0,0,0,873.3666666666667,25.5825,46.5,0.07,0,0.75,65,0,1
355,0.0,0,0,873.8666666666667,25.5675,46.5,0.07750000000000001,0,0.75,65,0,2
355,0.0,0,0,874.3833333333333,25.565,46.5,0.07250000000000001,0,0.6799999999999997,65,0,1
355,0.0,0,0,874.9,25.5825,46.0,0.075,0,0.75,64,0,2
355,0.0,0,0,875.4,25.5675,46.25,0.07500000000000001,0,0.75,64,0,2
355,0.0,0,0,875.9166666666666,25.5975,46.0,0.07,0,0.8100000000000023,64,0,1
355,0.0,0,0,876.4166666666666,25.5975,46.25,0.07500000000000001,0,0.8100000000000023,64,0,2
355,0.0,1,0,877.45,25.6125,45.0,0.075,1,0.8100000000000023,63,0,2
355,0.0,0,0,877.95,25.5825,44.5,0.07,0,0.75,62,0,1
355,0.0,0,0,878.4666666666667,25.5825,44.5,0.07500000000000001,0,0.75,62,0,2
355,0.0,0,0,878.9833333333333,25.5825,44.75,0.07,0,0.75,63,0,1
355,0.0,0,0,879.4833333333333,25.565,45.5,0.07250000000000001,0,0.6799999999999997,64,0,1
355,0.0,0,0,880.0,25.5825,45.25,0.07500000000000001,0,0.75,64,0,2
355,0.0,0,0,880.5166666666667,25.5825,45.5,0.07500000000000001,0,0.75,64,0,2
355,0.0,0,0,881.0166666666667,25.5825,46.0,0.07500000000000001,0,0.75,65,0,2
355,0.0,0,0,881.5333333333333,25.5825,45.0,0.07250000000000001,0,0.75,63,0,1
355,0.0,0,0,882.0333333333333,25.5975,45.0,0.07750000000000001,0,0.75,63,0,2
355,0.0,0,0,882.55,25.5675,44.5,0.0775,0,0.75,62,0,2
355,0.0,0,0,883.0666666666667,25.5975,44.25,0.07250000000000001,0,0.75,63,0,1
355,0.0,0,0,883.5666666666667,25.5825,43.5,0.07250000000000001,0,0.75,62,0,1
355,0.0,0,0,884.0833333333334,25.5825,43.5,0.07250000000000001,0,0.75,62,0,1
355,0.0,0,0,884.6,25.5825,42.75,0.0775,0,0.75,60,0,2
355,0.0,0,0,885.1,25.6125,42.25,0.0725,0,0.8100000000000023,59,0,1
355,0.0,0,0,885.6166666666667,25.5975,41.5,0.07250000000000001,0,0.8100000000000023,60,0,1
355,0.0,0,0,886.1333333333333,25.5825,41.5,0.07500000000000001,0,0.75,60,0,2
355,0.0,0,0,886.6333333333333,25.580000000000002,42.25,0.07250000000000001,0,0.6799999999999997,60,0,1
355,0.0,0,0,887.15,25.5825,41.25,0.075,0,0.75,59,0,2
355,0.0,0,0,887.65,25.5975,41.25,0.07,0,0.75,59,0,1
355,0.0,0,0,888.1666666666666,25.5975,41.25,0.065,0,0.75,59,0,0
355,0.0,0,0,888.6833333333333,25.5825,41.0,0.07,0,0.75,58,0,1
355,0.0,0,0,889.1833333333333,25.6125,40.5,0.07500000000000001,0,0.6899999999999977,59,0,2
355,0.0,0,0,889.7,25.5825,40.25,0.07250000000000001,0,0.75,58,0,1
355,0.0,0,0,890.2166666666667,25.5825,40.25,0.07,0,0.75,58,0,1
355,0.0,0,0,890.7166666666667,25.5825,40.0,0.0675,0,0.75,57,0,1
355,0.0,0,0,891.2333333333333,25.5975,39.25,0.0675,0,0.75,56,0,1
355,0.0,0,0,891.75,25.6125,38.75,0.0725,0,0.6899999999999977,55,0,1
355,0.0,0,0,892.25,25.6125,38.25,0.07250000000000001,0,0.8100000000000023,56,0,1
355,0.0,0,0,892.7666666666667,25.6125,37.5,0.075,0,0.8100000000000023,55,0,2
355,0.0,0,0,893.2666666666667,25.6125,37.25,0.075,0,0.8100000000000023,54,0,2
355,0.0,0,0,893.7833333333333,25.6125,37.0,0.07250000000000001,0,0.8100000000000023,53,0,1
355,0.0,0,0,894.3,25.5825,37.0,0.07,0,0.75,53,0,1
355,0.0,0,0,894.8,25.5975,36.5,0.07500000000000001,0,0.8100000000000023,52,0,2
355,0.0,0,0,895.3166666666667,25.5975,36.0,0.07250000000000001,0,0.8100000000000023,51,0,1
355,0.0,0,0,895.8333333333334,25.5975,36.25,0.07500000000000001,0,0.8100000000000023,52,0,2
355,0.0,0,0,896.3333333333334,25.5825,37.0,0.07500000000000001,0,0.75,53,0,2
355,0.0,0,0,896.85,25.5975,37.25,0.0775,0,0.8100000000000023,54,0,2
355,0.0,0,0,897.3666666666667,25.5825,38.25,0.07750000000000001,0,0.75,56,0,2
355,0.0,0,0,897.8666666666667,25.5825,38.75,0.07,0,0.75,57,0,1
355,0.0,0,0,898.3833333333333,25.5975,39.5,0.07,0,0.8100000000000023,57,0,1
355,0.0,0,0,898.8833333333333,25.5975,40.5,0.07750000000000001,0,0.75,59,0,2
355,0.0,0,0,899.4,25.5825,40.75,0.07750000000000001,0,0.75,59,0,2
355,0.0,0,0,899.9166666666666,25.6125,40.5,0.07,0,0.8100000000000023,59,0,1
355,0.0,0,0,900.4166666666666,25.5975,40.0,0.07250000000000001,0,0.75,58,0,1
355,0.0,0,0,900.9333333333333,25.6275,38.5,0.07250000000000001,0,0.75,56,0,1
355,0.0,0,0,901.45,25.5975,38.5,0.07500000000000001,0,0.8100000000000023,56,0,2
355,0.0,0,0,901.95,25.6125,38.5,0.07250000000000001,0,0.8100000000000023,56,0,1
355,0.0,0,0,902.4666666666667,25.6125,38.5,0.07500000000000001,0,0.8100000000000023,56,0,2
355,0.0,0,0,903.4833333333333,25.5975,38.25,0.07500000000000001,0,0.8100000000000023,56,0,2
355,0.0,0,0,904.0,25.6125,38.0,0.075,0,0.8100000000000023,56,0,2
355,0.0,0,0,904.5,25.5975,38.0,0.07250000000000001,0,0.75,56,0,1
355,0.0,0,0,905.0166666666667,25.6125,38.25,0.07,0,0.6899999999999977,56,0,1
355,0.0,0,0,905.5333333333333,25.580000000000002,38.5,0.065,0,0.6799999999999997,56,0,0
355,0.0,0,0,906.0333333333333,25.6125,38.25,0.07250000000000001,0,0.6899999999999977,56,0,1
355,0.0,0,0,906.55,25.5975,38.0,0.07500000000000001,0,0.75,56,0,2
355,0.0,0,0,907.0666666666667,25.6125,38.0,0.07,0,0.8100000000000023,56,0,1
355,0.0,0,0,907.5666666666667,25.5825,37.5,0.07250000000000001,0,0.75,55,0,1
355,0.0,0,0,908.0833333333334,25.5975,37.0,0.0675,0,0.8100000000000023,54,0,1
355,0.0,0,0,908.5833333333334,25.5975,36.75,0.07750000000000001,0,0.75,53,0,2
355,0.0,0,0,909.1,25.6125,36.25,0.07500000000000001,0,0.8100000000000023,52,0,2
355,0.0,0,0,909.6166666666667,25.5975,36.0,0.07500000000000001,0,0.75,51,0,2
355,0.0,0,0,910.1166666666667,25.6125,35.75,0.08,0,0.6899999999999977,51,0,2
355,0.0,0,0,910.6333333333333,25.5975,35.25,0.07250000000000001,0,0.75,52,0,1
355,0.0,0,0,911.15,25.6125,35.25,0.0775,0,0.6899999999999977,52,0,2
355,0.0,0,0,911.65,25.6125,35.25,0.10250000000000001,0,0.6899999999999977,52,0,2
355,0.0,0,0,912.1666666666666,25.5975,34.75,0.0975,0,0.75,51,0,2
355,0.0,0,0,912.6833333333333,25.6125,34.25,0.07,0,0.6899999999999977,50,0,1
355,0.0,0,0,913.1833333333333,25.6125,33.75,0.07500000000000001,0,0.6899999999999977,49,0,2
355,0.0,0,0,913.7,25.6125,33.5,0.07,0,0.8100000000000023,50,0,1
355,0.0,0,0,914.2,25.6125,33.25,0.08000000000000002,0,0.8100000000000023,49,0,2
355,0.0,0,0,914.7166666666667,25.6275,32.75,0.07500000000000001,0,0.75,48,0,2
355,0.0,0,0,915.2333333333333,25.5975,33.5,0.07,0,0.75,50,0,1
355,0.0,0,0,915.7333333333333,25.6125,33.5,0.10250000000000001,0,0.6899999999999977,50,0,2
355,0.0,0,0,916.25,25.6125,33.5,0.07250000000000001,0,0.8100000000000023,50,0,1
355,0.0,0,0,916.7666666666667,25.6125,33.25,0.07250000000000001,0,0.8100000000000023,49,0,1
355,0.0,0,0,917.2666666666667,25.6125,33.5,0.07250000000000001,0,0.6899999999999977,50,0,1
355,0.0,0,0,917.7833333333333,25.5975,33.5,0.10250000000000001,0,0.75,50,0,2
355,0.0,0,0,918.3,25.5975,33.25,0.07250000000000001,0,0.75,49,0,1
355,0.0,0,0,918.8,25.6125,32.75,0.075,0,0.8100000000000023,48,0,2
355,0.0,0,0,919.3166666666667,25.5975,33.25,0.10500000000000001,0,0.75,49,0,2
355,0.0,0,0,919.8166666666667,25.6125,33.0,0.08499999999999999,0,0.6899999999999977,48,0,2
355,0.0,0,0,920.3333333333334,25.627499999999998,32.5,0.07250000000000001,0,0.6899999999999977,48,0,1
355,0.0,0,0,920.85,25.6125,32.25,0.10500000000000001,0,0.8100000000000023,47,0,2
355,0.0,0,0,921.35,25.6275,32.0,0.07250000000000001,0,0.75,47,0,1
355,0.0,0,0,921.8666666666667,25.6125,31.25,0.07500000000000001,0,0.8100000000000023,47,0,2
355,0.0,0,0,922.3833333333333,25.6125,31.25,0.0775,0,0.6899999999999977,47,0,2
355,0.0,0,0,923.4,25.6125,30.5,0.11499999999999999,0,0.8100000000000023,45,0,2
355,0.0,0,0,923.9166666666666,25.6275,30.0,0.07750000000000001,0,0.75,44,0,2
355,0.0,0,0,924.4166666666666,25.6125,30.0,0.08,0,0.6899999999999977,44,0,2
355,0.0,0,0,924.9333333333333,25.5975,30.0,0.07250000000000001,0,0.75,44,0,1
355,0.0,0,0,925.4333333333333,25.5975,30.5,0.07250000000000001,0,0.75,45,0,1
355,0.0,0,0,925.95,25.5825,30.75,0.07250000000000001,0,0.75,46,0,1
355,0.0,0,0,926.4666666666667,25.6125,30.75,0.07250000000000001,0,0.6899999999999977,46,0,1
355,0.0,0,0,926.9666666666667,25.5975,30.5,0.0775,0,0.75,45,0,2
355,0.0,0,0,927.4833333333333,25.5975,30.5,0.07750000000000001,0,0.75,45,0,2
355,0.0,0,0,928.0,25.6125,30.0,0.07,0,0.6899999999999977,44,0,1
355,0.0,0,0,928.5,25.6125,29.75,0.0875,0,0.6899999999999977,43,0,2
355,0.0,0,0,929.0166666666667,25.5975,29.75,0.0875,0,0.75,43,0,2
355,0.0,0,0,929.5333333333333,25.5975,30.0,0.07250000000000001,0,0.75,44,0,1
355,0.0,0,0,930.0333333333333,25.5975,30.0,0.07500000000000001,0,0.75,44,0,2
355,0.0,0,0,930.55,25.5825,29.5,0.07250000000000001,0,0.75,43,0,1
355,0.0,0,0,931.05,25.5825,29.25,0.0825,0,0.75,44,0,2
355,0.0,0,0,931.5666666666667,25.6275,29.25,0.07750000000000001,0,0.75,44,0,2
355,0.0,0,0,932.0833333333334,25.6125,28.75,0.07250000000000001,0,0.6899999999999977,43,0,1
355,0.0,0,0,932.5833333333334,25.5975,28.0,0.07250000000000001,0,0.75,42,0,1
355,0.0,0,0,933.1,25.6125,27.5,0.07250000000000001,0,0.6899999999999977,41,0,1
355,0.0,0,0,933.6166666666667,25.6125,27.5,0.08499999999999999,0,0.6899999999999977,41,0,2
355,0.0,0,0,934.1166666666667,25.6125,27.25,0.0675,0,0.6899999999999977,41,0,1
355,0.0,0,0,934.6333333333333,25.5975,27.5,0.07250000000000001,0,0.75,41,0,1
355,0.0,0,0,935.15,25.6125,27.0,0.07250000000000001,0,0.6899999999999977,40,0,1
355,0.0,0,0,935.65,25.5975,27.0,0.08499999999999999,0,0.75,40,0,2
355,0.0,0,0,936.1666666666666,25.6125,27.0,0.07250000000000001,0,0.6899999999999977,40,0,1
355,0.0,0,0,936.6666666666666,25.6125,26.75,0.07,0,0.6899999999999977,39,0,1
355,0.0,0,0,937.1833333333333,25.6275,26.75,0.07500000000000001,0,0.75,39,0,2
355,0.0,0,0,937.7,25.5975,26.75,0.07250000000000001,0,0.75,39,0,1
355,0.0,0,0,938.2,25.6125,26.5,0.07250000000000001,0,0.6899999999999977,39,0,1
355,0.0,0,0,938.7166666666667,25.5825,26.5,0.07250000000000001,0,0.75,39,0,1
355,0.0,0,0,939.2333333333333,25.6125,26.25,0.07250000000000001,0,0.6899999999999977,39,0,1
355,0.0,0,0,939.7333333333333,25.5825,26.25,0.07250000000000001,0,0.75,39,0,1
355,0.0,0,0,940.25,25.6125,26.0,0.07250000000000001,0,0.8100000000000023,38,0,1
355,0.0,0,0,940.75,25.5975,25.25,0.07250000000000001,0,0.75,38,0,1
355,0.0,0,0,941.2666666666667,25.5975,25.0,0.07,0,0.75,37,0,1
355,0.0,0,0,941.7833333333333,25.6125,25.0,0.0725,0,0.6899999999999977,37,0,1
355,0.0,0,0,942.2833333333333,25.5975,24.5,0.0675,0,0.75,36,0,1
355,0.0,0,0,942.8,25.5975,24.25,0.07500000000000001,0,0.75,36,0,2
355,0.0,0,0,943.3166666666667,25.580000000000002,24.25,0.07250000000000001,0,0.6799999999999997,36,0,1
355,0.0,0,0,943.8166666666667,25.6125,24.25,0.07500000000000001,0,0.8100000000000023,36,0,2
355,0.0,0,0,944.3333333333334,25.612499999999997,24.25,0.07500000000000001,0,0.75,36,0,2
355,0.0,0,0,944.85,25.5975,24.0,0.07500000000000001,0,0.75,36,0,2
355,0.0,0,0,945.35,25.6125,24.0,0.08000000000000002,0,0.8100000000000023,36,0,2
355,0.0,0,0,945.8666666666667,25.5975,24.0,0.07,0,0.75,36,0,1
355,0.0,0,0,946.3666666666667,25.6125,24.0,0.0675,0,0.6899999999999977,36,0,1
355,0.0,0,0,946.8833333333333,25.6125,24.0,0.07,0,0.6899999999999977,36,0,1
355,0.0,0,0,947.4,25.6125,24.0,0.07,0,0.6899999999999977,36,0,1
355,0.0,0,0,947.9,25.6125,23.75,0.07500000000000001,0,0.6899999999999977,35,0,2
355,0.0,0,0,948.4166666666666,25.5975,23.25,0.07500000000000001,0,0.75,36,0,2
355,0.0,0,0,948.9333333333333,25.6125,23.0,0.07,0,0.6899999999999977,35,0,1
355,0.0,0,0,949.4333333333333,25.5975,23.0,0.07250000000000001,0,0.75,35,0,1
355,0.0,0,0,949.95,25.6125,23.0,0.0775,0,0.6899999999999977,35,0,2
355,0.0,0,0,950.4666666666667,25.6275,23.0,0.07250000000000001,0,0.75,35,0,1
355,0.0,0,0,950.9666666666667,25.6125,22.5,0.07750000000000001,0,0.8100000000000023,34,0,2
355,0.0,0,0,951.4833333333333,25.6275,22.5,0.0825,0,0.75,34,0,2
355,0.0,0,0,951.9833333333333,25.6275,22.25,0.07250000000000001,0,0.75,33,0,1
355,0.0,0,0,952.5,25.6125,22.25,0.07750000000000001,0,0.6899999999999977,33,0,2
355,0.0,0,0,953.0166666666667,25.6125,22.0,0.07,0,0.6899999999999977,33,0,1
355,0.0,1,0,953.5166666666667,25.6125,21.75,0.085,1,0.6899999999999977,32,0,2
355,0.0,0,0,954.0333333333333,25.5975,21.75,0.1325,0,0.75,32,0,2
355,0.0,0,0,954.55,25.6125,21.75,0.07,0,0.6899999999999977,32,0,1
355,0.0,0,0,955.05,25.6125,21.5,0.0675,0,0.8100000000000023,33,0,1
355,0.0,0,0,955.5666666666667,25.6125,21.25,0.07,0,0.6899999999999977,33,0,1
355,0.0,0,0,956.0833333333334,25.6275,21.0,0.1175,0,0.75,32,0,2
355,0.0,0,0,956.5833333333334,25.642500000000002,20.75,0.095,0,0.8099999999999987,32,0,2
355,0.0,0,0,957.1,25.6125,20.75,0.10500000000000001,0,0.8100000000000023,32,0,2
355,0.0,0,0,957.6,25.6275,20.75,0.09,0,0.75,32,0,2
355,0.0,0,0,958.1166666666667,25.6275,20.5,0.09,0,0.75,31,0,2
355,0.0,0,0,958.6333333333333,25.6275,20.5,0.07750000000000001,0,0.75,31,0,2
355,0.0,0,0,959.1333333333333,25.6275,20.25,0.07500000000000001,0,0.75,31,0,2
350,-0.0461538461538,0,0,959.65,25.6425,20.25,0.07,0,0.75,31,0,1
355,-0.0423076923077,0,0,960.1666666666666,25.657500000000002,20.0,0.07750000000000001,0,0.8699999999999974,30,0,2
355,-0.0384615384615,0,0,960.6666666666666,25.6125,20.0,0.07250000000000001,0,0.8100000000000023,30,0,1
355,-0.0346153846154,0,0,961.1833333333333,25.627499999999998,20.0,0.0775,0,0.8100000000000023,30,0,2
355,-0.0307692307692,0,0,961.7,25.6125,19.75,0.07250000000000001,0,0.8100000000000023,30,0,1
350,-0.0730769230769,0,0,962.2,25.6275,19.25,0.0675,0,0.75,29,0,1
350,-0.111538461538,0,0,962.7166666666667,25.5975,19.25,0.07,0,0.75,29,0,1
350,-0.146153846154,0,0,963.2166666666667,25.6125,19.25,0.07250000000000001,0,0.6899999999999977,29,0,1
350,-0.176923076923,0,0,963.7333333333333,25.6125,19.0,0.0825,0,0.6899999999999977,30,0,2
350,-0.203846153846,0,0,964.25,25.5975,19.0,0.07,0,0.75,30,0,1
350,-0.226923076923,0,0,964.75,25.5975,18.75,0.07250000000000001,0,0.75,30,0,1
350,-0.246153846154,0,0,965.2666666666667,25.5975,18.5,0.07250000000000001,0,0.75,29,0,1
350,-0.261538461538,0,0,965.7833333333333,25.6125,18.5,0.0725,0,0.8100000000000023,29,0,1
350,-0.273076923077,0,0,966.2833333333333,25.5975,18.5,0.075,0,0.75,29,0,2
350,-0.280769230769,0,0,966.8,25.6125,18.5,0.07500000000000001,0,0.6899999999999977,29,0,2
355,-0.238461538462,0,0,967.3166666666667,25.5975,18.25,0.07,0,0.75,29,0,1
355,-0.196153846154,0,0,967.8166666666667,25.5975,18.25,0.07500000000000001,0,0.75,29,0,2
355,-0.153846153846,0,0,968.3333333333334,25.5975,18.25,0.07250000000000001,0,0.75,29,0,1
355,-0.111538461538,0,0,968.8333333333334,25.5975,18.0,0.07,0,0.75,29,0,1
355,-0.0692307692308,0,0,969.35,25.5975,18.0,0.07250000000000001,0,0.75,29,0,1
355,-0.0269230769231,0,0,969.8666666666667,25.5975,18.0,0.0775,0,0.75,29,0,2
350,-0.0307692307692,0,0,970.3666666666667,25.5975,18.0,0.07250000000000001,0,0.75,29,0,1
350,-0.0307692307692,0,0,970.8833333333333,25.627499999999998,18.0,0.07250000000000001,0,0.6899999999999977,29,0,1
355,0.0192307692308,0,0,971.4,25.5975,18.0,0.07750000000000001,0,0.75,29,0,2
355,0.0692307692308,0,0,971.9,25.6275,18.0,0.07250000000000001,0,0.75,29,0,1
355,0.0692307692308,0,0,972.4166666666666,25.5975,17.5,0.07750000000000001,0,0.75,30,0,2
355,0.115384615385,0,0,972.9333333333333,25.5975,17.5,0.07,0,0.75,30,0,1
355,0.161538461538,0,0,973.4333333333333,25.5975,17.25,0.0675,0,0.75,29,0,1
350,0.161538461538,0,0,973.95,25.5975,17.0,0.07,0,0.75,28,0,1
355,0.211538461538,0,0,974.45,25.5975,16.5,0.07,0,0.75,27,0,1
350,0.165384615385,0,0,974.9666666666667,25.6125,16.0,0.07250000000000001,0,0.8100000000000023,26,0,1
355,0.165384615385,0,0,975.4833333333333,25.5975,15.75,0.07250000000000001,0,0.75,25,0,1
355,0.161538461538,0,0,975.9833333333333,25.595000000000002,15.75,0.07250000000000001,0,0.6199999999999974,25,0,1
350,0.107692307692,0,0,976.5,25.5975,15.5,0.07,0,0.75,25,0,1
350,0.0538461538462,0,0,977.0166666666667,25.5975,15.25,0.07,0,0.75,24,0,1
350,-1.23168185923e-17,0,0,977.5166666666667,25.580000000000002,15.25,0.07,0,0.6799999999999997,24,0,1
350,-0.0538461538462,0,0,978.0333333333333,25.580000000000002,15.25,0.07500000000000001,0,0.6799999999999997,24,0,2
350,-0.107692307692,0,0,978.5333333333333,25.5975,15.0,0.07,0,0.75,24,0,1
350,-0.161538461538,0,0,979.05,25.5975,15.0,0.07250000000000001,0,0.75,24,0,1
350,-0.215384615385,0,0,979.5666666666667,25.5975,15.0,0.07,0,0.75,24,0,1
350,-0.219230769231,0,0,980.5833333333334,25.5975,14.5,0.07250000000000001,0,0.75,23,0,1
350,-0.219230769231,0,0,981.1,25.5975,14.5,0.0725,0,0.75,23,0,1
355,-0.169230769231,0,0,981.6,25.5975,14.5,0.2475,0,0.75,23,0,2
350,-0.165384615385,0,0,982.1166666666667,25.580000000000002,14.25,0.14500000000000002,0,0.6799999999999997,22,0,2
350,-0.157692307692,0,0,982.6333333333333,25.5975,14.25,0.0775,0,0.75,22,0,2
350,-0.146153846154,0,0,983.1333333333333,25.612499999999997,14.0,0.07,0,0.75,22,0,1
350,-0.180769230769,0,0,983.65,25.5975,13.75,0.07250000000000001,0,0.75,21,0,1
350,-0.215384615385,0,0,984.15,25.580000000000002,13.75,0.0775,0,0.6799999999999997,21,0,2
355,-0.153846153846,0,0,984.6666666666666,25.595000000000002,13.5,0.07500000000000001,0,0.6199999999999974,21,0,2
355,-0.0923076923077,0,0,985.1833333333333,25.612499999999997,13.25,0.07,0,0.75,20,0,1
355,-0.0307692307692,0,0,985.6833333333333,25.580000000000002,13.25,0.075,0,0.6799999999999997,20,0,2
355,0.0307692307692,0,0,986.2,25.580000000000002,13.25,0.07250000000000001,0,0.6799999999999997,20,0,1
350,0.0461538461538,0,0,986.7166666666667,25.5975,13.0,0.07,0,0.75,19,0,1
350,0.0153846153846,0,0,987.2166666666667,25.6125,12.75,0.0725,0,0.8100000000000023,19,0,1
355,0.0807692307692,0,0,987.7333333333333,25.6125,12.75,0.07750000000000001,0,0.8100000000000023,19,0,2
350,0.05,0,0,988.25,25.5975,12.75,0.07500000000000001,0,0.75,19,0,2
355,0.115384615385,0,0,988.75,25.5975,12.5,0.07,0,0.75,20,0,1
355,0.180769230769,0,0,989.2666666666667,25.6125,12.5,0.0725,0,0.8100000000000023,20,0,1
350,0.15,0,0,989.7666666666667,25.5975,12.5,0.07750000000000001,0,0.75,20,0,2
350,0.119230769231,0,0,990.2833333333333,25.6125,12.25,0.08,0,0.6899999999999977,20,0,2
350,0.0884615384615,0,0,990.8,25.5975,12.25,0.07500000000000001,0,0.75,20,0,2
350,0.0576923076923,0,0,991.3,25.5975,12.25,0.07,0,0.75,20,0,1
350,0.0269230769231,0,0,991.8166666666667,25.5975,12.25,0.07,0,0.75,20,0,1
350,-0.00384615384615,0,0,992.3333333333334,25.5975,12.25,0.07,0,0.75,20,0,1
350,-0.0346153846154,0,0,992.8333333333334,25.5975,12.0,0.0725,0,0.75,20,0,1
355,-0.0192307692308,0,0,993.35,25.5975,12.0,0.0675,0,0.75,20,0,1
355,-0.00769230769231,0,0,993.8666666666667,25.5975,12.0,0.07250000000000001,0,0.75,21,0,1
350,0.00384615384615,0,0,994.3666666666667,25.612499999999997,12.25,0.07,0,0.75,22,0,1
350,-0.0307692307692,0,0,994.8833333333333,25.5975,12.25,0.07,0,0.75,22,0,1
350,-0.0653846153846,0,0,995.3833333333333,25.6125,11.75,0.0725,0,0.8100000000000023,21,0,1
350,-0.1,0,0,995.9,25.627499999999998,11.5,0.07500000000000001,0,0.8100000000000023,20,0,2
350,-0.134615384615,0,0,996.4166666666666,25.5975,11.25,0.07500000000000001,0,0.75,19,0,2
350,-0.169230769231,0,0,996.9166666666666,25.612499999999997,11.0,0.0875,0,0.75,18,0,2
350,-0.153846153846,0,0,997.4333333333333,25.5975,10.5,0.11,0,0.75,16,0,2
355,-0.0884615384615,0,0,997.95,25.5975,10.5,0.09,0,0.75,16,0,2
355,-0.0230769230769,0,0,998.45,25.6125,10.25,0.07500000000000001,0,0.8100000000000023,17,0,2
350,-0.00384615384615,0,0,998.9666666666667,25.6275,10.25,0.07500000000000001,0,0.870000000000001,17,0,2
350,-0.0307692307692,0,0,999.4833333333333,25.6125,10.0,0.08000000000000002,0,0.8100000000000023,16,0,2
350,-0.0576923076923,0,0,999.9833333333333,25.627499999999998,10.0,0.07250000000000001,0,0.8100000000000023,16,0,1
350,-0.0346153846154,0,0,1000.5,25.6125,9.75,0.12,0,0.8100000000000023,16,0,2
350,-0.0576923076923,0,0,1001.0,25.6275,9.75,0.095,0,0.75,16,0,2
350,-0.0307692307692,0,0,1001.5166666666667,25.627499999999998,9.5,0.08,0,0.8100000000000023,15,0,2
350,-6.1584092961300004e-18,0,0,1002.0333333333333,25.612499999999997,9.5,0.07500000000000001,0,0.75,15,0,2
350,-0.0153846153846,0,0,1002.5333333333333,25.5975,8.75,0.07250000000000001,0,0.75,14,0,1
350,-0.0307692307692,0,0,1003.05,25.612499999999997,8.75,0.07,0,0.75,14,0,1
350,-0.0461538461538,0,0,1003.5666666666667,25.6125,8.75,0.07250000000000001,0,0.8100000000000023,14,0,1
350,-0.0615384615385,0,0,1004.0666666666667,25.612499999999997,8.5,0.07,0,0.75,13,0,1
350,-0.0769230769231,0,0,1004.5833333333334,25.6125,8.25,0.07250000000000001,0,0.8100000000000023,13,0,1
350,-0.0923076923077,0,0,1005.1,25.612499999999997,8.25,0.0675,0,0.75,13,0,1
350,-0.107692307692,0,0,1005.6,25.6125,8.0,0.07500000000000001,0,0.8100000000000023,12,0,2
350,-0.0730769230769,0,0,1006.1166666666667,25.625,8.0,0.07,0,0.9400000000000013,12,0,1
355,0.0115384615385,0,0,1006.6166666666667,25.5975,8.0,0.0775,0,0.75,12,0,2
350,-6.1584092961300004e-18,0,0,1007.1333333333333,25.5975,7.75,0.0775,0,0.75,12,0,2
350,-0.0115384615385,0,0,1007.65,25.612499999999997,7.5,0.07,0,0.75,11,0,1
350,-0.0230769230769,0,0,1008.15,25.5975,7.25,0.07250000000000001,0,0.75,12,0,1
350,-0.0346153846154,0,0,1008.6666666666666,25.5975,7.25,0.07750000000000001,0,0.75,12,0,2
350,-0.0461538461538,0,0,1009.1833333333333,25.5975,7.25,0.0675,0,0.75,12,0,1
350,-0.0576923076923,0,0,1009.6833333333333,25.6275,7.25,0.07250000000000001,0,0.75,12,0,1
350,-0.0692307692308,0,0,1010.2,25.5975,7.25,0.07,0,0.75,12,0,1
350,-0.0307692307692,0,0,1010.7166666666667,25.6125,7.25,0.07250000000000001,0,0.8100000000000023,12,0,1
350,0.0115384615385,0,0,1011.2166666666667,25.595,7.25,0.075,0,0.8800000000000026,12,0,2
350,0.00769230769231,0,0,1011.7333333333333,25.6125,7.0,0.07250000000000001,0,0.8100000000000023,12,0,1
350,0.00384615384615,0,0,1012.2333333333333,25.58,6.75,0.07250000000000001,0,0.8200000000000003,11,0,1
350,-7.69801162017e-19,0,0,1012.75,25.58,6.5,0.065,0,0.8200000000000003,11,0,0
350,-0.00384615384615,0,0,1013.2666666666667,25.58,6.5,0.07500000000000001,0,0.8200000000000003,11,0,2
350,-0.00769230769231,0,0,1013.7666666666667,25.6125,6.5,0.07250000000000001,0,0.8100000000000023,11,0,1
350,-0.0115384615385,0,0,1014.2833333333333,25.6125,6.25,0.0725,0,0.8100000000000023,10,0,1
350,-0.0153846153846,0,0,1014.8,25.6125,6.25,0.0675,0,0.8100000000000023,10,0,1
350,-0.0192307692308,0,0,1015.3,25.595,6.25,0.07250000000000001,0,0.8800000000000026,10,0,1
350,-0.0230769230769,0,0,1015.8166666666667,25.595,5.75,0.0675,0,0.8200000000000003,9,0,1
350,-0.0269230769231,0,0,1016.3166666666667,25.58,5.75,0.07250000000000001,0,0.8200000000000003,9,0,1
350,-0.0307692307692,0,0,1016.8333333333334,25.58,5.75,0.07250000000000001,0,0.8200000000000003,9,0,1
350,-0.0346153846154,0,0,1017.35,25.5625,5.75,0.07250000000000001,0,0.75,9,0,1
350,-0.0384615384615,0,0,1017.85,25.58,5.25,0.07,0,0.8200000000000003,8,0,1
350,-0.0423076923077,0,0,1018.3666666666667,25.61,5.25,0.0675,0,0.9400000000000013,8,0,1
350,-0.0461538461538,0,0,1018.8833333333333,25.58,5.25,0.07250000000000001,0,0.8200000000000003,8,0,1
350,0.0,0,0,1019.3833333333333,25.595,5.0,0.07250000000000001,0,0.8800000000000026,9,0,1
350,0.0,0,0,1019.9,25.595,5.0,0.07500000000000001,0,0.8800000000000026,9,0,2
350,0.0,0,0,1020.4166666666666,25.595,5.0,0.07,0,0.8800000000000026,9,0,1
350,0.0,0,0,1020.9166666666666,25.595,4.75,0.07250000000000001,0,0.8800000000000026,9,0,1
350,0.0,0,0,1021.4333333333333,25.595,4.5,0.07250000000000001,0,0.8800000000000026,9,0,1
350,0.0,0,0,1021.9333333333333,25.595,4.5,0.07500000000000001,0,0.8800000000000026,9,0,2
350,0.0,0,0,1022.45,25.595,4.25,0.07,0,0.8800000000000026,8,0,1
350,0.0,0,0,1022.9666666666667,25.595,4.25,0.07,0,0.8800000000000026,8,0,1
350,0.0,0,0,1023.4666666666667,25.595,4.25,0.07250000000000001,0,0.8200000000000003,8,0,1
350,0.0,0,0,1023.9833333333333,25.595,4.25,0.07500000000000001,0,0.8800000000000026,8,0,2
350,0.0,0,0,1024.5,25.595,4.25,0.07250000000000001,0,0.8800000000000026,8,0,1
350,0.0,0,0,1025.0,25.61,3.75,0.07250000000000001,0,0.8800000000000026,7,0,1
350,0.0,0,0,1025.5166666666667,25.595,3.75,0.0675,0,0.8200000000000003,7,0,1
350,0.0,0,0,1026.0333333333333,25.58,3.75,0.07250000000000001,0,0.8200000000000003,7,0,1
350,0.0,0,0,1026.5333333333333,25.58,3.75,0.075,0,0.8200000000000003,7,0,2
350,0.0,0,0,1027.05,25.595,3.75,0.07,0,0.8800000000000026,7,0,1
350,0.0,0,0,1027.55,25.564999999999998,3.5,0.07,0,0.879999999999999,6,0,1
350,0.0,0,0,1028.0666666666666,25.58,3.5,0.07250000000000001,0,0.8200000000000003,6,0,1
350,0.0,0,0,1028.5833333333333,25.58,3.5,0.07250000000000001,0,0.9400000000000013,6,0,1
350,0.0,0,0,1029.0833333333333,25.58,3.5,0.07,0,0.8200000000000003,6,0,1
350,0.0,0,0,1029.6,25.5625,3.5,0.07500000000000001,0,0.75,6,0,2
350,0.0,0,0,1030.1166666666666,25.58,3.5,0.0775,0,0.8200000000000003,6,0,2
350,0.0,0,0,1030.6166666666666,25.5625,3.5,0.07250000000000001,0,0.75,6,0,1
350,0.0,0,0,1031.1333333333334,25.58,3.5,0.07500000000000001,0,0.8200000000000003,6,0,2
350,0.0,0,0,1031.65,25.58,3.25,0.07250000000000001,0,0.9400000000000013,5,0,1
350,0.0,0,0,1032.15,25.564999999999998,3.0,0.07250000000000001,0,0.879999999999999,6,0,1
350,0.0,0,0,1032.6666666666667,25.5475,3.25,0.0675,0,0.8099999999999987,5,0,1
350,0.0,0,0,1033.1666666666667,25.58,3.25,0.075,0,0.8200000000000003,5,0,2
350,0.0,0,0,1033.6833333333334,25.564999999999998,2.75,0.07,0,0.879999999999999,6,0,1
350,0.0,0,0,1034.2,25.58,3.0,0.07500000000000001,0,0.9400000000000013,6,0,2
350,0.0,0,0,1034.7,25.58,2.25,0.0725,0,0.8200000000000003,5,0,1
350,0.0,0,0,1035.2166666666667,25.564999999999998,2.25,0.0775,0,0.879999999999999,5,0,2
350,0.0,0,0,1035.7333333333333,25.564999999999998,2.25,0.08000000000000002,0,0.879999999999999,5,0,2
350,0.0,0,0,1036.75,25.564999999999998,2.25,0.08,0,0.879999999999999,5,0,2
350,0.0,0,0,1037.2666666666667,25.564999999999998,2.25,0.11249999999999999,0,0.879999999999999,5,0,2
350,0.0,0,0,1037.7666666666667,25.58,2.25,0.07500000000000001,0,0.8200000000000003,5,0,2
350,0.0,0,0,1038.2833333333333,25.58,2.25,0.07,0,0.9400000000000013,5,0,1
350,0.0,0,0,1038.7833333333333,25.58,2.25,0.0675,0,0.9400000000000013,5,0,1
350,0.0,0,0,1039.3,25.564999999999998,2.25,0.075,0,0.879999999999999,5,0,2
350,0.0,0,0,1039.8166666666666,25.5475,2.25,0.07250000000000001,0,0.8099999999999987,5,0,1
350,0.0,0,0,1040.3166666666666,25.58,2.0,0.07250000000000001,0,0.8200000000000003,5,0,1
350,0.0,0,0,1040.8333333333333,25.58,2.0,0.07250000000000001,0,0.8200000000000003,5,0,1
350,0.0,0,0,1041.35,25.58,2.0,0.07500000000000001,0,0.8200000000000003,5,0,2
350,0.0,0,0,1041.85,25.5475,2.0,0.07250000000000001,0,0.8099999999999987,5,0,1
350,0.0,0,0,1042.3666666666666,25.5475,1.75,0.07500000000000001,0,0.8099999999999987,4,0,2
350,0.0,0,0,1042.8833333333334,25.5475,1.75,0.07500000000000001,0,0.8099999999999987,4,0,2
350,0.0,0,0,1043.3833333333334,25.564999999999998,1.75,0.0725,0,0.879999999999999,4,0,1
350,0.0,0,0,1043.9,25.58,1.75,0.07500000000000001,0,0.8200000000000003,4,0,2
350,0.0,0,0,1044.4,25.564999999999998,1.75,0.07250000000000001,0,0.879999999999999,4,0,1
350,0.0,0,0,1044.9166666666667,25.564999999999998,1.75,0.07,0,0.879999999999999,4,0,1
350,0.0,0,0,1045.4333333333334,25.564999999999998,1.75,0.07,0,0.879999999999999,4,0,1
350,0.0,0,0,1045.9333333333334,25.5475,1.5,0.075,0,0.8099999999999987,4,0,2
350,0.0,0,0,1046.45,25.564999999999998,1.25,0.07,0,0.879999999999999,3,0,1
350,0.0,0,0,1046.9666666666667,25.5475,1.25,0.07500000000000001,0,0.8099999999999987,3,0,2
350,0.0,0,0,1047.4666666666667,25.564999999999998,1.25,0.07500000000000001,0,0.879999999999999,3,0,2
350,0.0,0,0,1047.9833333333333,25.58,1.25,0.07500000000000001,0,0.9400000000000013,3,0,2
350,0.0,0,0,1048.5,25.564999999999998,1.25,0.07250000000000001,0,0.879999999999999,3,0,1
350,0.0,0,0,1049.0,25.564999999999998,1.25,0.075,0,0.879999999999999,3,0,2
350,0.0,0,0,1049.5166666666667,25.564999999999998,1.25,0.07250000000000001,0,0.879999999999999,3,0,1
350,0.0,0,0,1050.0166666666667,25.5475,1.25,0.07,0,0.8099999999999987,3,0,1
350,0.0,0,0,1050.5333333333333,25.5475,1.25,0.0675,0,0.8099999999999987,3,0,1
350,0.0,0,0,1051.05,25.564999999999998,1.0,0.075,0,0.879999999999999,2,0,2
350,0.0,0,0,1051.55,25.564999999999998,1.0,0.0775,0,0.879999999999999,2,0,2
350,0.0,0,0,1052.0666666666666,25.532500000000002,1.0,0.07500000000000001,0,0.8699999999999974,2,0,2
350,0.0,0,0,1052.5833333333333,25.58,1.0,0.07500000000000001,0,0.9400000000000013,2,0,2
350,0.0,0,0,1053.0833333333333,25.564999999999998,0.75,0.075,0,0.879999999999999,2,0,2
350,0.0,0,0,1053.6,25.564999999999998,0.75,0.07500000000000001,0,0.879999999999999,2,0,2
350,0.0,0,0,1054.1,25.564999999999998,0.75,0.07,0,0.879999999999999,2,0,1
350,0.0,0,0,1054.6166666666666,25.5475,0.75,0.07750000000000001,0,0.8099999999999987,2,0,2
355,0.0461538461538,0,0,1055.1333333333334,25.58,0.75,0.07,0,0.9400000000000013,2,0,1
350,0.0423076923077,0,0,1055.6333333333334,25.564999999999998,0.75,0.075,0,0.879999999999999,2,0,2
350,0.0384615384615,0,0,1056.15,25.564999999999998,0.5,0.07250000000000001,0,0.879999999999999,1,0,1
350,0.0346153846154,0,0,1056.6666666666667,25.5475,0.5,0.07250000000000001,0,0.8099999999999987,1,0,1
350,0.0307692307692,0,0,1057.1666666666667,25.5475,0.5,0.0775,0,0.8099999999999987,1,0,2
350,0.0269230769231,0,0,1057.6833333333334,25.5475,0.5,0.07750000000000001,0,0.8099999999999987,1,0,2
350,0.0230769230769,0,0,1058.2,25.5475,0.5,0.07250000000000001,0,0.8099999999999987,1,0,1
350,0.0192307692308,0,0,1058.7,25.58,0.5,0.11499999999999999,0,0.879999999999999,1,0,2
350,0.0153846153846,0,0,1059.2166666666667,25.532500000000002,0.5,0.07250000000000001,0,0.8699999999999974,1,0,1
350,0.0115384615385,0,0,1059.7166666666667,25.5475,0.5,0.07500000000000001,0,0.8099999999999987,1,0,2
350,0.00769230769231,0,0,1060.2333333333333,25.5475,0.5,0.07250000000000001,0,0.8099999999999987,1,0,1
350,0.00384615384615,0,0,1060.75,25.5475,0.5,0.07250000000000001,0,0.8099999999999987,1,0,1
350,-7.69801162017e-19,0,0,1061.25,25.5475,0.5,0.07250000000000001,0,0.8099999999999987,1,0,1
350,-0.00384615384615,0,0,1061.7666666666667,25.58,0.5,0.0825,0,0.9400000000000013,1,0,2
350,-0.00769230769231,0,0,1062.2833333333333,25.564999999999998,0.25,0.07250000000000001,0,0.879999999999999,1,0,1
350,-0.0115384615385,0,0,1062.7833333333333,25.564999999999998,0.0,0.07500000000000001,0,0.879999999999999,0,0,2
350,-0.0153846153846,0,0,1063.3,25.5475,0.0,0.07750000000000001,0,0.8099999999999987,0,0,2
350,-0.0192307692308,0,0,1063.8166666666666,25.5475,0.0,0.125,0,0.8099999999999987,0,0,2
350,-0.0230769230769,0,0,1064.3166666666666,25.5475,0.0,0.225,0,0.8099999999999987,0,0,2
350,-0.0269230769231,0,0,1064.8333333333333,25.5325,0.0,0.07250000000000001,0,0.75,0,0,1
350,-0.0307692307692,0,0,1065.3333333333333,25.564999999999998,0.0,0.075,0,0.879999999999999,0,0,2
350,-0.0346153846154,0,0,1065.85,25.5475,0.0,0.07250000000000001,0,0.8099999999999987,0,0,1
350,-0.0384615384615,0,0,1066.3666666666666,25.5475,0.0,0.0825,0,0.8099999999999987,0,0,2
350,-0.0423076923077,0,0,1066.8666666666666,25.5475,0.0,0.07250000000000001,0,0.8099999999999987,0,0,1
350,-0.0461538461538,0,0,1067.3833333333334,25.564999999999998,0.0,0.07250000000000001,0,0.879999999999999,0,0,1
350,0.0,0,0,1067.9,25.5475,0.0,0.07250000000000001,0,0.8099999999999987,0,0,1
350,0.0,0,0,1068.4,25.532500000000002,0.0,0.075,0,0.8699999999999974,0,0,2
350,0.0,0,0,1068.9166666666667,25.5475,0.0,0.07250000000000001,0,0.8099999999999987,0,0,1
350,0.0,0,0,1069.4333333333334,25.5475,0.0,0.07,0,0.8099999999999987,0,0,1
350,0.0,0,0,1069.9333333333334,25.5475,0.0,0.07250000000000001,0,0.8099999999999987,0,0,1
350,0.0,0,0,1070.45,25.55,0.0,0.07250000000000001,0,0.9399999999999977,0,0,1
350,0.0,0,0,1070.95,25.564999999999998,0.0,0.07250000000000001,0,0.879999999999999,0,0,1
350,0.0,0,0,1071.4666666666667,25.532500000000002,0.0,0.07500000000000001,0,0.8699999999999974,0,0,2
350,0.0,0,0,1071.9833333333333,25.564999999999998,0.0,0.07750000000000001,0,0.879999999999999,0,0,2
350,0.0,0,0,1072.4833333333333,25.5475,0.0,0.0675,0,0.8099999999999987,0,0,1
350,0.0,0,0,1073.0,25.564999999999998,0.0,0.07250000000000001,0,0.879999999999999,0,0,1
350,0.0,0,0,1073.5166666666667,25.5475,0.0,0.07250000000000001,0,0.8099999999999987,0,0,1
350,0.0,0,0,1074.0166666666667,25.564999999999998,0.0,0.08,0,0.879999999999999,0,0,2
350,0.0,0,0,1074.5333333333333,25.58,0.0,0.07250000000000001,0,0.9400000000000013,0,0,1
350,0.0,0,0,1075.05,25.5475,0.0,0.07,0,0.8099999999999987,0,0,1
350,0.0,0,0,1075.55,25.5475,0.0,0.07500000000000001,0,0.8099999999999987,0,0,2
350,0.0,0,0,1076.0666666666666,25.5475,0.0,0.0675,0,0.8099999999999987,0,0,1
350,0.0,0,0,1076.5666666666666,25.5475,0.0,0.07250000000000001,0,0.8099999999999987,0,0,1
350,0.0,1,0,1077.0833333333333,25.5625,0.0,0.075,1,0.8099999999999987,0,0,2
350,0.0,1,0,1077.6,25.5475,0.0,0.0725,1,0.8099999999999987,0,0,1
350,0.0,1,0,1078.1,25.5475,0.0,0.07500000000000001,1,0.8099999999999987,0,0,2
350,0.0,0,0,1078.6166666666666,25.5325,0.0,0.0675,0,0.75,0,0,1
350,0.0,0,0,1079.1333333333334,25.5325,0.0,0.07500000000000001,0,0.75,0,0,2
350,0.0,0,0,1079.6333333333334,25.5325,0.0,0.07250000000000001,0,0.75,0,0,1
350,0.0,0,0,1080.15,25.5325,0.0,0.07250000000000001,0,0.75,0,0,1
350,0.0,0,0,1080.6666666666667,25.517500000000002,0.0,0.0725,0,0.8099999999999987,0,0,1
350,0.0,0,0,1081.1666666666667,25.517500000000002,0.0,0.07250000000000001,0,0.8099999999999987,0,0,1
350,0.0,0,0,1081.6833333333334,25.517500000000002,0.0,0.07,0,0.8099999999999987,0,0,1
350,0.0,0,0,1082.1833333333334,25.517500000000002,0.0,0.07250000000000001,0,0.8099999999999987,0,0,1
350,0.0,0,0,1082.7,25.5325,0.0,0.0725,0,0.75,0,0,1
355,0.0461538461538,0,0,1083.2166666666667,25.5325,0.0,0.07500000000000001,0,0.8099999999999987,0,0,2
350,0.0423076923077,0,0,1083.7166666666667,25.517500000000002,0.0,0.07250000000000001,0,0.8099999999999987,0,0,1
350,0.0384615384615,0,0,1084.2333333333333,25.5325,0.0,0.07250000000000001,0,0.75,0,0,1
350,0.0346153846154,0,0,1084.75,25.5625,0.0,0.0725,0,0.8099999999999987,0,0,1
350,0.0307692307692,0,0,1085.25,25.517500000000002,0.0,0.0825,0,0.8099999999999987,0,0,2
350,0.0269230769231,0,0,1085.7666666666667,25.517500000000002,0.0,0.07250000000000001,0,0.8099999999999987,0,0,1
350,0.0230769230769,0,0,1086.2666666666667,25.5325,0.0,0.07250000000000001,0,0.8099999999999987,0,0,1
350,0.0192307692308,0,0,1086.7833333333333,25.517500000000002,0.0,0.07250000000000001,0,0.8099999999999987,0,0,1
350,0.0153846153846,0,0,1087.3,25.532500000000002,0.0,0.07250000000000001,0,0.8699999999999974,0,0,1
350,0.0115384615385,0,0,1087.8,25.517500000000002,0.0,0.07,0,0.8099999999999987,0,0,1
355,0.0538461538462,0,0,1088.3166666666666,25.517500000000002,0.0,0.0775,0,0.8099999999999987,0,0,2
350,0.0461538461538,0,0,1088.8333333333333,25.5475,0.0,0.07,0,0.8099999999999987,0,0,1
350,0.0384615384615,0,0,1089.3333333333333,25.5475,0.0,0.0725,0,0.8099999999999987,0,0,1
350,0.0307692307692,0,0,1089.85,25.532500000000002,0.0,0.2625,0,0.8699999999999974,0,0,2
355,0.0692307692308,0,0,1090.3666666666666,25.517500000000002,0.0,0.14500000000000002,0,0.8099999999999987,0,0,2
355,0.103846153846,0,0,1090.8666666666666,25.532500000000002,0.0,0.07250000000000001,0,0.8699999999999974,0,0,1
355,0.134615384615,0,0,1091.3833333333334,25.5325,0.0,0.07250000000000001,0,0.75,0,0,1
355,0.161538461538,0,0,1092.4,25.532500000000002,0.0,0.07,0,0.8699999999999974,0,0,1
355,0.184615384615,0,0,1092.9166666666667,25.517500000000002,0.0,0.07250000000000001,0,0.8099999999999987,0,0,1
355,0.203846153846,0,0,1093.4166666666667,25.5475,0.0,0.07250000000000001,0,0.8099999999999987,0,0,1
355,0.219230769231,0,0,1093.9333333333334,25.517500000000002,0.0,0.07250000000000001,0,0.8099999999999987,0,0,1
355,0.230769230769,0,0,1094.45,25.532500000000002,0.0,0.075,0,0.8699999999999974,0,0,2
350,0.192307692308,0,0,1094.95,25.517500000000002,0.0,0.07,0,0.8099999999999987,0,0,1
355,0.2,0,0,1095.4666666666667,25.5325,0.0,0.065,0,0.75,0,0,0
350,0.157692307692,0,0,1095.9833333333333,25.517500000000002,0.0,0.07,0,0.8099999999999987,0,0,1
355,0.211538461538,0,0,1096.4833333333333,25.532500000000002,0.0,0.0775,0,0.8699999999999974,0,0,2
355,0.215384615385,0,0,1097.0,25.517500000000002,0.0,0.07500000000000001,0,0.8099999999999987,0,0,2
355,0.215384615385,0,0,1097.5,25.517500000000002,0.0,0.0775,0,0.8099999999999987,0,0,2
350,0.165384615385,0,0,1098.0166666666667,25.5325,0.0,0.07,0,0.75,0,0,1
350,0.115384615385,0,0,1098.5333333333333,25.517500000000002,0.0,0.0675,0,0.8099999999999987,0,0,1
355,0.111538461538,0,0,1099.0333333333333,25.5325,0.0,0.07250000000000001,0,0.75,0,0,1
355,0.103846153846,0,0,1099.55,25.5325,0.0,0.075,0,0.75,0,0,2
355,0.0923076923077,0,0,1100.0666666666666,25.517500000000002,0.0,0.075,0,0.8099999999999987,0,0,2
355,0.0769230769231,0,0,1100.5666666666666,25.517500000000002,0.0,0.07250000000000001,0,0.8099999999999987,0,0,1
355,0.0576923076923,0,0,1101.0833333333333,25.517500000000002,0.0,0.07500000000000001,0,0.8099999999999987,0,0,2
355,0.0846153846154,0,0,1101.6,25.517500000000002,0.0,0.07,0,0.8099999999999987,0,0,1
355,0.0615384615385,0,0,1102.1,25.5325,0.0,0.0675,0,0.75,0,0,1
355,0.0346153846154,0,0,1102.6166666666666,25.532500000000002,0.0,0.0675,0,0.8699999999999974,0,0,1
355,0.00384615384615,0,0,1103.1166666666666,25.532500000000002,0.0,0.07250000000000001,0,0.8699999999999974,0,0,1
350,-0.0269230769231,0,0,1103.6333333333334,25.517500000000002,0.0,0.07250000000000001,0,0.8099999999999987,0,0,1
350,-0.0538461538462,0,0,1104.15,25.517500000000002,0.0,0.0675,0,0.8099999999999987,0,0,1
355,-0.0307692307692,0,0,1104.65,25.517500000000002,0.0,0.07,0,0.8099999999999987,0,0,1
350,-0.0538461538462,0,0,1105.1666666666667,25.55,0.0,0.0725,0,0.9399999999999977,0,0,1
350,-0.0730769230769,0,0,1105.6833333333334,25.532500000000002,0.0,0.07,0,0.8699999999999974,0,0,1
350,-0.0884615384615,0,0,1106.1833333333334,25.532500000000002,0.0,0.07500000000000001,0,0.8699999999999974,0,0,2
350,-0.1,0,0,1106.7,25.517500000000002,0.0,0.07250000000000001,0,0.8099999999999987,0,0,1
355,-0.0615384615385,0,0,1107.2166666666667,25.517500000000002,0.0,0.0725,0,0.8099999999999987,0,0,1
350,-0.119230769231,0,0,1107.7166666666667,25.517500000000002,0.0,0.0775,0,0.8099999999999987,0,0,2
350,-0.126923076923,0,0,1108.2333333333333,25.532500000000002,0.0,0.07250000000000001,0,0.8699999999999974,0,0,1
350,-0.180769230769,0,0,1108.7333333333333,25.532500000000002,0.0,0.07250000000000001,0,0.8699999999999974,0,0,1
355,-0.138461538462,0,0,1109.25,25.532500000000002,0.0,0.07500000000000001,0,0.8699999999999974,0,0,2
350,-0.142307692308,0,0,1109.7666666666667,25.517500000000002,0.0,0.07250000000000001,0,0.8099999999999987,0,0,1
355,-0.0961538461538,0,0,1110.2666666666667,25.517500000000002,0.0,0.07,0,0.8099999999999987,0,0,1
355,-0.1,0,0,1110.7833333333333,25.5475,0.0,0.0775,0,0.8099999999999987,0,0,2
350,-0.153846153846,0,0,1111.3,25.517500000000002,0.0,0.075,0,0.8099999999999987,0,0,2
350,-0.157692307692,0,0,1111.8,25.532500000000002,0.0,0.07250000000000001,0,0.8699999999999974,0,0,1
355,-0.111538461538,0,0,1112.3166666666666,25.517500000000002,0.0,0.0775,0,0.8099999999999987,0,0,2
355,-0.0653846153846,0,0,1112.8333333333333,25.517500000000002,0.0,0.07250000000000001,0,0.8099999999999987,0,0,1
355,-0.0192307692308,0,0,1113.3333333333333,25.517500000000002,0.0,0.07,0,0.8099999999999987,0,0,1
355,0.0269230769231,0,0,1113.85,25.517500000000002,0.0,0.07250000000000001,0,0.8099999999999987,0,0,1
355,0.0730769230769,0,0,1114.35,25.517500000000002,0.0,0.07250000000000001,0,0.8099999999999987,0,0,1
350,0.0730769230769,0,0,1114.8666666666666,25.5475,0.0,0.07250000000000001,0,0.8699999999999974,0,0,1
355,0.123076923077,0,0,1115.3833333333334,25.532500000000002,0.0,0.0725,0,0.8699999999999974,0,0,1
355,0.173076923077,0,0,1115.8833333333334,25.532500000000002,0.0,0.07,0,0.8699999999999974,0,0,1
355,0.173076923077,0,0,1116.4,25.532500000000002,0.0,0.0725,0,0.8699999999999974,0,0,1
355,0.169230769231,0,0,1116.9166666666667,25.517500000000002,0.0,0.07,0,0.9299999999999997,0,0,1
355,0.211538461538,0,0,1117.4166666666667,25.532500000000002,0.0,0.07250000000000001,0,0.8699999999999974,0,0,1
355,0.203846153846,0,0,1117.9333333333334,25.517500000000002,0.0,0.07,0,0.8099999999999987,0,0,1
355,0.192307692308,0,0,1118.4333333333334,25.55,0.0,0.0775,0,0.9399999999999977,0,0,2
355,0.176923076923,0,0,1118.95,25.532500000000002,0.0,0.0675,0,0.8699999999999974,0,0,1
355,0.157692307692,0,0,1119.4666666666667,25.532500000000002,0.0,0.075,0,0.8699999999999974,0,0,2
355,0.184615384615,0,0,1119.9666666666667,25.517500000000002,0.0,0.07,0,0.8099999999999987,0,0,1
355,0.161538461538,0,0,1120.4833333333333,25.517500000000002,0.0,0.07500000000000001,0,0.8099999999999987,0,0,2
355,0.134615384615,0,0,1121.0,25.55,0.0,0.075,0,0.9399999999999977,0,0,2
355,0.103846153846,0,0,1121.5,25.517500000000002,0.0,0.07500000000000001,0,0.9299999999999997,0,0,2
355,0.119230769231,0,0,1122.0166666666667,25.532500000000002,0.0,0.07250000000000001,0,0.8699999999999974,0,0,1
350,0.0384615384615,0,0,1122.5333333333333,25.517500000000002,0.0,0.07,0,0.8099999999999987,0,0,1
355,0.0538461538462,0,0,1123.0333333333333,25.5025,0.0,0.07250000000000001,0,0.870000000000001,0,0,1
355,0.0692307692308,0,0,1123.55,25.517500000000002,0.0,0.07250000000000001,0,0.8099999999999987,0,0,1
355,0.0346153846154,0,0,1124.05,25.517500000000002,0.0,0.07,0,0.8099999999999987,0,0,1
355,-0.00384615384615,0,0,1124.5666666666666,25.517500000000002,0.0,0.07250000000000001,0,0.8099999999999987,0,0,1
355,0.00384615384615,0,0,1125.0833333333333,25.517500000000002,0.0,0.0775,0,0.8099999999999987,0,0,2
355,0.0115384615385,0,0,1125.5833333333333,25.532500000000002,0.0,0.07,0,0.8699999999999974,0,0,1
355,0.0192307692308,0,0,1126.1,25.517500000000002,0.0,0.07250000000000001,0,0.8099999999999987,0,0,1
355,0.0269230769231,0,0,1126.6166666666666,25.517500000000002,0.0,0.07250000000000001,0,0.8099999999999987,0,0,1
355,0.0346153846154,0,0,1127.1166666666666,25.532500000000002,0.0,0.07,0,0.8699999999999974,0,0,1
350,-0.0538461538462,0,0,1127.6333333333334,25.517500000000002,0.0,0.07,0,0.8099999999999987,0,0,1
350,-0.0923076923077,0,0,1128.15,25.532500000000002,0.0,0.075,0,0.8699999999999974,0,0,2
350,-0.126923076923,0,0,1128.65,25.532500000000002,0.0,0.075,0,0.8699999999999974,0,0,2
355,-0.111538461538,0,0,1129.1666666666667,25.532500000000002,0.0,0.07500000000000001,0,0.8699999999999974,0,0,2
350,-0.142307692308,0,0,1129.6666666666667,25.517500000000002,0.0,0.07250000000000001,0,0.8099999999999987,0,0,1
350,-0.169230769231,0,0,1130.1833333333334,25.517500000000002,0.0,0.0775,0,0.8099999999999987,0,0,2
350,-0.192307692308,0,0,1130.7,25.532500000000002,0.0,0.07250000000000001,0,0.8699999999999974,0,0,1
350,-0.211538461538,0,0,1131.2,25.517500000000002,0.0,0.075,0,0.8099999999999987,0,0,2
355,-0.180769230769,0,0,1131.7166666666667,25.517500000000002,0.0,0.0675,0,0.8099999999999987,0,0,1
355,-0.15,0,0,1132.2333333333333,25.532500000000002,0.0,0.07,0,0.8699999999999974,0,0,1
350,-0.165384615385,0,0,1132.7333333333333,25.517500000000002,0.0,0.07250000000000001,0,0.8099999999999987,0,0,1
350,-0.176923076923,0,0,1133.25,25.517500000000002,0.0,0.07250000000000001,0,0.8099999999999987,0,0,1
350,-0.184615384615,0,0,1133.7666666666667,25.5025,0.0,0.07500000000000001,0,0.870000000000001,0,0,2
350,-0.188461538462,0,0,1134.2666666666667,25.532500000000002,0.0,0.07500000000000001,0,0.8699999999999974,0,0,2
355,-0.142307692308,0,0,1134.7833333333333,25.517500000000002,0.0,0.07250000000000001,0,0.8099999999999987,0,0,1
355,-0.146153846154,0,0,1135.2833333333333,25.532500000000002,0.0,0.0825,0,0.8699999999999974,0,0,2
350,-0.15,0,0,1135.8,25.517500000000002,0.0,0.0825,0,0.8099999999999987,0,0,2
350,-0.15,0,0,1136.3166666666666,25.5025,0.0,0.07500000000000001,0,0.870000000000001,0,0,2
350,-0.146153846154,0,0,1136.8166666666666,25.517500000000002,0.0,0.07,0,0.8099999999999987,0,0,1
350,-0.138461538462,0,0,1137.3333333333333,25.5025,0.0,0.07250000000000001,0,0.870000000000001,0,0,1
350,-0.126923076923,0,0,1137.85,25.517500000000002,0.0,0.08,0,0.9299999999999997,0,0,2
350,-0.111538461538,0,0,1138.35,25.5025,0.0,0.07250000000000001,0,0.870000000000001,0,0,1
350,-0.0923076923077,0,0,1138.8666666666666,25.5025,0.0,0.07,0,0.870000000000001,0,0,1
350,-0.0692307692308,0,0,1139.3833333333334,25.5025,0.0,0.07250000000000001,0,0.870000000000001,0,0,1
355,0.00384615384615,0,0,1139.8833333333334,25.517500000000002,0.0,0.07250000000000001,0,0.8099999999999987,0,0,1
355,0.0269230769231,0,0,1140.4,25.5025,0.0,0.0675,0,0.870000000000001,0,0,1
350,-6.1584092961300004e-18,0,0,1140.9,25.5025,0.0,0.07250000000000001,0,0.870000000000001,0,0,1
355,0.0192307692308,0,0,1141.4166666666667,25.517500000000002,0.0,0.07,0,0.8099999999999987,0,0,1
355,0.0846153846154,0,0,1141.9333333333334,25.5025,0.0,0.07500000000000001,0,0.870000000000001,0,0,2
355,0.1,0,0,1142.4333333333334,25.517500000000002,0.0,0.07,0,0.8099999999999987,0,0,1
355,0.111538461538,0,0,1142.95,25.517500000000002,0.0,0.075,0,0.8099999999999987,0,0,2
355,0.119230769231,0,0,1143.4666666666667,25.4875,0.0,0.07,0,0.8100000000000023,0,0,1
350,0.0769230769231,0,0,1143.9666666666667,25.5025,0.0,0.07250000000000001,0,0.870000000000001,0,0,1
350,0.0846153846154,0,0,1144.4833333333333,25.5025,0.0,0.065,0,0.870000000000001,0,0,0
350,0.0961538461538,0,0,1145.0,25.517500000000002,0.0,0.07250000000000001,0,0.9299999999999997,0,0,1
350,0.0615384615385,0,0,1145.5,25.517500000000002,0.0,0.07250000000000001,0,0.9299999999999997,0,0,1
350,0.0269230769231,0,0,1146.0166666666667,25.5025,0.0,0.07250000000000001,0,0.870000000000001,0,0,1
350,-0.00769230769231,0,0,1146.5166666666667,25.5025,0.0,0.07250000000000001,0,0.870000000000001,0,0,1
350,-0.0423076923077,0,0,1147.0333333333333,25.5025,0.0,0.0675,0,0.870000000000001,0,0,1
350,-0.0269230769231,0,0,1147.55,25.517500000000002,0.0,0.07,0,0.8099999999999987,0,0,1
355,0.0384615384615,0,0,1148.5666666666666,25.517500000000002,0.0,0.07250000000000001,0,0.9299999999999997,0,0,1
350,0.00769230769231,0,0,1149.0833333333333,25.517500000000002,0.0,0.07250000000000001,0,0.9299999999999997,0,0,1
355,0.0230769230769,0,0,1149.5833333333333,25.532500000000002,0.0,0.07,0,0.8699999999999974,0,0,1
355,0.0346153846154,0,0,1150.1,25.5025,0.0,0.07250000000000001,0,0.870000000000001,0,0,1
355,0.0423076923077,0,0,1150.6166666666666,25.517500000000002,0.0,0.07250000000000001,0,0.9299999999999997,0,0,1
355,0.0461538461538,0,0,1151.1166666666666,25.517500000000002,0.0,0.0725,0,0.8099999999999987,0,0,1
350,1.23168185923e-17,0,0,1151.6333333333334,25.532500000000002,0.0,0.07250000000000001,0,0.8699999999999974,0,0,1
350,-0.0461538461538,0,0,1152.1333333333334,25.517500000000002,0.0,0.07250000000000001,0,0.9299999999999997,0,0,1
355,-0.0461538461538,0,0,1152.65,25.517500000000002,0.0,0.07,0,0.9299999999999997,0,0,1
350,-0.0461538461538,0,0,1153.1666666666667,25.5025,0.0,0.0725,0,0.870000000000001,0,0,1
350,-0.0423076923077,0,0,1153.6666666666667,25.517500000000002,0.0,0.07250000000000001,0,0.9299999999999997,0,0,1
350,-0.0846153846154,0,0,1154.1833333333334,25.517500000000002,0.0,0.07,0,0.9299999999999997,0,0,1
350,-0.0769230769231,0,0,1154.7,25.517500000000002,0.0,0.07250000000000001,0,0.9299999999999997,0,0,1
355,-0.0192307692308,0,0,1155.2,25.5025,0.0,0.07,0,0.870000000000001,0,0,1
350,-0.00769230769231,0,0,1155.7166666666667,25.5025,0.0,0.07,0,0.870000000000001,0,0,1
355,0.0538461538462,0,0,1156.7333333333333,25.517500000000002,0.0,0.07,0,0.9299999999999997,0,0,1
355,0.115384615385,0,0,1157.25,25.517500000000002,0.0,0.07,0,0.8099999999999987,0,0,1
355,0.126923076923,0,0,1157.75,25.517500000000002,0.0,0.08,0,0.8099999999999987,0,0,2
355,0.134615384615,0,0,1158.2666666666667,25.5025,0.0,0.0775,0,0.870000000000001,0,0,2
355,0.138461538462,0,0,1158.7833333333333,25.5025,0.0,0.07250000000000001,0,0.870000000000001,0,0,1
355,0.138461538462,0,0,1159.2833333333333,25.5025,0.0,0.07250000000000001,0,0.870000000000001,0,0,1
350,0.0884615384615,0,0,1159.8,25.5025,0.0,0.07250000000000001,0,0.870000000000001,0,0,1
355,0.0846153846154,0,0,1160.3166666666666,25.5025,0.0,0.07250000000000001,0,0.870000000000001,0,0,1
355,0.0769230769231,0,0,1160.8166666666666,25.5025,0.0,0.07,0,0.870000000000001,0,0,1
355,0.0653846153846,0,0,1161.3333333333333,25.517500000000002,0.0,0.07250000000000001,0,0.9299999999999997,0,0,1
355,0.1,0,0,1161.8333333333333,25.517500000000002,0.0,0.07500000000000001,0,0.8099999999999987,0,0,2
355,0.0846153846154,0,0,1162.35,25.532500000000002,0.0,0.07250000000000001,0,0.8699999999999974,0,0,1
350,0.0692307692308,0,0,1162.8666666666666,25.5025,0.0,0.07250000000000001,0,0.870000000000001,0,0,1
350,0.0576923076923,0,0,1163.3666666666666,25.5025,0.0,0.07250000000000001,0,0.870000000000001,0,0,1
350,0.05,0,0,1163.8833333333334,25.5025,0.0,0.0675,0,0.870000000000001,0,0,1
350,0.0461538461538,0,0,1164.4,25.5175,0.0,0.07,0,0.870000000000001,0,0,1
350,-0.00384615384615,0,0,1164.9,25.5025,0.0,0.07,0,0.870000000000001,0,0,1
355,-0.00769230769231,0,0,1165.4166666666667,25.5025,0.0,0.07,0,0.870000000000001,0,0,1
355,0.0346153846154,0,0,1165.9333333333334,25.5325,0.0,0.07,0,0.9299999999999997,0,0,1
355,0.0269230769231,0,0,1166.4333333333334,25.517500000000002,0.0,0.0625,0,0.9299999999999997,0,0,0
350,-0.0307692307692,0,0,1166.95,25.517500000000002,0.0,0.08,0,0.9299999999999997,0,0,2
355,-0.0423076923077,0,0,1167.45,25.5025,0.0,0.0675,0,0.870000000000001,0,0,1
355,-0.0576923076923,0,0,1167.9666666666667,25.5175,0.0,0.07250000000000001,0,0.870000000000001,0,0,1
355,-0.0269230769231,0,0,1168.4833333333333,25.5025,0.0,0.07500000000000001,0,0.870000000000001,0,0,2
355,-0.0461538461538,0,0,1168.9833333333333,25.5025,0.0,0.0725,0,0.870000000000001,0,0,1
350,-0.0653846153846,0,0,1169.5,25.5175,0.0,0.07250000000000001,0,0.870000000000001,0,0,1
350,-0.0807692307692,0,0,1170.0166666666667,25.5025,0.0,0.07250000000000001,0,0.870000000000001,0,0,1
350,-0.0923076923077,0,0,1170.5166666666667,25.5025,0.0,0.07,0,0.870000000000001,0,0,1
355,-0.0538461538462,0,0,1171.0333333333333,25.517500000000002,0.0,0.0725,0,0.9299999999999997,0,0,1
350,-0.0615384615385,0,0,1171.55,25.5025,0.0,0.0725,0,0.870000000000001,0,0,1
355,-0.0192307692308,0,0,1172.05,25.5025,0.0,0.07,0,0.870000000000001,0,0,1
350,-0.0730769230769,0,0,1172.5666666666666,25.517500000000002,0.0,0.07,0,0.8099999999999987,0,0,1
355,-0.0307692307692,0,0,1173.0666666666666,25.5025,0.0,0.0675,0,0.870000000000001,0,0,1
350,-0.0346153846154,0,0,1173.5833333333333,25.5025,0.0,0.07,0,0.870000000000001,0,0,1
350,-0.0346153846154,0,0,1174.1,25.5025,0.0,0.07,0,0.870000000000001,0,0,1
350,-0.0307692307692,0,0,1174.6,25.5025,0.0,0.07250000000000001,0,0.870000000000001,0,0,1
350,-0.0230769230769,0,0,1175.1166666666666,25.517500000000002,0.0,0.0675,0,0.8099999999999987,0,0,1
350,-0.0615384615385,0,0,1175.6333333333334,25.517500000000002,0.0,0.07,0,0.8099999999999987,0,0,1
355,-0.0538461538462,0,0,1176.1333333333334,25.517500000000002,0.0,0.07,0,0.9299999999999997,0,0,1
350,-0.0961538461538,0,0,1176.65,25.532500000000002,0.0,0.07,0,0.8699999999999974,0,0,1
350,-0.138461538462,0,0,1177.1666666666667,25.517500000000002,0.0,0.07,0,0.9299999999999997,0,0,1
350,-0.180769230769,0,0,1177.6666666666667,25.5025,0.0,0.0775,0,0.870000000000001,0,0,2
350,-0.173076923077,0,0,1178.1833333333334,25.5025,0.0,0.075,0,0.870000000000001,0,0,2
350,-0.161538461538,0,0,1178.6833333333334,25.517500000000002,0.0,0.0675,0,0.8099999999999987,0,0,1
350,-0.146153846154,0,0,1179.2,25.4875,0.0,0.07250000000000001,0,0.8100000000000023,0,0,1
350,-0.176923076923,0,0,1179.7166666666667,25.4875,0.0,0.07250000000000001,0,0.8100000000000023,0,0,1
350,-0.157692307692,0,0,1180.2166666666667,25.4875,0.0,0.07250000000000001,0,0.8100000000000023,0,0,1
355,-0.0884615384615,0,0,1180.7333333333333,25.4875,0.0,0.075,0,0.8100000000000023,0,0,2
355,-0.0192307692308,0,0,1181.25,25.502499999999998,0.0,0.07250000000000001,0,0.8100000000000023,0,0,1
355,0.05,0,0,1181.75,25.4875,0.0,0.07,0,0.8100000000000023,0,0,1
355,0.0692307692308,0,0,1182.2666666666667,25.5175,0.0,0.07500000000000001,0,0.870000000000001,0,0,2
350,0.0384615384615,0,0,1182.7833333333333,25.5025,0.0,0.075,0,0.870000000000001,0,0,2
355,0.0538461538462,0,0,1183.2833333333333,25.5325,0.0,0.07250000000000001,0,0.9299999999999997,0,0,1
355,0.115384615385,0,0,1183.8,25.5325,0.0,0.07500000000000001,0,0.870000000000001,0,0,2
355,0.126923076923,0,0,1184.8166666666666,25.5175,0.0,0.07500000000000001,0,0.870000000000001,0,0,2
350,0.138461538462,0,0,1185.3333333333333,25.5325,0.0,0.07250000000000001,0,0.9299999999999997,0,0,1
355,0.15,0,0,1185.8333333333333,25.5175,0.0,0.07250000000000001,0,0.870000000000001,0,0,1
350,0.161538461538,0,0,1186.35,25.5025,0.0,0.07250000000000001,0,0.870000000000001,0,0,1
350,0.126923076923,0,0,1186.8666666666666,25.5025,0.0,0.07500000000000001,0,0.870000000000001,0,0,2
350,0.0923076923077,0,0,1187.3666666666666,25.5025,0.0,0.075,0,0.870000000000001,0,0,2
350,0.0576923076923,0,0,1187.8833333333334,25.5025,0.0,0.07250000000000001,0,0.870000000000001,0,0,1
350,0.0230769230769,0,0,1188.4,25.5025,0.0,0.07,0,0.870000000000001,0,0,1
355,0.0346153846154,0,0,1188.9,25.5025,0.0,0.07250000000000001,0,0.870000000000001,0,0,1
355,0.0923076923077,0,0,1189.4166666666667,25.517500000000002,0.0,0.07250000000000001,0,0.9299999999999997,0,0,1
355,0.1,0,0,1189.9166666666667,25.517500000000002,0.0,0.07250000000000001,0,0.9299999999999997,0,0,1
355,0.103846153846,0,0,1190.4333333333334,25.5025,0.0,0.07,0,0.870000000000001,0,0,1
355,0.103846153846,0,0,1190.95,25.5025,0.0,0.07,0,0.870000000000001,0,0,1
355,0.1,0,0,1191.45,25.5025,0.0,0.075,0,0.870000000000001,0,0,2
355,0.0923076923077,0,0,1191.9666666666667,25.5025,0.0,0.07,0,0.75,0,0,1
350,0.0346153846154,0,0,1192.4833333333333,25.4875,0.0,0.07,0,0.8100000000000023,0,0,1
350,-0.0230769230769,0,0,1192.9833333333333,25.4875,0.0,0.07,0,0.8100000000000023,0,0,1
350,-0.0807692307692,0,0,1193.5,25.4875,0.0,0.0775,0,0.8100000000000023,0,0,2
350,-0.0884615384615,0,0,1194.0166666666667,25.4875,0.0,0.07,0,0.8100000000000023,0,0,1
350,-0.0923076923077,0,0,1194.5166666666667,25.4875,0.0,0.0675,0,0.8100000000000023,0,0,1
350,-0.0923076923077,0,0,1195.0333333333333,25.5025,0.0,0.07250000000000001,0,0.870000000000001,0,0,1
355,-0.0423076923077,0,0,1196.05,25.4875,0.0,0.07500000000000001,0,0.8100000000000023,0,0,2
355,-0.0423076923077,0,0,1196.5666666666666,25.517500000000002,0.0,0.07,0,0.9299999999999997,0,0,1
350,-0.0423076923077,0,0,1197.0666666666666,25.517500000000002,0.0,0.07250000000000001,0,0.9299999999999997,0,0,1
350,-0.0384615384615,0,0,1197.5833333333333,25.5025,0.0,0.07250000000000001,0,0.870000000000001,0,0,1
350,-0.0307692307692,0,0,1198.1,25.5025,0.0,0.075,0,0.870000000000001,0,0,2
350,-0.0692307692308,0,0,1198.6,25.5175,0.0,0.075,0,0.870000000000001,0,0,2
355,-0.0115384615385,0,0,1199.1166666666666,25.5025,0.0,0.07500000000000001,0,0.870000000000001,0,0,2
350,-0.05,0,0,1199.6166666666666,25.4875,0.0,0.07,0,0.8100000000000023,0,0,1
350,-0.0884615384615,0,0,1200.1333333333334,25.4875,0.0,0.07250000000000001,0,0.8100000000000023,0,0,1
350,-0.126923076923,0,0,1200.65,25.5025,0.0,0.07,0,0.870000000000001,0,0,1
350,-0.165384615385,0,0,1201.15,25.5175,0.0,0.0675,0,0.870000000000001,0,0,1
350,-0.203846153846,0,0,1201.6666666666667,25.5025,0.0,0.07250000000000001,0,0.870000000000001,0,0,1
350,-0.192307692308,0,0,1202.1833333333334,25.5325,0.0,0.07,0,0.870000000000001,0,0,1
350,-0.176923076923,0,0,1203.2,25.5025,0.0,0.07250000000000001,0,0.870000000000001,0,0,1
350,-0.157692307692,0,0,1203.7166666666667,25.5025,0.0,0.0775,0,0.870000000000001,0,0,2
350,-0.134615384615,0,0,1204.2166666666667,25.517500000000002,0.0,0.07500000000000001,0,0.9299999999999997,0,0,2
355,-0.0615384615385,0,0,1204.7333333333333,25.5025,0.0,0.07250000000000001,0,0.870000000000001,0,0,1
355,0.0115384615385,0,0,1205.2333333333333,25.5325,0.0,0.075,0,0.9299999999999997,0,0,2
355,0.0846153846154,0,0,1205.75,25.5025,0.0,0.07250000000000001,0,0.870000000000001,0,0,1
355,0.107692307692,0,0,1206.2666666666667,25.5025,0.0,0.075,0,0.870000000000001,0,0,2
355,0.126923076923,0,0,1206.7666666666667,25.4875,0.0,0.07250000000000001,0,0.8100000000000023,0,0,1
350,0.0961538461538,0,0,1207.2833333333333,25.502499999999998,0.0,0.065,0,0.8100000000000023,0,0,0
350,0.0653846153846,0,0,1207.8,25.485,0.0,0.07,0,0.9400000000000013,0,0,1
350,0.0346153846154,0,0,1208.3,25.5025,0.0,0.07250000000000001,0,0.870000000000001,0,0,1
355,0.05,0,0,1208.8166666666666,25.5025,0.0,0.07,0,0.870000000000001,0,0,1
350,0.0653846153846,0,0,1209.3333333333333,25.5025,0.0,0.07500000000000001,0,0.870000000000001,0,0,2
350,0.0846153846154,0,0,1209.8333333333333,25.515,0.0,0.0675,0,1.0,0,0,1
350,0.0576923076923,0,0,1210.35,25.5175,0.0,0.07,0,0.870000000000001,0,0,1
355,0.0769230769231,0,0,1210.85,25.5175,0.0,0.07250000000000001,0,0.870000000000001,0,0,1
355,0.0923076923077,0,0,1211.3666666666666,25.5,0.0,0.07250000000000001,0,0.9400000000000013,0,0,1
355,0.103846153846,0,0,1211.8833333333334,25.5,0.0,0.07,0,0.9400000000000013,0,0,1
355,0.161538461538,0,0,1212.3833333333334,25.5175,0.0,0.0775,0,0.870000000000001,0,0,2
355,0.169230769231,0,0,1212.9,25.485,0.0,0.0675,0,0.9400000000000013,0,0,1
350,0.126923076923,0,0,1213.4166666666667,25.5025,0.0,0.0725,0,0.870000000000001,0,0,1
350,0.0846153846154,0,0,1213.9166666666667,25.5175,0.0,0.0675,0,0.870000000000001,0,0,1
350,0.0423076923077,0,0,1214.4333333333334,25.517500000000002,0.0,0.075,0,0.9299999999999997,0,0,2
350,-1.23168185923e-17,0,0,1214.95,25.485,0.0,0.07,0,0.9400000000000013,0,0,1
350,-0.0423076923077,0,0,1215.45,25.5025,0.0,0.07250000000000001,0,0.870000000000001,0,0,1
350,-0.0846153846154,0,0,1215.9666666666667,25.485,0.0,0.07250000000000001,0,0.9400000000000013,0,0,1
350,-0.126923076923,0,0,1216.4666666666667,25.5325,0.0,0.0725,0,0.9299999999999997,0,0,1
350,-0.169230769231,0,0,1216.9833333333333,25.485,0.0,0.07,0,0.9400000000000013,0,0,1
350,-0.161538461538,0,0,1217.5,25.485,0.0,0.07,0,0.9400000000000013,0,0,1
355,-0.103846153846,0,0,1218.0,25.485,0.0,0.07,0,0.9400000000000013,0,0,1
355,-0.0461538461538,0,0,1218.5166666666667,25.485,0.0,0.075,0,0.8800000000000026,0,0,2
350,-0.0346153846154,0,0,1219.0333333333333,25.485,0.0,0.0675,0,0.8800000000000026,0,0,1
355,0.0269230769231,0,0,1219.5333333333333,25.4875,0.0,0.07250000000000001,0,0.8100000000000023,0,0,1
350,-0.00769230769231,0,0,1220.05,25.485,0.0,0.0675,0,0.8800000000000026,0,0,1
355,0.00384615384615,0,0,1220.5666666666666,25.4725,0.0,0.07,0,0.75,0,0,1
355,0.0115384615385,0,0,1221.0666666666666,25.502499999999998,0.0,0.07,0,0.8100000000000023,0,0,1
355,0.0653846153846,0,0,1221.5833333333333,25.47,0.0,0.07,0,0.8800000000000026,0,0,1
355,0.0692307692308,0,0,1222.0833333333333,25.47,0.0,0.07500000000000001,0,0.8200000000000003,0,0,2
350,0.0230769230769,0,0,1222.6,25.455,0.0,0.0675,0,0.8200000000000003,0,0,1
350,-0.0230769230769,0,0,1223.1166666666666,25.485,0.0,0.07,0,0.8800000000000026,0,0,1
350,-0.0192307692308,0,0,1223.6166666666666,25.5025,0.0,0.0675,0,0.870000000000001,0,0,1
350,-0.0115384615385,0,0,1224.1333333333334,25.485,0.0,0.075,0,0.9400000000000013,0,0,2
350,0.0,0,0,1224.65,25.485,0.0,0.07500000000000001,0,0.8800000000000026,0,0,2
350,0.0153846153846,0,0,1225.15,25.5025,0.0,0.07,0,0.870000000000001,0,0,1
350,0.0346153846154,0,0,1225.6666666666667,25.5025,0.0,0.07500000000000001,0,0.870000000000001,0,0,2
350,0.00769230769231,0,0,1226.1833333333334,25.5025,0.0,0.07,0,0.870000000000001,0,0,1
350,-0.0192307692308,0,0,1226.6833333333334,25.485,0.0,0.07,0,0.8800000000000026,0,0,1
350,-0.0461538461538,0,0,1227.2,25.5025,0.0,0.07,0,0.870000000000001,0,0,1
350,-0.0730769230769,0,0,1227.7,25.485,0.0,0.065,0,0.9400000000000013,0,0,0
355,-0.0538461538462,0,0,1228.2166666666667,25.485,0.0,0.07,0,0.8800000000000026,0,0,1
355,-0.0384615384615,0,0,1228.7333333333333,25.4875,0.0,0.07250000000000001,0,0.8100000000000023,0,0,1
350,-0.0730769230769,0,0,1229.2333333333333,25.4875,0.0,0.0725,0,0.8100000000000023,0,0,1
350,-0.107692307692,0,0,1229.75,25.502499999999998,0.0,0.07,0,0.8100000000000023,0,0,1
355,-0.0961538461538,0,0,1230.2666666666667,25.4875,0.0,0.0675,0,0.8100000000000023,0,0,1
355,-0.0384615384615,0,0,1230.7666666666667,25.4875,0.0,0.075,0,0.8100000000000023,0,0,2
355,0.0192307692308,0,0,1231.2833333333333,25.4875,0.0,0.07,0,0.8100000000000023,0,0,1
355,0.0269230769231,0,0,1231.8,25.455,0.0,0.07250000000000001,0,0.8200000000000003,0,0,1
355,0.0807692307692,0,0,1232.3,25.47,0.0,0.07500000000000001,0,0.8800000000000026,0,0,2
355,0.0846153846154,0,0,1232.8166666666666,25.47,0.0,0.07,0,0.8800000000000026,0,0,1
355,0.134615384615,0,0,1233.3166666666666,25.4875,0.0,0.07500000000000001,0,0.8100000000000023,0,0,2
350,0.138461538462,0,0,1233.8333333333333,25.502499999999998,0.0,0.07250000000000001,0,0.8100000000000023,0,0,1
350,0.146153846154,0,0,1234.35,25.4875,0.0,0.07250000000000001,0,0.8100000000000023,0,0,1
355,0.203846153846,0,0,1234.85,25.485,0.0,0.07,0,0.8800000000000026,0,0,1
355,0.211538461538,0,0,1235.3666666666666,25.4875,0.0,0.07,0,0.8100000000000023,0,0,1
355,0.215384615385,0,0,1235.8833333333334,25.5025,0.0,0.0775,0,0.870000000000001,0,0,2
355,0.215384615385,0,0,1236.3833333333334,25.4875,0.0,0.07,0,0.8100000000000023,0,0,1
355,0.211538461538,0,0,1236.9,25.5175,0.0,0.0675,0,0.870000000000001,0,0,1
355,0.203846153846,0,0,1237.4,25.5025,0.0,0.0675,0,0.870000000000001,0,0,1
355,0.192307692308,0,0,1237.9166666666667,25.485,0.0,0.07,0,0.9400000000000013,0,0,1
355,0.176923076923,0,0,1238.4333333333334,25.47,0.0,0.07,0,0.8800000000000026,0,0,1
355,0.157692307692,0,0,1238.9333333333334,25.485,0.0,0.065,0,0.9400000000000013,0,0,0
355,0.134615384615,0,0,1239.45,25.485,0.0,0.07,0,0.9400000000000013,0,0,1
355,0.107692307692,0,0,1239.9666666666667,25.485,0.0,0.07,0,0.8800000000000026,0,0,1
355,0.0769230769231,0,0,1240.4666666666667,25.4875,0.0,0.0675,0,0.8100000000000023,0,0,1
355,0.0923076923077,0,0,1240.9833333333333,25.485,0.0,0.0675,0,0.8800000000000026,0,0,1
355,0.107692307692,0,0,1241.5,25.485,0.0,0.07250000000000001,0,0.9400000000000013,0,0,1
355,0.0730769230769,0,0,1242.0,25.485,0.0,0.0675,0,0.9400000000000013,0,0,1
355,0.0346153846154,0,0,1242.5166666666667,25.485,0.0,0.07,0,0.9400000000000013,0,0,1
355,0.0423076923077,0,0,1243.0166666666667,25.485,0.0,0.07250000000000001,0,0.8800000000000026,0,0,1
355,0.05,0,0,1243.5333333333333,25.5,0.0,0.07250000000000001,0,1.0,0,0,1
355,0.0576923076923,0,0,1244.05,25.4725,0.0,0.07,0,0.8100000000000023,0,0,1
355,0.0653846153846,0,0,1244.55,25.47,0.0,0.07250000000000001,0,0.8800000000000026,0,0,1
355,0.0730769230769,0,0,1245.0666666666666,25.4875,0.0,0.07,0,0.8100000000000023,0,0,1
355,0.0807692307692,0,0,1245.5833333333333,25.5025,0.0,0.07,0,0.870000000000001,0,0,1
350,0.0423076923077,0,0,1246.0833333333333,25.47,0.0,0.07,0,0.8800000000000026,0,0,1
355,0.00384615384615,0,0,1246.6,25.4875,0.0,0.07,0,0.8100000000000023,0,0,1
350,-0.0846153846154,0,0,1247.1166666666666,25.47,0.0,0.07250000000000001,0,0.8800000000000026,0,0,1
355,-0.0769230769231,0,0,1247.6166666666666,25.4875,0.0,0.0725,0,0.870000000000001,0,0,1
355,-0.0692307692308,0,0,1248.1333333333334,25.47,0.0,0.07250000000000001,0,0.8800000000000026,0,0,1
355,-0.0615384615385,0,0,1248.6333333333334,25.485,0.0,0.07250000000000001,0,0.9400000000000013,0,0,1
350,-0.1,0,0,1249.15,25.5025,0.0,0.07250000000000001,0,0.870000000000001,0,0,1
350,-0.134615384615,0,0,1249.6666666666667,25.47,0.0,0.07250000000000001,0,0.8800000000000026,0,0,1
350,-0.165384615385,0,0,1250.1666666666667,25.455,0.0,0.07250000000000001,0,0.8800000000000026,0,0,1
355,-0.146153846154,0,0,1250.6833333333334,25.485,0.0,0.07250000000000001,0,0.9400000000000013,0,0,1
355,-0.126923076923,0,0,1251.2,25.455,0.0,0.07250000000000001,0,0.8800000000000026,0,0,1
355,-0.107692307692,0,0,1251.7,25.47,0.0,0.07,0,0.8800000000000026,0,0,1
355,-0.0884615384615,0,0,1252.2166666666667,25.47,0.0,0.07,0,0.8800000000000026,0,0,1
355,-0.0692307692308,0,0,1252.7333333333333,25.47,0.0,0.07,0,0.8800000000000026,0,0,1
350,-0.0961538461538,0,0,1253.2333333333333,25.47,0.0,0.0675,0,0.8800000000000026,0,0,1
350,-0.119230769231,0,0,1253.75,25.47,0.0,0.07250000000000001,0,0.8800000000000026,0,0,1
350,-0.138461538462,0,0,1254.25,25.47,0.0,0.07250000000000001,0,0.8800000000000026,0,0,1
355,-0.107692307692,0,0,1254.7666666666667,25.455,0.0,0.07500000000000001,0,0.8200000000000003,0,0,2
350,-0.123076923077,0,0,1255.2833333333333,25.4875,0.0,0.07750000000000001,0,0.8100000000000023,0,0,2
350,-0.134615384615,0,0,1255.7833333333333,25.47,0.0,0.07,0,0.9400000000000013,0,0,1
350,-0.142307692308,0,0,1256.3,25.485,0.0,0.07750000000000001,0,0.8800000000000026,0,0,2
355,-0.1,0,0,1256.8166666666666,25.455,0.0,0.07250000000000001,0,0.8200000000000003,0,0,1
350,-0.103846153846,0,0,1257.3166666666666,25.4875,0.0,0.07,0,0.8100000000000023,0,0,1
355,-0.0576923076923,0,0,1257.8333333333333,25.47,0.0,0.0725,0,0.8800000000000026,0,0,1
350,-0.0576923076923,0,0,1258.35,25.47,0.0,0.0725,0,0.8800000000000026,0,0,1
350,-0.103846153846,0,0,1259.3666666666666,25.47,0.0,0.07250000000000001,0,0.9400000000000013,0,0,1
350,-0.1,0,0,1259.8666666666666,25.4725,0.0,0.07500000000000001,0,0.8100000000000023,0,0,2
355,-0.0961538461538,0,0,1260.3833333333334,25.485,0.0,0.0725,0,0.9400000000000013,0,0,1
350,-0.0923076923077,0,0,1260.9,25.455,0.0,0.07500000000000001,0,0.8800000000000026,0,0,2
350,-0.0846153846154,0,0,1261.4,25.47,0.0,0.07750000000000001,0,0.9400000000000013,0,0,2
350,-0.0730769230769,0,0,1261.9166666666667,25.455,0.0,0.07500000000000001,0,0.8800000000000026,0,0,2
355,-0.0615384615385,0,0,1262.4333333333334,25.47,0.0,0.0675,0,0.8800000000000026,0,0,1
350,-0.1,0,0,1262.9333333333334,25.455,0.0,0.07250000000000001,0,0.8800000000000026,0,0,1
355,-0.0923076923077,0,0,1263.45,25.455,0.0,0.07250000000000001,0,0.8800000000000026,0,0,1
355,-0.0384615384615,0,0,1263.9666666666667,25.439999999999998,0.0,0.07250000000000001,0,0.8200000000000003,0,0,1
355,0.0153846153846,0,0,1264.4666666666667,25.47,0.0,0.07250000000000001,0,0.8800000000000026,0,0,1
355,0.0692307692308,0,0,1264.9833333333333,25.47,0.0,0.07250000000000001,0,0.8800000000000026,0,0,1
355,0.123076923077,0,0,1265.4833333333333,25.4725,0.0,0.07,0,0.75,0,0,1
350,0.130769230769,0,0,1266.0,25.455,0.0,0.075,0,0.8200000000000003,0,0,2
355,0.138461538462,0,0,1266.5166666666667,25.4875,0.0,0.07,0,0.8100000000000023,0,0,1
355,0.142307692308,0,0,1267.0166666666667,25.4575,0.0,0.07,0,0.75,0,0,1
355,0.142307692308,0,0,1267.5333333333333,25.5025,0.0,0.0675,0,0.870000000000001,0,0,1
355,0.188461538462,0,0,1268.05,25.5025,0.0,0.07,0,0.870000000000001,0,0,1
350,0.138461538462,0,0,1268.55,25.5025,0.0,0.07,0,0.870000000000001,0,0,1
355,0.134615384615,0,0,1269.0666666666666,25.47,0.0,0.07500000000000001,0,0.8800000000000026,0,0,2
355,0.126923076923,0,0,1269.5833333333333,25.485,0.0,0.07250000000000001,0,0.9400000000000013,0,0,1
355,0.165384615385,0,0,1270.0833333333333,25.455,0.0,0.07250000000000001,0,0.8800000000000026,0,0,1
355,0.153846153846,0,0,1270.6,25.455,0.0,0.07500000000000001,0,0.8800000000000026,0,0,2
355,0.188461538462,0,0,1271.1,25.455,0.0,0.07250000000000001,0,0.8800000000000026,0,0,1
355,0.173076923077,0,0,1271.6166666666666,25.455,0.0,0.07250000000000001,0,0.8800000000000026,0,0,1
355,0.153846153846,0,0,1272.1333333333334,25.439999999999998,0.0,0.07250000000000001,0,0.8200000000000003,0,0,1
355,0.130769230769,0,0,1272.6333333333334,25.439999999999998,0.0,0.0775,0,0.8200000000000003,0,0,2
350,0.107692307692,0,0,1273.15,25.455,0.0,0.07750000000000001,0,0.8200000000000003,0,0,2
355,0.0846153846154,0,0,1273.6666666666667,25.4375,0.0,0.07750000000000001,0,0.75,0,0,2
355,0.0576923076923,0,0,1274.1666666666667,25.455,0.0,0.0675,0,0.8200000000000003,0,0,1
350,-0.0192307692308,0,0,1274.6833333333334,25.439999999999998,0.0,0.07,0,0.8200000000000003,0,0,1
355,0.0,0,0,1275.1833333333334,25.439999999999998,0.0,0.07,0,0.8200000000000003,0,0,1
355,-0.0307692307692,0,0,1275.7,25.439999999999998,0.0,0.07500000000000001,0,0.8200000000000003,0,0,2
355,-0.0153846153846,0,0,1276.2166666666667,25.439999999999998,0.0,0.0675,0,0.8200000000000003,0,0,1
355,3.0792046480700003e-18,0,0,1276.7166666666667,25.439999999999998,0.0,0.07,0,0.8200000000000003,0,0,1
355,0.0153846153846,0,0,1277.2333333333333,25.455,0.0,0.07250000000000001,0,0.8800000000000026,0,0,1
355,0.0307692307692,0,0,1277.75,25.439999999999998,0.0,0.07500000000000001,0,0.8200000000000003,0,0,2
355,0.0461538461538,0,0,1278.25,25.4225,0.0,0.0675,0,0.75,0,0,1
355,0.0115384615385,0,0,1278.7666666666667,25.4225,0.0,0.07250000000000001,0,0.75,0,0,1
355,0.0230769230769,0,0,1279.2833333333333,25.4225,0.0,0.07,0,0.75,0,0,1
350,-0.0115384615385,0,0,1279.7833333333333,25.439999999999998,0.0,0.07500000000000001,0,0.8200000000000003,0,0,2
355,0.00384615384615,0,0,1280.3,25.439999999999998,0.0,0.07,0,0.8200000000000003,0,0,1
355,0.0192307692308,0,0,1280.8,25.439999999999998,0.0,0.0675,0,0.8200000000000003,0,0,1
355,-0.0153846153846,0,0,1281.3166666666666,25.439999999999998,0.0,0.07250000000000001,0,0.8200000000000003,0,0,1
355,-0.00384615384615,0,0,1281.8333333333333,25.439999999999998,0.0,0.07500000000000001,0,0.8200000000000003,0,0,2
355,0.00769230769231,0,0,1282.3333333333333,25.455,0.0,0.07500000000000001,0,0.8800000000000026,0,0,2
350,-0.0269230769231,0,0,1282.85,25.455,0.0,0.0775,0,0.8800000000000026,0,0,2
350,-0.0576923076923,0,0,1283.3666666666666,25.4725,0.0,0.07250000000000001,0,0.8100000000000023,0,0,1
355,-0.0384615384615,0,0,1283.8666666666666,25.455,0.0,0.07500000000000001,0,0.8800000000000026,0,0,2
350,-0.0653846153846,0,0,1284.3833333333334,25.439999999999998,0.0,0.07250000000000001,0,0.8200000000000003,0,0,1
350,-0.0884615384615,0,0,1284.9,25.4575,0.0,0.07250000000000001,0,0.75,0,0,1
350,-0.107692307692,0,0,1285.4,25.47,0.0,0.07250000000000001,0,0.8800000000000026,0,0,1
350,-0.173076923077,0,0,1285.9166666666667,25.455,0.0,0.07,0,0.8800000000000026,0,0,1
350,-0.188461538462,0,0,1286.4166666666667,25.439999999999998,0.0,0.07,0,0.8200000000000003,0,0,1
355,-0.153846153846,0,0,1286.9333333333334,25.439999999999998,0.0,0.075,0,0.8200000000000003,0,0,2
355,-0.169230769231,0,0,1287.45,25.455,0.0,0.07250000000000001,0,0.8800000000000026,0,0,1
350,-0.184615384615,0,0,1287.95,25.439999999999998,0.0,0.07250000000000001,0,0.8200000000000003,0,0,1
350,-0.196153846154,0,0,1288.4666666666667,25.455,0.0,0.07250000000000001,0,0.8800000000000026,0,0,1
355,-0.157692307692,0,0,1288.9833333333333,25.439999999999998,0.0,0.07,0,0.8200000000000003,0,0,1
355,-0.119230769231,0,0,1289.4833333333333,25.439999999999998,0.0,0.07,0,0.8200000000000003,0,0,1
355,-0.0807692307692,0,0,1290.0,25.439999999999998,0.0,0.07750000000000001,0,0.8200000000000003,0,0,2
355,-0.0423076923077,0,0,1290.5166666666667,25.439999999999998,0.0,0.07250000000000001,0,0.8200000000000003,0,0,1
355,-0.00384615384615,0,0,1291.0166666666667,25.455,0.0,0.07250000000000001,0,0.8800000000000026,0,0,1
355,0.0346153846154,0,0,1291.5333333333333,25.455,0.0,0.075,0,0.8800000000000026,0,0,2
355,0.0730769230769,0,0,1292.0333333333333,25.439999999999998,0.0,0.07250000000000001,0,0.8200000000000003,0,0,1
355,0.0615384615385,0,0,1292.55,25.455,0.0,0.07,0,0.8800000000000026,0,0,1
355,0.0961538461538,0,0,1293.0666666666666,25.439999999999998,0.0,0.0675,0,0.8200000000000003,0,0,1
355,0.130769230769,0,0,1293.5666666666666,25.439999999999998,0.0,0.07250000000000001,0,0.8200000000000003,0,0,1
355,0.165384615385,0,0,1294.0833333333333,25.439999999999998,0.0,0.07,0,0.8200000000000003,0,0,1
355,0.2,0,0,1294.6,25.439999999999998,0.0,0.07250000000000001,0,0.8200000000000003,0,0,1
355,0.234615384615,0,0,1295.1,25.439999999999998,0.0,0.07,0,0.8200000000000003,0,0,1
355,0.219230769231,0,0,1295.6166666666666,25.455,0.0,0.07750000000000001,0,0.8800000000000026,0,0,2
355,0.2,0,0,1296.1333333333334,25.439999999999998,0.0,0.075,0,0.8200000000000003,0,0,2
355,0.226923076923,0,0,1296.6333333333334,25.439999999999998,0.0,0.07250000000000001,0,0.8200000000000003,0,0,1
355,0.203846153846,0,0,1297.15,25.439999999999998,0.0,0.07250000000000001,0,0.8200000000000003,0,0,1
355,0.176923076923,0,0,1297.65,25.439999999999998,0.0,0.07250000000000001,0,0.8200000000000003,0,0,1
355,0.146153846154,0,0,1298.1666666666667,25.4225,0.0,0.075,0,0.75,0,0,2
355,0.111538461538,0,0,1298.6833333333334,25.439999999999998,0.0,0.07250000000000001,0,0.8200000000000003,0,0,1
350,0.0269230769231,0,0,1299.1833333333334,25.439999999999998,0.0,0.07250000000000001,0,0.8200000000000003,0,0,1
355,0.0384615384615,0,0,1299.7,25.439999999999998,0.0,0.07250000000000001,0,0.8200000000000003,0,0,1
355,0.05,0,0,1300.2166666666667,25.439999999999998,0.0,0.07,0,0.8200000000000003,0,0,1
355,0.0115384615385,0,0,1300.7166666666667,25.4225,0.0,0.07250000000000001,0,0.75,0,0,1
355,-0.0307692307692,0,0,1301.2333333333333,25.439999999999998,0.0,0.07500000000000001,0,0.8200000000000003,0,0,2
355,-0.0269230769231,0,0,1301.75,25.455,0.0,0.07500000000000001,0,0.8800000000000026,0,0,2
355,-0.0230769230769,0,0,1302.25,25.455,0.0,0.0775,0,0.8800000000000026,0,0,2
355,-0.0192307692308,0,0,1302.7666666666667,25.455,0.0,0.07,0,0.8200000000000003,0,0,1
355,-0.0153846153846,0,0,1303.2666666666667,25.47,0.0,0.0725,0,0.8800000000000026,0,0,1
355,-0.0115384615385,0,0,1303.7833333333333,25.455,0.0,0.07500000000000001,0,0.8200000000000003,0,0,2
355,-0.00769230769231,0,0,1304.3,25.439999999999998,0.0,0.07250000000000001,0,0.8200000000000003,0,0,1
355,-0.00384615384615,0,0,1304.8,25.439999999999998,0.0,0.065,0,0.8200000000000003,0,0,0
355,7.69801162017e-19,0,0,1305.3166666666666,25.424999999999997,0.0,0.07250000000000001,0,0.879999999999999,0,0,1
355,0.00384615384615,0,0,1305.8333333333333,25.439999999999998,0.0,0.07250000000000001,0,0.8200000000000003,0,0,1
355,0.00769230769231,0,0,1306.3333333333333,25.439999999999998,0.0,0.065,0,0.8200000000000003,0,0,0
355,0.0115384615385,0,0,1306.85,25.439999999999998,0.0,0.07250000000000001,0,0.8200000000000003,0,0,1
355,0.0153846153846,0,0,1307.3666666666666,25.4225,0.0,0.07250000000000001,0,0.75,0,0,1
355,0.0192307692308,0,0,1307.8666666666666,25.439999999999998,0.0,0.07250000000000001,0,0.8200000000000003,0,0,1
355,0.0230769230769,0,0,1308.3833333333334,25.439999999999998,0.0,0.07250000000000001,0,0.8200000000000003,0,0,1
355,0.0269230769231,0,0,1308.8833333333334,25.439999999999998,0.0,0.07,0,0.8200000000000003,0,0,1
350,-0.0153846153846,0,0,1309.4,25.439999999999998,0.0,0.0725,0,0.8200000000000003,0,0,1
350,-0.0538461538462,0,0,1309.9166666666667,25.439999999999998,0.0,0.07250000000000001,0,0.8200000000000003,0,0,1
355,-0.0423076923077,0,0,1310.4166666666667,25.439999999999998,0.0,0.07,0,0.8200000000000003,0,0,1
355,-0.0307692307692,0,0,1310.9333333333334,25.439999999999998,0.0,0.07,0,0.8200000000000003,0,0,1
355,-0.0192307692308,0,0,1311.45,25.439999999999998,0.0,0.07250000000000001,0,0.8200000000000003,0,0,1
355,-0.0576923076923,0,0,1311.95,25.4225,0.0,0.075,0,0.75,0,0,2
355,-0.05,0,0,1312.4666666666667,25.4225,0.0,0.07250000000000001,0,0.75,0,0,1
355,-0.0423076923077,0,0,1312.9666666666667,25.439999999999998,0.0,0.07,0,0.8200000000000003,0,0,1
355,-0.0346153846154,0,0,1313.4833333333333,25.4225,0.0,0.07500000000000001,0,0.75,0,0,2
350,-0.0730769230769,0,0,1314.0,25.439999999999998,0.0,0.07500000000000001,0,0.8200000000000003,0,0,2
355,-0.0615384615385,0,0,1315.0166666666667,25.439999999999998,0.0,0.07250000000000001,0,0.8200000000000003,0,0,1
355,-0.05,0,0,1315.5333333333333,25.439999999999998,0.0,0.065,0,0.8200000000000003,0,0,0
355,-0.0384615384615,0,0,1316.0333333333333,25.439999999999998,0.0,0.07,0,0.8200000000000003,0,0,1
355,-0.0269230769231,0,0,1316.55,25.455,0.0,0.0675,0,0.8800000000000026,0,0,1
355,-0.0153846153846,0,0,1317.0666666666666,25.455,0.0,0.07,0,0.8800000000000026,0,0,1
355,-0.00384615384615,0,0,1317.5666666666666,25.439999999999998,0.0,0.07,0,0.8200000000000003,0,0,1
355,0.00769230769231,0,0,1318.0833333333333,25.439999999999998,0.0,0.07250000000000001,0,0.8200000000000003,0,0,1
355,0.0192307692308,0,0,1318.5833333333333,25.439999999999998,0.0,0.075,0,0.8200000000000003,0,0,2
355,0.0307692307692,0,0,1319.1,25.455,0.0,0.0725,0,0.8800000000000026,0,0,1
355,0.0423076923077,0,0,1319.6166666666666,25.439999999999998,0.0,0.07500000000000001,0,0.8200000000000003,0,0,2
355,0.0538461538462,0,0,1320.1166666666666,25.439999999999998,0.0,0.07250000000000001,0,0.8200000000000003,0,0,1
355,0.0653846153846,0,0,1320.6333333333334,25.439999999999998,0.0,0.0675,0,0.8200000000000003,0,0,1
355,0.0769230769231,0,0,1321.15,25.439999999999998,0.0,0.0675,0,0.8200000000000003,0,0,1
355,0.0884615384615,0,0,1321.65,25.4225,0.0,0.07250000000000001,0,0.75,0,0,1
350,0.0538461538462,0,0,1322.1666666666667,25.439999999999998,0.0,0.07250000000000001,0,0.8200000000000003,0,0,1
355,0.0192307692308,0,0,1322.6833333333334,25.439999999999998,0.0,0.07,0,0.8200000000000003,0,0,1
355,-0.0192307692308,0,0,1323.1833333333334,25.455,0.0,0.07,0,0.8800000000000026,0,0,1
355,-0.0115384615385,0,0,1323.7,25.439999999999998,0.0,0.07250000000000001,0,0.8200000000000003,0,0,1
350,-0.05,0,0,1324.2,25.439999999999998,0.0,0.07250000000000001,0,0.8200000000000003,0,0,1
350,-0.0846153846154,0,0,1324.7166666666667,25.4225,0.0,0.07,0,0.75,0,0,1
355,-0.0692307692308,0,0,1325.2333333333333,25.409999999999997,0.0,0.07250000000000001,0,0.879999999999999,0,0,1
355,-0.0538461538462,0,0,1325.7333333333333,25.4375,0.0,0.07500000000000001,0,0.75,0,0,2
355,-0.0384615384615,0,0,1326.25,25.439999999999998,0.0,0.07500000000000001,0,0.8200000000000003,0,0,2
355,-0.0230769230769,0,0,1326.7666666666667,25.439999999999998,0.0,0.07250000000000001,0,0.8200000000000003,0,0,1
355,-0.0576923076923,0,0,1327.2666666666667,25.439999999999998,0.0,0.07500000000000001,0,0.8200000000000003,0,0,2
355,-0.0461538461538,0,0,1327.7833333333333,25.455,0.0,0.07,0,0.8200000000000003,0,0,1
355,-0.0346153846154,0,0,1328.3,25.439999999999998,0.0,0.07250000000000001,0,0.8200000000000003,0,0,1
355,-0.0230769230769,0,0,1328.8,25.439999999999998,0.0,0.07250000000000001,0,0.8200000000000003,0,0,1
355,-0.0115384615385,0,0,1329.3166666666666,25.439999999999998,0.0,0.0875,0,0.8200000000000003,0,0,2
355,3.0792046480700003e-18,0,0,1329.8166666666666,25.4225,0.0,0.07500000000000001,0,0.75,0,0,2
355,0.0115384615385,0,0,1330.3333333333333,25.424999999999997,0.0,0.07,0,0.879999999999999,0,0,1
355,0.0230769230769,0,0,1330.85,25.4225,0.0,0.07250000000000001,0,0.75,0,0,1
355,0.0346153846154,0,0,1331.35,25.4225,0.0,0.07250000000000001,0,0.75,0,0,1
355,0.0461538461538,0,0,1331.8666666666666,25.4225,0.0,0.08499999999999999,0,0.75,0,0,2
355,0.0576923076923,0,0,1332.3833333333334,25.4225,0.0,0.11249999999999999,0,0.75,0,0,2
355,0.0692307692308,0,0,1332.8833333333334,25.4075,0.0,0.0975,0,0.75,0,0,2
355,0.0807692307692,0,0,1333.4,25.4225,0.0,0.0775,0,0.75,0,0,2
355,0.0923076923077,0,0,1333.9166666666667,25.439999999999998,0.0,0.11499999999999999,0,0.8200000000000003,0,0,2
355,0.103846153846,0,0,1334.4166666666667,25.439999999999998,0.0,0.07250000000000001,0,0.8200000000000003,0,0,1
355,0.0653846153846,0,0,1334.9333333333334,25.455,0.0,0.07250000000000001,0,0.8800000000000026,0,0,1
355,0.0730769230769,0,0,1335.4333333333334,25.439999999999998,0.0,0.07250000000000001,0,0.8200000000000003,0,0,1
355,0.0807692307692,0,0,1335.95,25.424999999999997,0.0,0.07250000000000001,0,0.8200000000000003,0,0,1
355,0.0884615384615,0,0,1336.4666666666667,25.424999999999997,0.0,0.07250000000000001,0,0.879999999999999,0,0,1
355,0.0461538461538,0,0,1336.9666666666667,25.409999999999997,0.0,0.07,0,0.879999999999999,0,0,1
355,0.0,0,0,1337.4833333333333,25.4075,0.0,0.07,0,0.75,0,0,1
355,0.0,0,0,1338.0,25.439999999999998,0.0,0.07,0,0.8200000000000003,0,0,1
355,0.0,0,0,1338.5,25.455,0.0,0.0675,0,0.8200000000000003,0,0,1
355,0.0,0,0,1339.0166666666667,25.439999999999998,0.0,0.07,0,0.8200000000000003,0,0,1
355,0.0,0,0,1339.5333333333333,25.439999999999998,0.0,0.07750000000000001,0,0.8200000000000003,0,0,2
355,0.0,0,0,1340.0333333333333,25.439999999999998,0.0,0.07,0,0.8200000000000003,0,0,1
355,0.0,0,0,1340.55,25.439999999999998,0.0,0.07,0,0.8200000000000003,0,0,1
355,0.0,0,0,1341.05,25.439999999999998,0.0,0.075,0,0.8200000000000003,0,0,2
355,0.0,0,0,1341.5666666666666,25.455,0.0,0.07250000000000001,0,0.8200000000000003,0,0,1
355,0.0,0,0,1342.0833333333333,25.409999999999997,0.0,0.0675,0,0.879999999999999,0,0,1
355,0.0,0,0,1342.5833333333333,25.455,0.0,0.07,0,0.8800000000000026,0,0,1
355,0.0,0,0,1343.1,25.439999999999998,0.0,0.07500000000000001,0,0.8200000000000003,0,0,2
355,0.0,0,0,1343.6166666666666,25.455,0.0,0.07250000000000001,0,0.8200000000000003,0,0,1
355,0.0,0,0,1344.1166666666666,25.439999999999998,0.0,0.07250000000000001,0,0.879999999999999,0,0,1
355,0.0,0,0,1344.6333333333334,25.439999999999998,0.0,0.07,0,0.8200000000000003,0,0,1
355,0.0,0,0,1345.15,25.455,0.0,0.07250000000000001,0,0.8200000000000003,0,0,1
355,0.0,0,0,1345.65,25.47,0.0,0.07500000000000001,0,0.8800000000000026,0,0,2
355,0.0,0,0,1346.1666666666667,25.47,0.0,0.07500000000000001,0,0.8800000000000026,0,0,2
355,0.0,0,0,1346.6666666666667,25.455,0.0,0.07250000000000001,0,0.8800000000000026,0,0,1
355,0.0,0,0,1347.1833333333334,25.485,0.0,0.07250000000000001,0,0.9400000000000013,0,0,1
355,0.0,0,0,1347.7,25.485,0.0,0.08,0,0.9400000000000013,0,0,2
355,0.0,0,0,1348.2,25.485,0.0,0.07250000000000001,0,0.9400000000000013,0,0,1
355,0.0,0,0,1348.7166666666667,25.47,0.0,0.0675,0,0.8800000000000026,0,0,1
355,0.0,0,0,1349.2333333333333,25.5,0.0,0.07500000000000001,0,1.0,0,0,2
355,0.0,0,0,1349.7333333333333,25.455,0.0,0.07250000000000001,0,0.9400000000000013,0,0,1
355,0.0,0,0,1350.25,25.47,0.0,0.0675,0,0.8800000000000026,0,0,1
355,0.0,0,0,1350.75,25.47,0.0,0.07250000000000001,0,0.8800000000000026,0,0,1
355,0.0,0,0,1351.2666666666667,25.47,0.0,0.07250000000000001,0,0.8800000000000026,0,0,1
355,0.0,0,0,1351.7833333333333,25.455,0.0,0.075,0,0.8800000000000026,0,0,2
355,0.0,0,0,1352.2833333333333,25.455,0.0,0.07250000000000001,0,0.8800000000000026,0,0,1
355,0.0,0,0,1352.8,25.439999999999998,0.0,0.07500000000000001,0,0.8200000000000003,0,0,2
355,0.0,0,0,1353.3166666666666,25.455,0.0,0.0775,0,0.8800000000000026,0,0,2
355,0.0,0,0,1353.8166666666666,25.455,0.0,0.07250000000000001,0,0.8200000000000003,0,0,1
355,0.0,0,0,1354.3333333333333,25.47,0.0,0.07250000000000001,0,0.8800000000000026,0,0,1
355,0.0,0,0,1354.85,25.485,0.0,0.07250000000000001,0,0.9400000000000013,0,0,1
355,0.0,0,0,1355.35,25.47,0.0,0.07250000000000001,0,0.8800000000000026,0,0,1
355,0.0,0,0,1355.8666666666666,25.47,0.0,0.075,0,0.8800000000000026,0,0,2
355,0.0,0,0,1356.3666666666666,25.455,0.0,0.07500000000000001,0,0.8800000000000026,0,0,2
355,0.0,0,0,1356.8833333333334,25.439999999999998,0.0,0.07,0,0.8200000000000003,0,0,1
355,0.0,0,0,1357.4,25.424999999999997,0.0,0.08,0,0.9400000000000013,0,0,2
355,0.0,0,0,1357.9,25.455,0.0,0.07500000000000001,0,0.8800000000000026,0,0,2
355,0.0,0,0,1358.4166666666667,25.47,0.0,0.0775,0,0.8800000000000026,0,0,2
355,0.0,0,0,1358.9333333333334,25.439999999999998,0.0,0.07500000000000001,0,0.8800000000000026,0,0,2
355,0.0,0,0,1359.4333333333334,25.47,0.0,0.0775,0,0.8800000000000026,0,0,2
355,0.0,0,0,1359.95,25.424999999999997,0.0,0.07500000000000001,0,0.8200000000000003,0,0,2
355,0.0,0,0,1360.4666666666667,25.424999999999997,0.0,0.07250000000000001,0,0.879999999999999,0,0,1
355,0.0,0,0,1360.9666666666667,25.455,0.0,0.0775,0,0.8200000000000003,0,0,2
355,0.0,0,0,1361.4833333333333,25.439999999999998,0.0,0.07,0,0.8200000000000003,0,0,1
355,0.0,0,0,1361.9833333333333,25.439999999999998,0.0,0.07250000000000001,0,0.8200000000000003,0,0,1
355,0.0,0,0,1362.5,25.455,0.0,0.07500000000000001,0,0.9400000000000013,0,0,2
355,0.0,0,0,1363.0166666666667,25.455,0.0,0.07,0,0.8800000000000026,0,0,1
355,0.0,0,0,1363.5166666666667,25.424999999999997,0.0,0.07500000000000001,0,0.8200000000000003,0,0,2
355,0.0,0,0,1364.0333333333333,25.439999999999998,0.0,0.07250000000000001,0,0.8200000000000003,0,0,1
355,0.0,0,0,1364.55,25.455,0.0,0.07,0,0.8200000000000003,0,0,1
355,0.0,0,0,1365.05,25.47,0.0,0.07250000000000001,0,0.8800000000000026,0,0,1
355,0.0,0,0,1365.5666666666666,25.424999999999997,0.0,0.07750000000000001,0,0.8200000000000003,0,0,2
355,0.0,0,0,1366.0833333333333,25.439999999999998,0.0,0.07250000000000001,0,0.8200000000000003,0,0,1
355,0.0,0,0,1366.5833333333333,25.455,0.0,0.07250000000000001,0,0.8800000000000026,0,0,1
355,0.0,0,0,1367.1,25.424999999999997,0.0,0.07,0,0.8200000000000003,0,0,1
355,0.0,0,0,1367.6,25.439999999999998,0.0,0.07250000000000001,0,0.8200000000000003,0,0,1
355,0.0,0,0,1368.1166666666666,25.424999999999997,0.0,0.07250000000000001,0,0.8200000000000003,0,0,1
355,0.0,0,0,1368.6333333333334,25.409999999999997,0.0,0.07500000000000001,0,0.879999999999999,0,0,2
355,0.0,0,0,1369.1333333333334,25.439999999999998,0.0,0.07250000000000001,0,0.8200000000000003,0,0,1
355,0.0,0,0,1369.65,25.424999999999997,0.0,0.07500000000000001,0,0.8200000000000003,0,0,2
355,0.0,0,0,1370.1666666666667,25.439999999999998,0.0,0.07500000000000001,0,0.879999999999999,0,0,2
355,0.0,0,0,1371.1833333333334,25.439999999999998,0.0,0.07250000000000001,0,0.8200000000000003,0,0,1
355,0.0,0,0,1371.7,25.439999999999998,0.0,0.0825,0,0.8200000000000003,0,0,2
355,0.0,0,0,1372.2,25.455,0.0,0.07,0,0.8200000000000003,0,0,1
355,0.0,0,0,1372.7166666666667,25.47,0.0,0.07250000000000001,0,0.8800000000000026,0,0,1
355,0.0,0,0,1373.2166666666667,25.47,0.0,0.07250000000000001,0,0.8800000000000026,0,0,1
355,0.0,0,0,1373.7333333333333,25.455,0.0,0.07500000000000001,0,0.8800000000000026,0,0,2
355,0.0,0,0,1374.25,25.455,0.0,0.07250000000000001,0,0.8800000000000026,0,0,1
355,0.0,0,0,1374.75,25.424999999999997,0.0,0.07250000000000001,0,0.8200000000000003,0,0,1
355,0.0,0,0,1375.2666666666667,25.455,0.0,0.07500000000000001,0,0.8800000000000026,0,0,2
355,0.0,0,0,1375.7833333333333,25.424999999999997,0.0,0.07250000000000001,0,0.8200000000000003,0,0,1
355,0.0,0,0,1376.2833333333333,25.424999999999997,0.0,0.07,0,0.879999999999999,0,0,1
355,0.0,0,0,1376.8,25.439999999999998,0.0,0.0675,0,0.8800000000000026,0,0,1
355,0.0,0,0,1377.3166666666666,25.439999999999998,0.0,0.07,0,0.879999999999999,0,0,1
355,0.0,0,0,1377.8166666666666,25.424999999999997,0.0,0.0675,0,0.9400000000000013,0,0,1
355,0.0,0,0,1378.3333333333333,25.439999999999998,0.0,0.0675,0,0.8200000000000003,0,0,1
355,0.0,0,0,1378.8333333333333,25.424999999999997,0.0,0.07,0,0.9400000000000013,0,0,1
355,0.0,0,0,1379.35,25.439999999999998,0.0,0.07,0,0.9400000000000013,0,0,1
355,0.0,0,0,1379.8666666666666,25.424999999999997,0.0,0.07250000000000001,0,0.9400000000000013,0,0,1
355,0.0,0,0,1380.3666666666666,25.439999999999998,0.0,0.07500000000000001,0,0.9400000000000013,0,0,2
355,0.0,0,0,1380.8833333333334,25.409999999999997,0.0,0.07,0,0.879999999999999,0,0,1
355,0.0,0,0,1381.4,25.409999999999997,0.0,0.075,0,0.879999999999999,0,0,2
355,0.0,0,0,1381.9,25.424999999999997,0.0,0.07,0,0.879999999999999,0,0,1
355,0.0,0,0,1382.4166666666667,25.409999999999997,0.0,0.0725,0,0.879999999999999,0,0,1
355,0.0,0,0,1382.9166666666667,25.424999999999997,0.0,0.07,0,0.879999999999999,0,0,1
355,0.0,0,0,1383.4333333333334,25.455,0.0,0.075,0,0.8800000000000026,0,0,2
355,0.0,0,0,1383.95,25.439999999999998,0.0,0.0675,0,0.9400000000000013,0,0,1
355,0.0,0,0,1384.45,25.409999999999997,0.0,0.07250000000000001,0,0.879999999999999,0,0,1
355,0.0,0,0,1384.9666666666667,25.409999999999997,0.0,0.07250000000000001,0,0.879999999999999,0,0,1
355,0.0,0,0,1385.4833333333333,25.424999999999997,0.0,0.075,0,0.879999999999999,0,0,2
355,0.0,0,0,1385.9833333333333,25.424999999999997,0.0,0.07250000000000001,0,0.879999999999999,0,0,1
355,0.0,0,0,1386.5,25.409999999999997,0.0,0.07250000000000001,0,0.879999999999999,0,0,1
355,0.0,0,0,1387.0166666666667,25.424999999999997,0.0,0.07250000000000001,0,0.879999999999999,0,0,1
355,0.0,0,0,1387.5166666666667,25.439999999999998,0.0,0.0775,0,0.9400000000000013,0,0,2
355,0.0,0,0,1388.0333333333333,25.409999999999997,0.0,0.065,0,0.879999999999999,0,0,0
355,0.0,0,0,1388.5333333333333,25.424999999999997,0.0,0.07500000000000001,0,0.8200000000000003,0,0,2
355,0.0,0,0,1389.05,25.424999999999997,0.0,0.07250000000000001,0,0.879999999999999,0,0,1
355,0.0,0,0,1389.5666666666666,25.439999999999998,0.0,0.07,0,0.8200000000000003,0,0,1
355,0.0,0,0,1390.0666666666666,25.439999999999998,0.0,0.07,0,0.9400000000000013,0,0,1
355,0.0,0,0,1390.5833333333333,25.424999999999997,0.0,0.07500000000000001,0,0.8200000000000003,0,0,2
355,0.0,0,0,1391.1,25.424999999999997,0.0,0.07,0,0.9400000000000013,0,0,1
355,0.0,0,0,1391.6,25.409999999999997,0.0,0.07,0,0.879999999999999,0,0,1
355,0.0,0,0,1392.1166666666666,25.409999999999997,0.0,0.075,0,0.879999999999999,0,0,2
355,0.0,0,0,1392.6333333333334,25.455,0.0,0.07,0,0.9400000000000013,0,0,1
355,0.0,0,0,1393.1333333333334,25.409999999999997,0.0,0.07,0,0.879999999999999,0,0,1
355,0.0,0,0,1393.65,25.424999999999997,0.0,0.07250000000000001,0,0.879999999999999,0,0,1
355,0.0,0,0,1394.15,25.424999999999997,0.0,0.07,0,0.879999999999999,0,0,1
355,0.0,0,0,1394.6666666666667,25.4075,0.0,0.07,0,0.8099999999999987,0,0,1
355,0.0,0,0,1395.1833333333334,25.4225,0.0,0.07250000000000001,0,0.8099999999999987,0,0,1
355,0.0,0,0,1395.6833333333334,25.424999999999997,0.0,0.075,0,0.879999999999999,0,0,2
355,0.0,0,0,1396.2,25.409999999999997,0.0,0.07250000000000001,0,0.879999999999999,0,0,1
355,0.0,0,0,1396.7166666666667,25.424999999999997,0.0,0.07,0,0.879999999999999,0,0,1
355,0.0,0,0,1397.2166666666667,25.455,0.0,0.07250000000000001,0,0.8200000000000003,0,0,1
355,0.0,0,0,1397.7333333333333,25.424999999999997,0.0,0.075,0,0.879999999999999,0,0,2
355,0.0,0,0,1398.25,25.4075,0.0,0.075,0,0.8099999999999987,0,0,2
355,0.0,0,0,1398.75,25.409999999999997,0.0,0.07250000000000001,0,0.879999999999999,0,0,1
355,0.0,0,0,1399.2666666666667,25.424999999999997,0.0,0.0675,0,0.879999999999999,0,0,1
355,0.0,0,0,1399.7666666666667,25.4075,0.0,0.07,0,0.75,0,0,1
355,0.0,0,0,1400.2833333333333,25.424999999999997,0.0,0.07,0,0.879999999999999,0,0,1
355,0.0,0,0,1400.8,25.409999999999997,0.0,0.07250000000000001,0,0.879999999999999,0,0,1
355,0.0,0,0,1401.3,25.409999999999997,0.0,0.07250000000000001,0,0.879999999999999,0,0,1
355,0.0,0,0,1401.8166666666666,25.409999999999997,0.0,0.0675,0,0.879999999999999,0,0,1
355,0.0,0,0,1402.3333333333333,25.3925,0.0,0.0775,0,0.8099999999999987,0,0,2
355,0.0,0,0,1402.8333333333333,25.3925,0.0,0.07,0,0.8099999999999987,0,0,1
355,0.0,0,0,1403.35,25.3925,0.0,0.075,0,0.8099999999999987,0,0,2
355,0.0,0,0,1403.8666666666666,25.3925,0.0,0.07,0,0.8099999999999987,0,0,1
355,0.0,0,0,1404.3666666666666,25.4075,0.0,0.07250000000000001,0,0.8099999999999987,0,0,1
355,0.0,0,0,1404.8833333333334,25.3925,0.0,0.07500000000000001,0,0.8099999999999987,0,0,2
355,0.0,0,0,1405.3833333333334,25.3925,0.0,0.07250000000000001,0,0.8099999999999987,0,0,1
355,0.0,0,0,1405.9,25.3925,0.0,0.07250000000000001,0,0.8099999999999987,0,0,1
355,0.0,0,0,1406.4166666666667,25.3925,0.0,0.07,0,0.8099999999999987,0,0,1
355,0.0,0,0,1406.9166666666667,25.3925,0.0,0.07250000000000001,0,0.8099999999999987,0,0,1
355,0.0,0,0,1407.4333333333334,25.4075,0.0,0.07750000000000001,0,0.8099999999999987,0,0,2
355,0.0,0,0,1407.95,25.4075,0.0,0.0725,0,0.8099999999999987,0,0,1
355,0.0,0,0,1408.45,25.409999999999997,0.0,0.07,0,0.879999999999999,0,0,1
355,0.0,0,0,1408.9666666666667,25.424999999999997,0.0,0.0675,0,0.879999999999999,0,0,1
355,0.0,0,0,1409.4833333333333,25.424999999999997,0.0,0.075,0,0.879999999999999,0,0,2
355,0.0,0,0,1409.9833333333333,25.409999999999997,0.0,0.07,0,0.879999999999999,0,0,1
355,0.0,0,0,1410.5,25.4225,0.0,0.07250000000000001,0,0.8099999999999987,0,0,1
355,0.0,0,0,1411.0,25.424999999999997,0.0,0.0675,0,0.879999999999999,0,0,1
355,0.0,0,0,1411.5166666666667,25.424999999999997,0.0,0.07250000000000001,0,0.879999999999999,0,0,1
355,0.0,0,0,1412.0333333333333,25.409999999999997,0.0,0.0675,0,0.879999999999999,0,0,1
355,0.0,0,0,1412.5333333333333,25.424999999999997,0.0,0.07,0,0.879999999999999,0,0,1
355,0.0,0,0,1413.05,25.409999999999997,0.0,0.07,0,0.879999999999999,0,0,1
355,0.0,0,0,1413.5666666666666,25.409999999999997,0.0,0.07250000000000001,0,0.879999999999999,0,0,1
355,0.0,0,0,1414.0666666666666,25.3925,0.0,0.07,0,0.8099999999999987,0,0,1
355,0.0,0,0,1414.5833333333333,25.424999999999997,0.0,0.07250000000000001,0,0.879999999999999,0,0,1
355,0.0,0,0,1415.1,25.409999999999997,0.0,0.07250000000000001,0,0.879999999999999,0,0,1
355,0.0,0,0,1415.6,25.424999999999997,0.0,0.07250000000000001,0,0.879999999999999,0,0,1
355,0.0,0,0,1416.1166666666666,25.424999999999997,0.0,0.0675,0,0.879999999999999,0,0,1
355,0.0,0,0,1416.6166666666666,25.409999999999997,0.0,0.07,0,0.879999999999999,0,0,1
355,0.0,0,0,1417.1333333333334,25.424999999999997,0.0,0.07250000000000001,0,0.879999999999999,0,0,1
355,0.0,0,0,1417.65,25.424999999999997,0.0,0.07,0,0.879999999999999,0,0,1
355,0.0,0,0,1418.15,25.424999999999997,0.0,0.075,0,0.879999999999999,0,0,2
355,0.0,0,0,1418.6666666666667,25.409999999999997,0.0,0.0725,0,0.879999999999999,0,0,1
355,0.0,0,0,1419.1833333333334,25.409999999999997,0.0,0.07250000000000001,0,0.879999999999999,0,0,1
355,0.0,0,0,1419.6833333333334,25.3775,0.0,0.0675,0,0.8699999999999974,0,0,1
355,0.0,0,0,1420.2,25.3925,0.0,0.07250000000000001,0,0.8099999999999987,0,0,1
355,0.0,0,0,1420.7,25.409999999999997,0.0,0.07500000000000001,0,0.879999999999999,0,0,2
355,0.0,0,0,1421.2166666666667,25.424999999999997,0.0,0.07,0,0.879999999999999,0,0,1
355,0.0,0,0,1421.7333333333333,25.409999999999997,0.0,0.065,0,0.879999999999999,0,0,0
355,0.0,0,0,1422.2333333333333,25.4225,0.0,0.065,0,0.8099999999999987,0,0,0
355,0.0,0,0,1422.75,25.395,0.0,0.07250000000000001,0,0.9399999999999977,0,0,1
355,0.0,0,0,1423.2666666666667,25.4075,0.0,0.0675,0,0.8099999999999987,0,0,1
355,0.0,0,0,1423.7666666666667,25.4075,0.0,0.07250000000000001,0,0.8099999999999987,0,0,1
355,0.0,0,0,1424.2833333333333,25.3925,0.0,0.07,0,0.8099999999999987,0,0,1
355,0.0,0,0,1424.8,25.3925,0.0,0.07250000000000001,0,0.8099999999999987,0,0,1
355,0.0,0,0,1425.3,25.4075,0.0,0.07,0,0.8099999999999987,0,0,1
355,0.0,0,0,1425.8166666666666,25.3925,0.0,0.07250000000000001,0,0.8099999999999987,0,0,1
355,0.0,0,0,1426.8333333333333,25.3925,0.0,0.0675,0,0.8099999999999987,0,0,1
355,0.0,0,0,1427.35,25.3925,0.0,0.07500000000000001,0,0.8099999999999987,0,0,2
355,0.0,0,0,1427.85,25.395,0.0,0.07250000000000001,0,0.9399999999999977,0,0,1
355,0.0,0,0,1428.3666666666666,25.3925,0.0,0.07,0,0.8099999999999987,0,0,1
355,0.0,0,0,1428.8833333333334,25.3925,0.0,0.07,0,0.8099999999999987,0,0,1
355,0.0,0,0,1429.3833333333334,25.409999999999997,0.0,0.07750000000000001,0,0.879999999999999,0,0,2
355,0.0,0,0,1429.9,25.409999999999997,0.0,0.07,0,0.879999999999999,0,0,1
355,0.0,0,0,1430.4166666666667,25.409999999999997,0.0,0.07,0,0.879999999999999,0,0,1
355,0.0,0,0,1430.9166666666667,25.3925,0.0,0.065,0,0.8099999999999987,0,0,0
355,0.0,0,0,1431.4333333333334,25.424999999999997,0.0,0.07,0,0.879999999999999,0,0,1
355,0.0,0,0,1431.9333333333334,25.424999999999997,0.0,0.07,0,0.9400000000000013,0,0,1
355,0.0,0,0,1432.45,25.409999999999997,0.0,0.07250000000000001,0,0.879999999999999,0,0,1
355,0.0,0,0,1432.9666666666667,25.3775,0.0,0.0675,0,0.8699999999999974,0,0,1
355,0.0,0,0,1433.4666666666667,25.3925,0.0,0.07,0,0.8099999999999987,0,0,1
355,0.0,0,0,1433.9833333333333,25.3925,0.0,0.07250000000000001,0,0.8099999999999987,0,0,1
355,0.0,0,0,1434.5,25.3925,0.0,0.07,0,0.8099999999999987,0,0,1
355,0.0,0,0,1435.0,25.3925,0.0,0.075,0,0.8099999999999987,0,0,2
355,0.0,0,0,1435.5166666666667,25.3925,0.0,0.07500000000000001,0,0.8099999999999987,0,0,2
355,0.0,0,0,1436.0333333333333,25.3925,0.0,0.07250000000000001,0,0.8099999999999987,0,0,1
355,0.0,0,0,1436.5333333333333,25.3925,0.0,0.07250000000000001,0,0.8099999999999987,0,0,1
355,0.0,0,0,1437.05,25.409999999999997,0.0,0.07250000000000001,0,0.879999999999999,0,0,1
355,0.0,0,0,1437.55,25.409999999999997,0.0,0.07,0,0.879999999999999,0,0,1
355,0.0,0,0,1438.0666666666666,25.409999999999997,0.0,0.07,0,0.879999999999999,0,0,1
355,0.0,0,0,1438.5833333333333,25.409999999999997,0.0,0.07250000000000001,0,0.879999999999999,0,0,1
355,0.0,0,0,1439.0833333333333,25.3775,0.0,0.07250000000000001,0,0.8699999999999974,0,0,1
355,0.0,0,0,1439.6,25.409999999999997,0.0,0.07,0,0.879999999999999,0,0,1
355,0.0,0,0,0.6166666666666667,25.3925,0.0,0.07750000000000001,0,0.8099999999999987,0,0,2
355,0.0,0,0,1.1333333333333333,25.3925,0.0,0.065,0,0.8099999999999987,0,0,0
355,0.0,0,0,1.65,25.409999999999997,0.0,0.07,0,0.879999999999999,0,0,1
355,0.0,0,0,2.15,25.409999999999997,0.0,0.07,0,0.879999999999999,0,0,1
355,0.0,0,0,2.6666666666666665,25.409999999999997,0.0,0.07250000000000001,0,0.879999999999999,0,0,1
355,0.0,0,0,3.1666666666666665,25.409999999999997,0.0,0.07250000000000001,0,0.879999999999999,0,0,1
355,0.0,0,0,3.6833333333333336,25.3925,0.0,0.0675,0,0.8099999999999987,0,0,1
355,0.0,0,0,4.2,25.3925,0.0,0.07250000000000001,0,0.8099999999999987,0,0,1
355,0.0,0,0,4.7,25.3925,0.0,0.07500000000000001,0,0.8099999999999987,0,0,2
355,0.0,0,0,5.216666666666667,25.3925,0.0,0.07250000000000001,0,0.8099999999999987,0,0,1
355,0.0,0,0,5.733333333333333,25.3925,0.0,0.0725,0,0.8099999999999987,0,0,1
355,0.0,0,0,6.233333333333333,25.4075,0.0,0.07,0,0.8099999999999987,0,0,1
355,0.0,0,0,6.75,25.409999999999997,0.0,0.075,0,0.879999999999999,0,0,2
355,0.0,0,0,7.266666666666667,25.3925,0.0,0.07500000000000001,0,0.8099999999999987,0,0,2
355,0.0,0,0,7.766666666666667,25.3925,0.0,0.07,0,0.8099999999999987,0,0,1
355,0.0,0,0,8.283333333333333,25.409999999999997,0.0,0.0675,0,0.879999999999999,0,0,1
355,0.0,0,0,8.783333333333333,25.424999999999997,0.0,0.07500000000000001,0,0.879999999999999,0,0,2
355,0.0,0,0,9.3,25.3925,0.0,0.07,0,0.8099999999999987,0,0,1
355,0.0,0,0,9.816666666666666,25.41,0.0,0.07750000000000001,0,0.9399999999999977,0,0,2
355,0.0,0,0,10.316666666666666,25.3925,0.0,0.07500000000000001,0,0.8099999999999987,0,0,2
355,0.0,0,0,10.833333333333334,25.3775,0.0,0.07,0,0.8699999999999974,0,0,1
355,0.0,0,0,11.35,25.3775,0.0,0.07,0,0.8699999999999974,0,0,1
355,0.0,0,0,11.85,25.3925,0.0,0.07250000000000001,0,0.8099999999999987,0,0,1
355,0.0,0,0,12.366666666666667,25.3925,0.0,0.07,0,0.8099999999999987,0,0,1
355,0.0,0,0,12.883333333333333,25.4075,0.0,0.0675,0,0.8099999999999987,0,0,1
355,0.0,0,0,13.383333333333333,25.4075,0.0,0.07250000000000001,0,0.8099999999999987,0,0,1
355,0.0,0,0,13.9,25.3925,0.0,0.07500000000000001,0,0.8099999999999987,0,0,2
355,0.0,0,0,14.4,25.3925,0.0,0.07500000000000001,0,0.8099999999999987,0,0,2
355,0.0,0,0,14.916666666666666,25.409999999999997,0.0,0.07250000000000001,0,0.879999999999999,0,0,1
355,0.0,0,0,15.433333333333334,25.395,0.0,0.07,0,0.9399999999999977,0,0,1
355,0.0,0,0,15.933333333333334,25.41,0.0,0.07250000000000001,0,0.9399999999999977,0,0,1
355,0.0,0,0,16.45,25.392500000000002,0.0,0.07,0,0.8699999999999974,0,0,1
355,0.0,0,0,16.966666666666665,25.3925,0.0,0.0775,0,0.8099999999999987,0,0,2
355,0.0,0,0,17.466666666666665,25.409999999999997,0.0,0.07500000000000001,0,0.879999999999999,0,0,2
355,0.0,0,0,17.983333333333334,25.409999999999997,0.0,0.07250000000000001,0,0.879999999999999,0,0,1
355,0.0,0,0,18.483333333333334,25.395,0.0,0.0675,0,0.9399999999999977,0,0,1
355,0.0,0,0,19.0,25.3925,0.0,0.07,0,0.8099999999999987,0,0,1
355,0.0,0,0,19.516666666666666,25.3775,0.0,0.07250000000000001,0,0.8699999999999974,0,0,1
355,0.0,0,0,20.016666666666666,25.3925,0.0,0.075,0,0.8099999999999987,0,0,2
355,0.0,0,0,20.533333333333335,25.395,0.0,0.07500000000000001,0,0.9399999999999977,0,0,2
355,0.0,0,0,21.05,25.3925,0.0,0.07,0,0.8099999999999987,0,0,1
355,0.0,0,0,21.55,25.3775,0.0,0.07,0,0.8699999999999974,0,0,1
355,0.0,0,0,22.066666666666666,25.3925,0.0,0.07250000000000001,0,0.8099999999999987,0,0,1
355,0.0,0,0,22.583333333333332,25.392500000000002,0.0,0.0675,0,0.8699999999999974,0,0,1
355,0.0,0,0,23.083333333333332,25.3775,0.0,0.07,0,0.8699999999999974,0,0,1
355,0.0,0,0,23.6,25.3775,0.0,0.07,0,0.8699999999999974,0,0,1
355,0.0,0,0,24.1,25.3775,0.0,0.07250000000000001,0,0.8699999999999974,0,0,1
355,0.0,0,0,24.616666666666667,25.3775,0.0,0.07,0,0.8699999999999974,0,0,1
355,0.0,0,0,25.133333333333333,25.3775,0.0,0.07250000000000001,0,0.8699999999999974,0,0,1
355,0.0,0,0,25.633333333333333,25.3775,0.0,0.07500000000000001,0,0.8699999999999974,0,0,2
355,0.0,0,0,26.15,25.3925,0.0,0.07,0,0.8099999999999987,0,0,1
355,0.0,0,0,26.666666666666668,25.3925,0.0,0.07,0,0.8099999999999987,0,0,1
355,0.0,0,0,27.166666666666668,25.36,0.0,0.07,0,0.8699999999999974,0,0,1
355,0.0,0,0,27.683333333333334,25.3775,0.0,0.07250000000000001,0,0.8699999999999974,0,0,1
355,0.0,0,0,28.2,25.3775,0.0,0.07,0,0.8699999999999974,0,0,1
355,0.0,0,0,28.7,25.3775,0.0,0.075,0,0.8699999999999974,0,0,2
355,0.0,0,0,29.216666666666665,25.3775,0.0,0.07,0,0.8699999999999974,0,0,1
355,0.0,0,0,29.716666666666665,25.3775,0.0,0.0675,0,0.8699999999999974,0,0,1
355,0.0,0,0,30.233333333333334,25.3775,0.0,0.07250000000000001,0,0.8699999999999974,0,0,1
355,0.0,0,0,30.75,25.3775,0.0,0.07250000000000001,0,0.8699999999999974,0,0,1
355,0.0,0,0,31.25,25.3925,0.0,0.07250000000000001,0,0.8099999999999987,0,0,1
355,0.0,0,0,31.766666666666666,25.3775,0.0,0.07,0,0.8699999999999974,0,0,1
355,0.0,0,0,32.28333333333333,25.3775,0.0,0.07250000000000001,0,0.8699999999999974,0,0,1
355,0.0,0,0,32.78333333333333,25.3925,0.0,0.07250000000000001,0,0.8099999999999987,0,0,1
355,0.0,0,0,33.3,25.3775,0.0,0.07500000000000001,0,0.8699999999999974,0,0,2
355,0.0,0,0,33.81666666666667,25.3775,0.0,0.07250000000000001,0,0.8699999999999974,0,0,1
355,0.0,0,0,34.31666666666667,25.3775,0.0,0.07250000000000001,0,0.8699999999999974,0,0,1
355,0.0,0,0,34.833333333333336,25.3775,0.0,0.07250000000000001,0,0.8699999999999974,0,0,1
355,0.0,0,0,35.333333333333336,25.3775,0.0,0.07,0,0.8699999999999974,0,0,1
355,0.0,0,0,35.85,25.3775,0.0,0.07,0,0.8699999999999974,0,0,1
355,0.0,0,0,36.36666666666667,25.36,0.0,0.0675,0,0.8699999999999974,0,0,1
355,0.0,0,0,36.86666666666667,25.3775,0.0,0.07250000000000001,0,0.8699999999999974,0,0,1
355,0.0,0,0,37.38333333333333,25.3775,0.0,0.07,0,0.8699999999999974,0,0,1
355,0.0,0,0,37.9,25.3775,0.0,0.07250000000000001,0,0.8699999999999974,0,0,1
355,0.0,0,0,38.4,25.3775,0.0,0.07,0,0.8699999999999974,0,0,1
355,0.0,0,0,38.916666666666664,25.3775,0.0,0.07500000000000001,0,0.8699999999999974,0,0,2
355,0.0,0,0,39.43333333333333,25.3775,0.0,0.0675,0,0.8699999999999974,0,0,1
355,0.0,0,0,39.93333333333333,25.395,0.0,0.07250000000000001,0,0.9399999999999977,0,0,1
355,0.0,0,0,40.45,25.3775,0.0,0.07,0,0.8699999999999974,0,0,1
355,0.0,0,0,41.46666666666667,25.3775,0.0,0.07250000000000001,0,0.8699999999999974,0,0,1
355,0.0,0,0,41.983333333333334,25.3775,0.0,0.07,0,0.8699999999999974,0,0,1
355,0.0,0,0,43.0,25.3925,0.0,0.0675,0,0.8099999999999987,0,0,1
355,0.0,0,0,43.516666666666666,25.3925,0.0,0.07,0,0.8099999999999987,0,0,1
355,0.0,0,0,44.016666666666666,25.3775,0.0,0.07250000000000001,0,0.8699999999999974,0,0,1
355,0.0,0,0,44.53333333333333,25.3775,0.0,0.0675,0,0.8699999999999974,0,0,1
355,0.0,0,0,45.05,25.3775,0.0,0.07500000000000001,0,0.8699999999999974,0,0,2
355,0.0,0,0,45.55,25.3775,0.0,0.07250000000000001,0,0.8699999999999974,0,0,1
355,0.0,0,0,46.06666666666667,25.3625,0.0,0.07250000000000001,0,0.8099999999999987,0,0,1
355,0.0,0,0,46.56666666666667,25.3625,0.0,0.07,0,0.8099999999999987,0,0,1
355,0.0,0,0,47.083333333333336,25.3775,0.0,0.07250000000000001,0,0.8699999999999974,0,0,1
355,0.0,0,0,47.6,25.3775,0.0,0.07500000000000001,0,0.8699999999999974,0,0,2
355,0.0,0,0,48.1,25.3775,0.0,0.07500000000000001,0,0.8699999999999974,0,0,2
355,0.0,0,0,48.61666666666667,25.3775,0.0,0.07250000000000001,0,0.8699999999999974,0,0,1
355,0.0,0,0,49.13333333333333,25.3775,0.0,0.07,0,0.8699999999999974,0,0,1
355,0.0,0,0,49.63333333333333,25.395,0.0,0.07,0,0.9399999999999977,0,0,1
355,0.0,0,0,50.15,25.395,0.0,0.07,0,0.9399999999999977,0,0,1
355,0.0,0,0,50.65,25.3775,0.0,0.0675,0,0.8699999999999974,0,0,1
355,0.0,0,0,51.166666666666664,25.3775,0.0,0.07500000000000001,0,0.8699999999999974,0,0,2
355,0.0,0,0,51.68333333333333,25.395,0.0,0.07500000000000001,0,0.9399999999999977,0,0,2
355,0.0,0,0,52.18333333333333,25.395,0.0,0.075,0,0.9399999999999977,0,0,2
355,0.0,0,0,52.7,25.3775,0.0,0.07,0,0.8699999999999974,0,0,1
355,0.0,0,0,53.21666666666667,25.395,0.0,0.07,0,0.9399999999999977,0,0,1
355,0.0,0,0,53.71666666666667,25.3775,0.0,0.07,0,0.8699999999999974,0,0,1
355,0.0,0,0,54.233333333333334,25.3775,0.0,0.07,0,0.8699999999999974,0,0,1
355,0.0,0,0,54.75,25.3775,0.0,0.07,0,0.8699999999999974,0,0,1
355,0.0,0,0,55.25,25.3775,0.0,0.075,0,0.8699999999999974,0,0,2
355,0.0,0,0,55.766666666666666,25.3775,0.0,0.07500000000000001,0,0.8699999999999974,0,0,2
355,0.0,0,0,56.266666666666666,25.3775,0.0,0.0675,0,0.8699999999999974,0,0,1
355,0.0,0,0,56.78333333333333,25.3775,0.0,0.07,0,0.8699999999999974,0,0,1
355,0.0,0,0,57.3,25.3775,0.0,0.07,0,0.8699999999999974,0,0,1
355,0.0,0,0,57.8,25.3775,0.0,0.07,0,0.8699999999999974,0,0,1
355,0.0,0,0,58.31666666666667,25.3625,0.0,0.07250000000000001,0,0.8099999999999987,0,0,1
355,0.0,0,0,58.833333333333336,25.3625,0.0,0.0675,0,0.8099999999999987,0,0,1
355,0.0,0,0,59.333333333333336,25.3775,0.0,0.0675,0,0.8699999999999974,0,0,1
355,0.0,0,0,59.85,25.3775,0.0,0.07500000000000001,0,0.8699999999999974,0,0,2
355,0.0,0,0,60.36666666666667,25.3775,0.0,0.07250000000000001,0,0.8699999999999974,0,0,1
355,0.0,0,0,60.86666666666667,25.3775,0.0,0.0775,0,0.8699999999999974,0,0,2
355,0.0,0,0,61.38333333333333,25.3775,0.0,0.07,0,0.8699999999999974,0,0,1
355,0.0,0,0,61.88333333333333,25.3775,0.0,0.07,0,0.8699999999999974,0,0,1
355,0.0,0,0,62.4,25.3775,0.0,0.0675,0,0.8699999999999974,0,0,1
355,0.0,0,0,62.916666666666664,25.3775,0.0,0.07250000000000001,0,0.8699999999999974,0,0,1
355,0.0,0,0,63.416666666666664,25.36,0.0,0.07,0,0.8699999999999974,0,0,1
355,0.0,0,0,63.93333333333333,25.3775,0.0,0.07250000000000001,0,0.8699999999999974,0,0,1
355,0.0,0,0,64.45,25.3775,0.0,0.0675,0,0.8699999999999974,0,0,1
355,0.0,0,0,64.95,25.3775,0.0,0.07250000000000001,0,0.8699999999999974,0,0,1
355,0.0,0,0,65.46666666666667,25.3775,0.0,0.07500000000000001,0,0.8699999999999974,0,0,2
355,0.0,0,0,65.98333333333333,25.3775,0.0,0.07250000000000001,0,0.8699999999999974,0,0,1
355,0.0,0,0,66.48333333333333,25.3775,0.0,0.07,0,0.8699999999999974,0,0,1
355,0.0,0,0,67.0,25.3625,0.0,0.07250000000000001,0,0.8099999999999987,0,0,1
355,0.0,0,0,67.5,25.3775,0.0,0.07,0,0.8699999999999974,0,0,1
355,0.0,0,0,68.01666666666667,25.3775,0.0,0.07250000000000001,0,0.8699999999999974,0,0,1
355,0.0,0,0,68.53333333333333,25.3775,0.0,0.07,0,0.8699999999999974,0,0,1
355,0.0,0,0,69.03333333333333,25.3625,0.0,0.07,0,0.8099999999999987,0,0,1
355,0.0,0,0,69.55,25.3625,0.0,0.07,0,0.9299999999999997,0,0,1
355,0.0,0,0,70.06666666666666,25.3775,0.0,0.07,0,0.8699999999999974,0,0,1
355,0.0,0,0,70.56666666666666,25.3775,0.0,0.07250000000000001,0,0.8699999999999974,0,0,1
355,0.0,0,0,71.08333333333333,25.395,0.0,0.07500000000000001,0,0.9399999999999977,0,0,2
355,0.0,0,0,71.6,25.3775,0.0,0.07500000000000001,0,0.8699999999999974,0,0,2
355,0.0,0,0,72.1,25.3775,0.0,0.07250000000000001,0,0.8699999999999974,0,0,1
355,0.0,0,0,72.61666666666666,25.3775,0.0,0.07500000000000001,0,0.8699999999999974,0,0,2
355,0.0,0,0,73.11666666666666,25.3775,0.0,0.07250000000000001,0,0.8699999999999974,0,0,1
355,0.0,0,0,73.63333333333334,25.395,0.0,0.07,0,0.9399999999999977,0,0,1
355,0.0,0,0,74.15,25.395,0.0,0.07250000000000001,0,0.9399999999999977,0,0,1
355,0.0,0,0,74.65,25.3775,0.0,0.07250000000000001,0,0.8699999999999974,0,0,1
355,0.0,0,0,75.16666666666667,25.3775,0.0,0.07250000000000001,0,0.8699999999999974,0,0,1
355,0.0,0,0,75.68333333333334,25.395,0.0,0.07,0,0.9399999999999977,0,0,1
355,0.0,0,0,76.18333333333334,25.3775,0.0,0.0675,0,0.8699999999999974,0,0,1
355,0.0,0,0,76.7,25.3775,0.0,0.07,0,0.8699999999999974,0,0,1
355,0.0,0,0,77.21666666666667,25.3775,0.0,0.0775,0,0.8699999999999974,0,0,2
355,0.0,0,0,77.71666666666667,25.3625,0.0,0.07,0,0.8099999999999987,0,0,1
355,0.0,0,0,78.23333333333333,25.3775,0.0,0.0675,0,0.8699999999999974,0,0,1
355,0.0,0,0,78.73333333333333,25.3775,0.0,0.07,0,0.8699999999999974,0,0,1
355,0.0,0,0,79.25,25.395,0.0,0.07,0,0.9399999999999977,0,0,1
355,0.0,0,0,79.76666666666667,25.395,0.0,0.07250000000000001,0,0.9399999999999977,0,0,1
355,0.0,0,0,80.26666666666667,25.3775,0.0,0.07250000000000001,0,0.8699999999999974,0,0,1
355,0.0,0,0,80.78333333333333,25.3775,0.0,0.07250000000000001,0,0.8699999999999974,0,0,1
355,0.0,0,0,81.3,25.3775,0.0,0.0675,0,0.8699999999999974,0,0,1
355,0.0,0,0,81.8,25.3775,0.0,0.07250000000000001,0,0.8699999999999974,0,0,1
355,0.0,0,0,82.31666666666666,25.3775,0.0,0.075,0,0.8699999999999974,0,0,2
355,0.0,0,0,82.83333333333333,25.3775,0.0,0.07250000000000001,0,0.8699999999999974,0,0,1
355,0.0,0,0,83.33333333333333,25.395,0.0,0.0775,0,0.9399999999999977,0,0,2
355,0.0,0,0,83.85,25.3625,0.0,0.0675,0,0.9299999999999997,0,0,1
355,0.0,0,0,84.86666666666666,25.3625,0.0,0.07,0,0.8099999999999987,0,0,1
355,0.0,0,0,85.38333333333334,25.3625,0.0,0.0675,0,0.8099999999999987,0,0,1
355,0.0,0,0,85.88333333333334,25.3625,0.0,0.0725,0,0.8099999999999987,0,0,1
355,0.0,0,0,86.4,25.3775,0.0,0.07250000000000001,0,0.8699999999999974,0,0,1
355,0.0,0,0,86.91666666666667,25.3775,0.0,0.07250000000000001,0,0.8699999999999974,0,0,1
355,0.0,0,0,87.41666666666667,25.395,0.0,0.07500000000000001,0,0.9399999999999977,0,0,2
355,0.0,0,0,87.93333333333334,25.3775,0.0,0.07,0,0.8699999999999974,0,0,1
355,0.0,0,0,88.43333333333334,25.3775,0.0,0.07500000000000001,0,0.8699999999999974,0,0,2
355,0.0,0,0,88.95,25.3775,0.0,0.07250000000000001,0,0.8699999999999974,0,0,1
355,0.0,0,0,89.46666666666667,25.3775,0.0,0.07,0,0.8699999999999974,0,0,1
355,0.0,0,0,89.96666666666667,25.3775,0.0,0.07,0,0.8699999999999974,0,0,1
355,0.0,0,0,90.48333333333333,25.3625,0.0,0.07,0,0.8099999999999987,0,0,1
355,0.0,0,0,91.0,25.3625,0.0,0.0675,0,0.8099999999999987,0,0,1
355,0.0,0,0,91.5,25.3775,0.0,0.07250000000000001,0,0.8699999999999974,0,0,1
355,0.0,0,0,92.01666666666667,25.3625,0.0,0.075,0,0.8099999999999987,0,0,2
355,0.0,0,0,92.53333333333333,25.3625,0.0,0.075,0,0.8099999999999987,0,0,2
355,0.0,0,0,93.03333333333333,25.3625,0.0,0.07250000000000001,0,0.8099999999999987,0,0,1
355,0.0,0,0,93.55,25.3775,0.0,0.0725,0,0.8699999999999974,0,0,1
355,0.0,0,0,94.05,25.345,0.0,0.07,0,0.8099999999999987,0,0,1
355,0.0,0,0,94.56666666666666,25.3625,0.0,0.0725,0,0.8099999999999987,0,0,1
355,0.0,0,0,95.08333333333333,25.36,0.0,0.07,0,0.8699999999999974,0,0,1
355,0.0,0,0,95.58333333333333,25.3625,0.0,0.07250000000000001,0,0.8099999999999987,0,0,1
355,0.0,0,0,96.1,25.3625,0.0,0.07250000000000001,0,0.8099999999999987,0,0,1
355,0.0,0,0,96.61666666666666,25.3475,0.0,0.075,0,0.870000000000001,0,0,2
355,0.0,0,0,97.11666666666666,25.33,0.0,0.07250000000000001,0,0.870000000000001,0,0,1
355,0.0,0,0,97.63333333333334,25.3775,0.0,0.07250000000000001,0,0.8699999999999974,0,0,1
355,0.0,0,0,98.15,25.36,0.0,0.07250000000000001,0,0.8699999999999974,0,0,1
355,0.0,0,0,99.16666666666667,25.3475,0.0,0.07250000000000001,0,0.870000000000001,0,0,1
355,0.0,0,0,99.66666666666667,25.33,0.0,0.07,0,0.870000000000001,0,0,1
355,0.0,0,0,100.18333333333334,25.3475,0.0,0.07,0,0.870000000000001,0,0,1
355,0.0,0,0,100.7,25.33,0.0,0.07500000000000001,0,0.870000000000001,0,0,2
355,0.0,0,0,101.2,25.33,0.0,0.07250000000000001,0,0.870000000000001,0,0,1
355,0.0,0,0,101.71666666666667,25.345,0.0,0.07,0,0.8099999999999987,0,0,1
355,0.0,0,0,102.23333333333333,25.345,0.0,0.0675,0,0.8099999999999987,0,0,1
355,0.0,0,0,102.73333333333333,25.3475,0.0,0.07,0,0.870000000000001,0,0,1
355,0.0,0,0,103.25,25.3775,0.0,0.0675,0,0.8699999999999974,0,0,1
355,0.0,0,0,103.76666666666667,25.3475,0.0,0.065,0,0.870000000000001,0,0,0
355,0.0,0,0,104.26666666666667,25.3775,0.0,0.08,0,0.8699999999999974,0,0,2
355,0.0,0,0,104.78333333333333,25.345,0.0,0.07,0,0.9299999999999997,0,0,1
355,0.0,0,0,105.28333333333333,25.36,0.0,0.07,0,0.8699999999999974,0,0,1
355,0.0,0,0,105.8,25.36,0.0,0.07500000000000001,0,0.8699999999999974,0,0,2
355,0.0,0,0,106.31666666666666,25.36,0.0,0.0725,0,0.8699999999999974,0,0,1
355,0.0,0,0,106.81666666666666,25.3775,0.0,0.0675,0,0.8699999999999974,0,0,1
355,0.0,0,0,107.33333333333333,25.3625,0.0,0.0725,0,0.9299999999999997,0,0,1
355,0.0,0,0,107.85,25.3475,0.0,0.07500000000000001,0,0.870000000000001,0,0,2
355,0.0,0,0,108.35,25.3625,0.0,0.07,0,0.8099999999999987,0,0,1
355,0.0,0,0,108.86666666666666,25.3475,0.0,0.07,0,0.870000000000001,0,0,1
355,0.0,0,0,109.38333333333334,25.345,0.0,0.07500000000000001,0,0.9299999999999997,0,0,2
355,0.0,0,0,109.88333333333334,25.345,0.0,0.07250000000000001,0,0.9299999999999997,0,0,1
355,0.0,0,0,110.4,25.3775,0.0,0.08,0,0.8699999999999974,0,0,2
355,0.0,0,0,110.9,25.33,0.0,0.07500000000000001,0,0.870000000000001,0,0,2
355,0.0,0,0,111.41666666666667,25.345,0.0,0.07500000000000001,0,0.8099999999999987,0,0,2
355,0.0,0,0,111.93333333333334,25.33,0.0,0.07,0,0.870000000000001,0,0,1
355,0.0,0,0,112.43333333333334,25.33,0.0,0.0775,0,0.870000000000001,0,0,2
355,0.0,0,0,112.95,25.345,0.0,0.07500000000000001,0,0.8099999999999987,0,0,2
355,0.0,0,0,113.46666666666667,25.36,0.0,0.07250000000000001,0,0.8699999999999974,0,0,1
355,0.0,0,0,113.96666666666667,25.36,0.0,0.0675,0,0.8699999999999974,0,0,1
355,0.0,0,0,114.48333333333333,25.3625,0.0,0.07250000000000001,0,0.8099999999999987,0,0,1
355,0.0,0,0,115.0,25.33,0.0,0.07250000000000001,0,0.870000000000001,0,0,1
355,0.0,0,0,115.5,25.33,0.0,0.07,0,0.870000000000001,0,0,1
355,0.0,0,0,116.01666666666667,25.33,0.0,0.07250000000000001,0,0.870000000000001,0,0,1
355,0.0,0,0,116.51666666666667,25.36,0.0,0.07,0,0.8699999999999974,0,0,1
355,0.0,0,0,117.03333333333333,25.345,0.0,0.0725,0,0.9299999999999997,0,0,1
355,0.0,0,0,117.55,25.36,0.0,0.07,0,0.8699999999999974,0,0,1
355,0.0,0,0,118.05,25.33,0.0,0.07250000000000001,0,0.870000000000001,0,0,1
355,0.0,0,0,118.56666666666666,25.33,0.0,0.0675,0,0.870000000000001,0,0,1
355,0.0,0,0,119.08333333333333,25.345,0.0,0.07250000000000001,0,0.9299999999999997,0,0,1
355,0.0,0,0,119.58333333333333,25.36,0.0,0.07,0,0.8699999999999974,0,0,1
355,0.0,0,0,120.1,25.3125,0.0,0.0725,0,0.870000000000001,0,0,1
355,0.0,0,0,120.61666666666666,25.3775,0.0,0.0675,0,0.8699999999999974,0,0,1
355,0.0,0,0,121.11666666666666,25.33,0.0,0.0725,0,0.870000000000001,0,0,1
355,0.0,0,0,121.63333333333334,25.3275,0.0,0.0675,0,0.9299999999999997,0,0,1
355,0.0,0,0,122.13333333333334,25.345,0.0,0.07250000000000001,0,0.9299999999999997,0,0,1
355,0.0,0,0,122.65,25.3125,0.0,0.07500000000000001,0,0.870000000000001,0,0,2
355,0.0,0,0,123.16666666666667,25.345,0.0,0.07250000000000001,0,0.8099999999999987,0,0,1
355,0.0,0,0,123.66666666666667,25.3275,0.0,0.07250000000000001,0,0.9299999999999997,0,0,1
355,0.0,0,0,124.18333333333334,25.3475,0.0,0.07250000000000001,0,0.870000000000001,0,0,1
355,0.0,0,0,124.7,25.345,0.0,0.07500000000000001,0,0.9299999999999997,0,0,2
355,0.0,0,0,125.2,25.3475,0.0,0.0725,0,0.870000000000001,0,0,1
355,0.0,0,0,125.71666666666667,25.3475,0.0,0.075,0,0.870000000000001,0,0,2
355,0.0,0,0,126.21666666666667,25.345,0.0,0.07500000000000001,0,0.9299999999999997,0,0,2
355,0.0,0,0,126.73333333333333,25.36,0.0,0.07250000000000001,0,0.8699999999999974,0,0,1
355,0.0,0,0,127.25,25.3625,0.0,0.07250000000000001,0,0.8099999999999987,0,0,1
355,0.0,0,0,127.75,25.33,0.0,0.07250000000000001,0,0.870000000000001,0,0,1
355,0.0,0,0,128.26666666666668,25.3125,0.0,0.07250000000000001,0,0.870000000000001,0,0,1
355,0.0,0,0,128.78333333333333,25.345,0.0,0.07,0,0.9299999999999997,0,0,1
355,0.0,0,0,129.28333333333333,25.33,0.0,0.07500000000000001,0,0.870000000000001,0,0,2
355,0.0,0,0,129.8,25.3125,0.0,0.0675,0,0.870000000000001,0,0,1
355,0.0,0,0,130.31666666666666,25.345,0.0,0.07500000000000001,0,0.9299999999999997,0,0,2
355,0.0,0,0,130.81666666666666,25.345,0.0,0.07250000000000001,0,0.9299999999999997,0,0,1
355,0.0,0,0,131.33333333333334,25.33,0.0,0.07500000000000001,0,0.870000000000001,0,0,2
355,0.0,0,0,131.83333333333334,25.314999999999998,0.0,0.07,0,0.8100000000000023,0,0,1
355,0.0,0,0,132.35,25.3125,0.0,0.07250000000000001,0,0.870000000000001,0,0,1
355,0.0,0,0,132.86666666666667,25.33,0.0,0.07250000000000001,0,0.870000000000001,0,0,1
355,0.0,0,0,133.36666666666667,25.345,0.0,0.06999999999999999,0,0.9299999999999997,0,0,1
355,0.0,0,0,133.88333333333333,25.33,0.0,0.07500000000000001,0,0.870000000000001,0,0,2
355,0.0,0,0,134.4,25.33,0.0,0.07250000000000001,0,0.870000000000001,0,0,1
355,0.0,0,0,134.9,25.33,0.0,0.07250000000000001,0,0.870000000000001,0,0,1
355,0.0,0,0,135.41666666666666,25.33,0.0,0.07250000000000001,0,0.870000000000001,0,0,1
355,0.0,0,0,135.93333333333334,25.345,0.0,0.07250000000000001,0,0.8099999999999987,0,0,1
355,0.0,0,0,136.43333333333334,25.33,0.0,0.0675,0,0.75,0,0,1
355,0.0,0,0,136.95,25.345,0.0,0.07250000000000001,0,0.8099999999999987,0,0,1
355,0.0,0,0,137.45,25.3625,0.0,0.07250000000000001,0,0.8099999999999987,0,0,1
355,0.0,0,0,137.96666666666667,25.33,0.0,0.07,0,0.870000000000001,0,0,1
355,0.0,0,0,138.48333333333332,25.33,0.0,0.0775,0,0.75,0,0,2
355,0.0,0,0,138.98333333333332,25.3475,0.0,0.07500000000000001,0,0.870000000000001,0,0,2
355,0.0,0,0,139.5,25.33,0.0,0.07,0,0.75,0,0,1
355,0.0,0,0,140.01666666666668,25.33,0.0,0.07,0,0.870000000000001,0,0,1
355,0.0,0,0,140.51666666666668,25.33,0.0,0.07,0,0.870000000000001,0,0,1
355,0.0,0,0,141.03333333333333,25.3125,0.0,0.07,0,0.870000000000001,0,0,1
355,0.0,0,0,141.55,25.3125,0.0,0.07,0,0.870000000000001,0,0,1
355,0.0,0,0,142.05,25.33,0.0,0.07,0,0.870000000000001,0,0,1
355,0.0,0,0,142.56666666666666,25.33,0.0,0.0675,0,0.870000000000001,0,0,1
355,0.0,0,0,143.06666666666666,25.3475,0.0,0.07,0,0.870000000000001,0,0,1
355,0.0,0,0,143.58333333333334,25.33,0.0,0.07250000000000001,0,0.870000000000001,0,0,1
355,0.0,0,0,144.1,25.3125,0.0,0.07,0,0.870000000000001,0,0,1
355,0.0,0,0,144.6,25.3125,0.0,0.07,0,0.870000000000001,0,0,1
355,0.0,0,0,145.11666666666667,25.33,0.0,0.07,0,0.870000000000001,0,0,1
355,0.0,0,0,145.63333333333333,25.2975,0.0,0.07250000000000001,0,0.8100000000000023,0,0,1
355,0.0,0,0,146.13333333333333,25.3125,0.0,0.07250000000000001,0,0.870000000000001,0,0,1
355,0.0,0,0,146.65,25.3125,0.0,0.07,0,0.870000000000001,0,0,1
355,0.0,0,0,147.16666666666666,25.2975,0.0,0.07,0,0.8100000000000023,0,0,1
355,0.0,0,0,147.66666666666666,25.3125,0.0,0.07500000000000001,0,0.870000000000001,0,0,2
355,0.0,0,0,148.18333333333334,25.3125,0.0,0.07250000000000001,0,0.870000000000001,0,0,1
355,0.0,0,0,148.68333333333334,25.3125,0.0,0.0675,0,0.870000000000001,0,0,1
355,0.0,0,0,149.2,25.33,0.0,0.07250000000000001,0,0.870000000000001,0,0,1
355,0.0,0,0,149.71666666666667,25.3125,0.0,0.07,0,0.870000000000001,0,0,1
355,0.0,0,0,150.21666666666667,25.3125,0.0,0.07500000000000001,0,0.870000000000001,0,0,2
355,0.0,0,0,150.73333333333332,25.3125,0.0,0.07250000000000001,0,0.870000000000001,0,0,1
355,0.0,0,0,151.25,25.3275,0.0,0.07,0,0.9299999999999997,0,0,1
355,0.0,0,0,151.75,25.3125,0.0,0.07500000000000001,0,0.870000000000001,0,0,2
355,0.0,0,0,152.26666666666668,25.33,0.0,0.07,0,0.870000000000001,0,0,1
355,0.0,0,0,152.78333333333333,25.3125,0.0,0.07500000000000001,0,0.870000000000001,0,0,2
355,0.0,0,0,153.28333333333333,25.3125,0.0,0.0675,0,0.870000000000001,0,0,1
355,0.0,0,0,153.8,25.345,0.0,0.0775,0,0.9299999999999997,0,0,2
355,0.0,0,0,154.81666666666666,25.294999999999998,0.0,0.0675,0,0.9400000000000013,0,0,1
355,0.0,0,0,155.33333333333334,25.3125,0.0,0.07250000000000001,0,0.870000000000001,0,0,1
355,0.0,0,0,155.83333333333334,25.3125,0.0,0.07,0,0.870000000000001,0,0,1
355,0.0,0,0,156.35,25.3275,0.0,0.07500000000000001,0,0.9299999999999997,0,0,2
355,0.0,0,0,156.86666666666667,25.294999999999998,0.0,0.0675,0,0.9400000000000013,0,0,1
355,0.0,0,0,157.36666666666667,25.33,0.0,0.07250000000000001,0,0.870000000000001,0,0,1
355,0.0,0,0,157.88333333333333,25.3125,0.0,0.0725,0,0.870000000000001,0,0,1
355,0.0,0,0,158.38333333333333,25.3125,0.0,0.07250000000000001,0,0.870000000000001,0,0,1
355,0.0,0,0,158.9,25.3125,0.0,0.0675,0,0.870000000000001,0,0,1
355,0.0,0,0,159.41666666666666,25.3125,0.0,0.07,0,0.870000000000001,0,0,1
355,0.0,0,0,159.91666666666666,25.3125,0.0,0.07250000000000001,0,0.870000000000001,0,0,1
355,0.0,0,0,160.43333333333334,25.2975,0.0,0.07,0,0.8100000000000023,0,0,1
355,0.0,0,0,160.95,25.3125,0.0,0.0725,0,0.870000000000001,0,0,1
355,0.0,0,0,161.45,25.33,0.0,0.07,0,0.870000000000001,0,0,1
355,0.0,0,0,161.96666666666667,25.33,0.0,0.0725,0,0.870000000000001,0,0,1
355,0.0,0,0,162.48333333333332,25.2975,0.0,0.0675,0,0.8100000000000023,0,0,1
355,0.0,0,0,162.98333333333332,25.2975,0.0,0.07250000000000001,0,0.8100000000000023,0,0,1
355,0.0,0,0,163.5,25.2975,0.0,0.07250000000000001,0,0.8100000000000023,0,0,1
355,0.0,0,0,164.0,25.2975,0.0,0.07500000000000001,0,0.8100000000000023,0,0,2
355,0.0,0,0,164.51666666666668,25.33,0.0,0.0675,0,0.870000000000001,0,0,1
355,0.0,0,0,165.03333333333333,25.2975,0.0,0.0675,0,0.8100000000000023,0,0,1
355,0.0,0,0,165.53333333333333,25.3125,0.0,0.07,0,0.870000000000001,0,0,1
355,0.0,0,0,166.05,25.2975,0.0,0.07250000000000001,0,0.8100000000000023,0,0,1
355,0.0,0,0,166.56666666666666,25.314999999999998,0.0,0.07,0,0.8100000000000023,0,0,1
355,0.0,0,0,167.06666666666666,25.314999999999998,0.0,0.07,0,0.8100000000000023,0,0,1
355,0.0,0,0,167.58333333333334,25.314999999999998,0.0,0.07250000000000001,0,0.8100000000000023,0,0,1
355,0.0,0,0,168.1,25.2975,0.0,0.0675,0,0.8100000000000023,0,0,1
355,0.0,0,0,168.6,25.2975,0.0,0.0675,0,0.8100000000000023,0,0,1
355,0.0,0,0,169.11666666666667,25.314999999999998,0.0,0.075,0,0.8100000000000023,0,0,2
355,0.0,0,0,169.61666666666667,25.2975,0.0,0.07250000000000001,0,0.8100000000000023,0,0,1
355,0.0,0,0,170.13333333333333,25.2975,0.0,0.07,0,0.8100000000000023,0,0,1
355,0.0,0,0,170.65,25.2975,0.0,0.07,0,0.8100000000000023,0,0,1
355,0.0,0,0,171.15,25.2975,0.0,0.07,0,0.8100000000000023,0,0,1
355,0.0,0,0,171.66666666666666,25.2975,0.0,0.07500000000000001,0,0.8100000000000023,0,0,2
355,0.0,0,0,172.18333333333334,25.2975,0.0,0.0675,0,0.8100000000000023,0,0,1
355,0.0,0,0,172.68333333333334,25.279999999999998,0.0,0.07500000000000001,0,0.8800000000000026,0,0,2
355,0.0,0,0,173.2,25.294999999999998,0.0,0.07250000000000001,0,0.9400000000000013,0,0,1
355,0.0,0,0,173.71666666666667,25.294999999999998,0.0,0.07,0,0.9400000000000013,0,0,1
355,0.0,0,0,174.21666666666667,25.294999999999998,0.0,0.07250000000000001,0,0.9400000000000013,0,0,1
355,0.0,0,0,174.73333333333332,25.3125,0.0,0.07250000000000001,0,0.870000000000001,0,0,1
355,0.0,0,0,175.23333333333332,25.3125,0.0,0.07,0,0.870000000000001,0,0,1
355,0.0,0,0,175.75,25.279999999999998,0.0,0.07,0,0.8800000000000026,0,0,1
355,0.0,0,0,176.26666666666668,25.2975,0.0,0.07250000000000001,0,0.8100000000000023,0,0,1
355,0.0,0,0,176.76666666666668,25.314999999999998,0.0,0.0675,0,0.8100000000000023,0,0,1
355,0.0,0,0,177.28333333333333,25.2975,0.0,0.07250000000000001,0,0.8100000000000023,0,0,1
355,0.0,0,0,177.8,25.2975,0.0,0.0675,0,0.8100000000000023,0,0,1
355,0.0,0,0,178.3,25.3125,0.0,0.07250000000000001,0,0.870000000000001,0,0,1
355,0.0,0,0,178.81666666666666,25.2975,0.0,0.07,0,0.8100000000000023,0,0,1
355,0.0,0,0,179.33333333333334,25.314999999999998,0.0,0.07,0,0.8100000000000023,0,0,1
355,0.0,0,0,179.83333333333334,25.3125,0.0,0.07,0,0.870000000000001,0,0,1
355,0.0,0,0,180.35,25.279999999999998,0.0,0.07250000000000001,0,0.8800000000000026,0,0,1
355,0.0,0,0,180.85,25.279999999999998,0.0,0.07250000000000001,0,0.8800000000000026,0,0,1
355,0.0,0,0,181.36666666666667,25.279999999999998,0.0,0.0725,0,0.8800000000000026,0,0,1
355,0.0,0,0,181.88333333333333,25.3125,0.0,0.07,0,0.870000000000001,0,0,1
355,0.0,0,0,182.38333333333333,25.2975,0.0,0.07,0,0.8100000000000023,0,0,1
355,0.0,0,0,182.9,25.2975,0.0,0.07500000000000001,0,0.8100000000000023,0,0,2
355,0.0,0,0,183.41666666666666,25.2975,0.0,0.0675,0,0.8100000000000023,0,0,1
355,0.0,0,0,183.91666666666666,25.3125,0.0,0.075,0,0.870000000000001,0,0,2
355,0.0,0,0,184.43333333333334,25.3125,0.0,0.07250000000000001,0,0.870000000000001,0,0,1
355,0.0,0,0,184.95,25.2975,0.0,0.07250000000000001,0,0.8100000000000023,0,0,1
355,0.0,0,0,185.45,25.294999999999998,0.0,0.07,0,0.9400000000000013,0,0,1
355,0.0,0,0,185.96666666666667,25.3125,0.0,0.0775,0,0.870000000000001,0,0,2
355,0.0,0,0,186.46666666666667,25.3125,0.0,0.07250000000000001,0,0.870000000000001,0,0,1
355,0.0,0,0,186.98333333333332,25.279999999999998,0.0,0.07,0,0.8800000000000026,0,0,1
355,0.0,0,0,187.5,25.3125,0.0,0.07,0,0.870000000000001,0,0,1
355,0.0,0,0,188.0,25.2975,0.0,0.065,0,0.8100000000000023,0,0,0
355,0.0,0,0,188.51666666666668,25.3125,0.0,0.0675,0,0.870000000000001,0,0,1
355,0.0,0,0,189.03333333333333,25.279999999999998,0.0,0.0675,0,0.8800000000000026,0,0,1
355,0.0,0,0,189.53333333333333,25.2975,0.0,0.07,0,0.8100000000000023,0,0,1
355,0.0,0,0,190.05,25.279999999999998,0.0,0.07,0,0.8800000000000026,0,0,1
355,0.0,0,0,190.55,25.294999999999998,0.0,0.07250000000000001,0,0.9400000000000013,0,0,1
355,0.0,0,0,191.06666666666666,25.314999999999998,0.0,0.0775,0,0.8100000000000023,0,0,2
355,0.0,0,0,191.58333333333334,25.2975,0.0,0.0675,0,0.8100000000000023,0,0,1
355,0.0,0,0,192.08333333333334,25.279999999999998,0.0,0.07,0,0.8800000000000026,0,0,1
355,0.0,0,0,192.6,25.264999999999997,0.0,0.07,0,0.8200000000000003,0,0,1
355,0.0,0,0,193.11666666666667,25.279999999999998,0.0,0.07250000000000001,0,0.8800000000000026,0,0,1
355,0.0,0,0,193.61666666666667,25.279999999999998,0.0,0.0725,0,0.8800000000000026,0,0,1
355,0.0,0,0,194.13333333333333,25.279999999999998,0.0,0.07,0,0.8800000000000026,0,0,1
355,0.0,0,0,194.65,25.279999999999998,0.0,0.07,0,0.8800000000000026,0,0,1
355,0.0,0,0,195.15,25.279999999999998,0.0,0.07,0,0.8800000000000026,0,0,1
355,0.0,0,0,195.66666666666666,25.279999999999998,0.0,0.07250000000000001,0,0.8800000000000026,0,0,1
355,0.0,0,0,196.16666666666666,25.279999999999998,0.0,0.07250000000000001,0,0.8800000000000026,0,0,1
355,0.0,0,0,196.68333333333334,25.279999999999998,0.0,0.07,0,0.8800000000000026,0,0,1
355,0.0,0,0,197.2,25.279999999999998,0.0,0.07,0,0.8800000000000026,0,0,1
355,0.0,0,0,197.7,25.279999999999998,0.0,0.07,0,0.8800000000000026,0,0,1
355,0.0,0,0,198.21666666666667,25.279999999999998,0.0,0.07,0,0.8800000000000026,0,0,1
355,0.0,0,0,198.73333333333332,25.279999999999998,0.0,0.07,0,0.8800000000000026,0,0,1
355,0.0,0,0,199.23333333333332,25.2825,0.0,0.07,0,0.75,0,0,1
355,0.0,0,0,199.75,25.2975,0.0,0.0675,0,0.8100000000000023,0,0,1
355,0.0,0,0,200.26666666666668,25.294999999999998,0.0,0.07250000000000001,0,0.9400000000000013,0,0,1
355,0.0,0,0,200.76666666666668,25.279999999999998,0.0,0.07250000000000001,0,0.8800000000000026,0,0,1
355,0.0,0,0,201.28333333333333,25.279999999999998,0.0,0.07,0,0.8800000000000026,0,0,1
355,0.0,0,0,201.78333333333333,25.279999999999998,0.0,0.07250000000000001,0,0.8800000000000026,0,0,1
355,0.0,0,0,202.3,25.264999999999997,0.0,0.07,0,0.8200000000000003,0,0,1
355,0.0,0,0,202.81666666666666,25.279999999999998,0.0,0.0725,0,0.8800000000000026,0,0,1
355,0.0,0,0,203.31666666666666,25.279999999999998,0.0,0.07250000000000001,0,0.8800000000000026,0,0,1
355,0.0,0,0,203.83333333333334,25.2975,0.0,0.0775,0,0.8100000000000023,0,0,2
355,0.0,0,0,204.35,25.279999999999998,0.0,0.07500000000000001,0,0.8800000000000026,0,0,2
355,0.0,0,0,204.85,25.279999999999998,0.0,0.07250000000000001,0,0.8800000000000026,0,0,1
355,0.0,0,0,205.36666666666667,25.279999999999998,0.0,0.07,0,0.8800000000000026,0,0,1
355,0.0,0,0,205.88333333333333,25.279999999999998,0.0,0.065,0,0.8800000000000026,0,0,0
355,0.0,0,0,206.38333333333333,25.279999999999998,0.0,0.07,0,0.8800000000000026,0,0,1
355,0.0,0,0,206.9,25.279999999999998,0.0,0.07,0,0.8800000000000026,0,0,1
355,0.0,0,0,207.4,25.279999999999998,0.0,0.0675,0,0.8800000000000026,0,0,1
355,0.0,0,0,207.91666666666666,25.294999999999998,0.0,0.0675,0,0.9400000000000013,0,0,1
355,0.0,0,0,208.43333333333334,25.279999999999998,0.0,0.07,0,0.8800000000000026,0,0,1
355,0.0,0,0,208.93333333333334,25.279999999999998,0.0,0.075,0,0.8800000000000026,0,0,2
355,0.0,0,0,209.45,25.279999999999998,0.0,0.07500000000000001,0,0.8800000000000026,0,0,2
355,0.0,0,0,209.96666666666667,25.279999999999998,0.0,0.07500000000000001,0,0.8800000000000026,0,0,2
355,0.0,0,0,210.98333333333332,25.25,0.0,0.07,0,0.8200000000000003,0,0,1
355,0.0,0,0,211.5,25.264999999999997,0.0,0.07250000000000001,0,0.8200000000000003,0,0,1
355,0.0,0,0,212.0,25.279999999999998,0.0,0.07,0,0.8800000000000026,0,0,1
355,0.0,0,0,212.51666666666668,25.279999999999998,0.0,0.07250000000000001,0,0.8800000000000026,0,0,1
355,0.0,0,0,213.01666666666668,25.264999999999997,0.0,0.07250000000000001,0,0.8200000000000003,0,0,1
355,0.0,0,0,213.53333333333333,25.265,0.0,0.07,0,0.8800000000000026,0,0,1
355,0.0,0,0,214.05,25.279999999999998,0.0,0.07250000000000001,0,0.8800000000000026,0,0,1
355,0.0,0,0,214.55,25.279999999999998,0.0,0.07500000000000001,0,0.8800000000000026,0,0,2
355,0.0,0,0,215.06666666666666,25.279999999999998,0.0,0.07500000000000001,0,0.8800000000000026,0,0,2
355,0.0,0,0,215.58333333333334,25.279999999999998,0.0,0.0725,0,0.8800000000000026,0,0,1
355,0.0,0,0,216.08333333333334,25.279999999999998,0.0,0.08499999999999999,0,0.8800000000000026,0,0,2
355,0.0,0,0,216.6,25.279999999999998,0.0,0.07500000000000001,0,0.8800000000000026,0,0,2
355,0.0,0,0,217.11666666666667,25.279999999999998,0.0,0.07,0,0.8800000000000026,0,0,1
355,0.0,0,0,217.61666666666667,25.279999999999998,0.0,0.10500000000000001,0,0.8800000000000026,0,0,2
355,0.0,0,0,218.13333333333333,25.279999999999998,0.0,0.0675,0,0.8800000000000026,0,0,1
355,0.0,0,0,218.63333333333333,25.279999999999998,0.0,0.07250000000000001,0,0.8800000000000026,0,0,1
355,0.0,0,0,219.15,25.279999999999998,0.0,0.07500000000000001,0,0.8800000000000026,0,0,2
355,0.0,0,0,219.66666666666666,25.279999999999998,0.0,0.0675,0,0.8800000000000026,0,0,1
355,0.0,0,0,220.16666666666666,25.279999999999998,0.0,0.07250000000000001,0,0.8800000000000026,0,0,1
355,0.0,0,0,220.68333333333334,25.279999999999998,0.0,0.0675,0,0.8800000000000026,0,0,1
355,0.0,0,0,221.2,25.265,0.0,0.07,0,0.8800000000000026,0,0,1
355,0.0,0,0,221.7,25.279999999999998,0.0,0.07500000000000001,0,0.8800000000000026,0,0,2
355,0.0,0,0,222.21666666666667,25.294999999999998,0.0,0.07,0,0.9400000000000013,0,0,1
355,0.0,0,0,222.73333333333332,25.279999999999998,0.0,0.075,0,0.8800000000000026,0,0,2
355,0.0,0,0,223.23333333333332,25.279999999999998,0.0,0.07500000000000001,0,0.8800000000000026,0,0,2
355,0.0,0,0,223.75,25.294999999999998,0.0,0.07500000000000001,0,0.9400000000000013,0,0,2
355,0.0,0,0,224.25,25.294999999999998,0.0,0.07,0,0.9400000000000013,0,0,1
355,0.0,0,0,224.76666666666668,25.279999999999998,0.0,0.0675,0,0.8800000000000026,0,0,1
355,0.0,0,0,225.28333333333333,25.279999999999998,0.0,0.07,0,0.8800000000000026,0,0,1
355,0.0,0,0,225.78333333333333,25.279999999999998,0.0,0.0675,0,0.8800000000000026,0,0,1
355,0.0,0,0,226.3,25.279999999999998,0.0,0.07,0,0.8800000000000026,0,0,1
355,0.0,0,0,226.81666666666666,25.279999999999998,0.0,0.07500000000000001,0,0.8800000000000026,0,0,2
355,0.0,0,0,227.31666666666666,25.279999999999998,0.0,0.07,0,0.8800000000000026,0,0,1
355,0.0,0,0,227.83333333333334,25.279999999999998,0.0,0.07,0,0.8800000000000026,0,0,1
355,0.0,0,0,228.85,25.279999999999998,0.0,0.07250000000000001,0,0.8800000000000026,0,0,1
355,0.0,0,0,229.36666666666667,25.25,0.0,0.07250000000000001,0,0.8200000000000003,0,0,1
355,0.0,0,0,229.86666666666667,25.2825,0.0,0.07250000000000001,0,0.8200000000000003,0,0,1
355,0.0,0,0,230.38333333333333,25.279999999999998,0.0,0.07250000000000001,0,0.8800000000000026,0,0,1
355,0.0,0,0,230.9,25.279999999999998,0.0,0.07,0,0.8800000000000026,0,0,1
355,0.0,0,0,231.4,25.279999999999998,0.0,0.0675,0,0.8800000000000026,0,0,1
355,0.0,0,0,231.91666666666666,25.264999999999997,0.0,0.07750000000000001,0,0.8200000000000003,0,0,2
355,0.0,0,0,232.43333333333334,25.279999999999998,0.0,0.07250000000000001,0,0.8800000000000026,0,0,1
355,0.0,0,0,232.93333333333334,25.25,0.0,0.07250000000000001,0,0.8200000000000003,0,0,1
355,0.0,0,0,233.45,25.265,0.0,0.07,0,0.8800000000000026,0,0,1
355,0.0,0,0,233.95,25.265,0.0,0.07250000000000001,0,0.8800000000000026,0,0,1
355,0.0,0,0,234.46666666666667,25.28,0.0,0.07250000000000001,0,0.9400000000000013,0,0,1
355,0.0,0,0,234.98333333333332,25.279999999999998,0.0,0.07250000000000001,0,0.8800000000000026,0,0,1
355,0.0,0,0,235.48333333333332,25.279999999999998,0.0,0.07250000000000001,0,0.8800000000000026,0,0,1
355,0.0,0,0,236.0,25.265,0.0,0.07250000000000001,0,0.8800000000000026,0,0,1
355,0.0,0,0,236.51666666666668,25.279999999999998,0.0,0.07,0,0.8800000000000026,0,0,1
355,0.0,0,0,237.01666666666668,25.265,0.0,0.07250000000000001,0,0.8800000000000026,0,0,1
355,0.0,0,0,237.53333333333333,25.264999999999997,0.0,0.0675,0,0.8200000000000003,0,0,1
355,0.0,0,0,238.05,25.265,0.0,0.07250000000000001,0,0.8800000000000026,0,0,1
355,0.0,0,0,238.55,25.25,0.0,0.07250000000000001,0,0.8200000000000003,0,0,1
355,0.0,0,0,239.06666666666666,25.279999999999998,0.0,0.0725,0,0.8800000000000026,0,0,1
355,0.0,0,0,239.56666666666666,25.25,0.0,0.0675,0,0.8200000000000003,0,0,1
355,0.0,0,0,240.08333333333334,25.279999999999998,0.0,0.07250000000000001,0,0.8800000000000026,0,0,1
355,0.0,0,0,240.6,25.264999999999997,0.0,0.07,0,0.8200000000000003,0,0,1
355,0.0,0,0,241.1,25.264999999999997,0.0,0.07250000000000001,0,0.8200000000000003,0,0,1
355,0.0,0,0,241.61666666666667,25.264999999999997,0.0,0.07,0,0.8200000000000003,0,0,1
355,0.0,0,0,242.13333333333333,25.279999999999998,0.0,0.07,0,0.8800000000000026,0,0,1
355,0.0,0,0,242.63333333333333,25.279999999999998,0.0,0.07,0,0.8800000000000026,0,0,1
355,0.0,0,0,243.15,25.279999999999998,0.0,0.07250000000000001,0,0.8800000000000026,0,0,1
355,0.0,0,0,243.66666666666666,25.279999999999998,0.0,0.07,0,0.8800000000000026,0,0,1
355,0.0,0,0,244.16666666666666,25.265,0.0,0.07,0,0.8800000000000026,0,0,1
355,0.0,0,0,244.68333333333334,25.279999999999998,0.0,0.07500000000000001,0,0.8800000000000026,0,0,2
355,0.0,0,0,245.18333333333334,25.25,0.0,0.07,0,0.8200000000000003,0,0,1
355,0.0,0,0,245.7,25.264999999999997,0.0,0.075,0,0.8200000000000003,0,0,2
355,0.0,0,0,246.21666666666667,25.264999999999997,0.0,0.07,0,0.8200000000000003,0,0,1
355,0.0,0,0,246.71666666666667,25.279999999999998,0.0,0.07250000000000001,0,0.8800000000000026,0,0,1
355,0.0,0,0,247.23333333333332,25.279999999999998,0.0,0.07500000000000001,0,0.8800000000000026,0,0,2
355,0.0,0,0,247.75,25.279999999999998,0.0,0.07500000000000001,0,0.8800000000000026,0,0,2
355,0.0,0,0,248.25,25.279999999999998,0.0,0.07,0,0.8800000000000026,0,0,1
355,0.0,0,0,248.76666666666668,25.265,0.0,0.0675,0,0.8800000000000026,0,0,1
355,0.0,0,0,249.28333333333333,25.279999999999998,0.0,0.07250000000000001,0,0.8800000000000026,0,0,1
355,0.0,0,0,249.78333333333333,25.279999999999998,0.0,0.0675,0,0.8800000000000026,0,0,1
355,0.0,0,0,250.3,25.279999999999998,0.0,0.07,0,0.8800000000000026,0,0,1
355,0.0,0,0,250.8,25.25,0.0,0.0675,0,0.8800000000000026,0,0,1
355,0.0,0,0,251.31666666666666,25.25,0.0,0.07,0,0.8200000000000003,0,0,1
355,0.0,0,0,251.83333333333334,25.25,0.0,0.07,0,0.8800000000000026,0,0,1
355,0.0,0,0,252.33333333333334,25.25,0.0,0.07,0,0.8800000000000026,0,0,1
355,0.0,0,0,252.85,25.265,0.0,0.07,0,0.8800000000000026,0,0,1
355,0.0,0,0,253.36666666666667,25.265,0.0,0.0675,0,0.8800000000000026,0,0,1
355,0.0,0,0,253.86666666666667,25.279999999999998,0.0,0.0725,0,0.8800000000000026,0,0,1
355,0.0,0,0,254.38333333333333,25.235,0.0,0.07250000000000001,0,0.879999999999999,0,0,1
355,0.0,0,0,254.9,25.279999999999998,0.0,0.075,0,0.8800000000000026,0,0,2
355,0.0,0,0,255.4,25.25,0.0,0.0775,0,0.9400000000000013,0,0,2
355,0.0,0,0,255.91666666666666,25.265,0.0,0.07250000000000001,0,0.8800000000000026,0,0,1
355,0.0,0,0,256.4166666666667,25.265,0.0,0.07500000000000001,0,0.8800000000000026,0,0,2
355,0.0,0,0,256.93333333333334,25.25,0.0,0.07,0,0.8800000000000026,0,0,1
355,0.0,0,0,257.45,25.25,0.0,0.07,0,0.9400000000000013,0,0,1
355,0.0,0,0,257.95,25.25,0.0,0.0675,0,0.8200000000000003,0,0,1
355,0.0,0,0,258.46666666666664,25.25,0.0,0.075,0,0.8800000000000026,0,0,2
355,0.0,0,0,258.98333333333335,25.279999999999998,0.0,0.07250000000000001,0,0.8800000000000026,0,0,1
355,0.0,0,0,259.48333333333335,25.279999999999998,0.0,0.07,0,0.8800000000000026,0,0,1
355,0.0,0,0,260.0,25.265,0.0,0.07,0,0.8800000000000026,0,0,1
355,0.0,0,0,260.51666666666665,25.294999999999998,0.0,0.0675,0,0.9400000000000013,0,0,1
355,0.0,0,0,261.01666666666665,25.279999999999998,0.0,0.07250000000000001,0,0.8800000000000026,0,0,1
355,0.0,0,0,261.53333333333336,25.25,0.0,0.0675,0,0.9400000000000013,0,0,1
355,0.0,0,0,262.03333333333336,25.235,0.0,0.07250000000000001,0,0.9400000000000013,0,0,1
355,0.0,0,0,262.55,25.28,0.0,0.07,0,0.9400000000000013,0,0,1
355,0.0,0,0,263.06666666666666,25.25,0.0,0.07500000000000001,0,0.9400000000000013,0,0,2
355,0.0,0,0,263.56666666666666,25.25,0.0,0.07,0,0.9400000000000013,0,0,1
355,0.0,0,0,264.0833333333333,25.235,0.0,0.07,0,0.9400000000000013,0,0,1
355,0.0,0,0,264.6,25.25,0.0,0.07250000000000001,0,0.9400000000000013,0,0,1
355,0.0,0,0,265.1,25.25,0.0,0.075,0,0.879999999999999,0,0,2
355,0.0,0,0,265.6166666666667,25.265,0.0,0.0625,0,0.8800000000000026,0,0,0
355,0.0,0,0,266.6333333333333,25.22,0.0,0.075,0,0.879999999999999,0,0,2
355,0.0,0,0,267.15,25.235,0.0,0.07,0,0.8200000000000003,0,0,1
355,0.0,0,0,267.65,25.235,0.0,0.07250000000000001,0,0.8200000000000003,0,0,1
355,0.0,0,0,268.1666666666667,25.25,0.0,0.07,0,0.8200000000000003,0,0,1
355,0.0,0,0,268.68333333333334,25.235,0.0,0.07500000000000001,0,0.879999999999999,0,0,2
355,0.0,0,0,269.18333333333334,25.22,0.0,0.07,0,0.879999999999999,0,0,1
355,0.0,0,0,269.7,25.25,0.0,0.07,0,0.8800000000000026,0,0,1
355,0.0,0,0,270.21666666666664,25.235,0.0,0.07,0,0.8200000000000003,0,0,1
355,0.0,0,0,270.71666666666664,25.265,0.0,0.07,0,0.8800000000000026,0,0,1
355,0.0,0,0,271.23333333333335,25.265,0.0,0.07,0,0.9400000000000013,0,0,1
355,0.0,0,0,271.73333333333335,25.279999999999998,0.0,0.07250000000000001,0,0.8800000000000026,0,0,1
355,0.0,0,0,272.25,25.25,0.0,0.07250000000000001,0,0.8200000000000003,0,0,1
355,0.0,0,0,272.76666666666665,25.264999999999997,0.0,0.07500000000000001,0,0.8200000000000003,0,0,2
355,0.0,0,0,273.26666666666665,25.22,0.0,0.07250000000000001,0,0.879999999999999,0,0,1
355,0.0,0,0,273.78333333333336,25.22,0.0,0.07250000000000001,0,0.879999999999999,0,0,1
355,0.0,0,0,274.3,25.22,0.0,0.07500000000000001,0,0.879999999999999,0,0,2
355,0.0,0,0,274.8,25.25,0.0,0.07,0,0.9400000000000013,0,0,1
355,0.0,0,0,275.31666666666666,25.25,0.0,0.07,0,0.8800000000000026,0,0,1
355,0.0,0,0,275.8333333333333,25.22,0.0,0.07250000000000001,0,0.879999999999999,0,0,1
355,0.0,0,0,276.3333333333333,25.25,0.0,0.07500000000000001,0,0.8800000000000026,0,0,2
355,0.0,0,0,276.85,25.235,0.0,0.07250000000000001,0,0.9400000000000013,0,0,1
355,0.0,0,0,277.35,25.235,0.0,0.07,0,0.8200000000000003,0,0,1
355,0.0,0,0,277.8666666666667,25.235,0.0,0.07500000000000001,0,0.8200000000000003,0,0,2
355,0.0,0,0,278.3833333333333,25.235,0.0,0.07,0,0.8200000000000003,0,0,1
355,0.0,0,0,278.8833333333333,25.22,0.0,0.07250000000000001,0,0.879999999999999,0,0,1
355,0.0,0,0,279.4,25.235,0.0,0.07,0,0.8200000000000003,0,0,1
355,0.0,0,0,279.9166666666667,25.25,0.0,0.0675,0,0.8800000000000026,0,0,1
355,0.0,0,0,280.4166666666667,25.235,0.0,0.07250000000000001,0,0.8200000000000003,0,0,1
355,0.0,0,0,280.93333333333334,25.235,0.0,0.07,0,0.8200000000000003,0,0,1
355,0.0,0,0,281.45,25.22,0.0,0.0675,0,0.879999999999999,0,0,1
355,0.0,0,0,281.95,25.22,0.0,0.0675,0,0.879999999999999,0,0,1
355,0.0,0,0,282.46666666666664,25.22,0.0,0.0675,0,0.879999999999999,0,0,1
355,0.0,0,0,282.96666666666664,25.22,0.0,0.075,0,0.879999999999999,0,0,2
355,0.0,0,0,283.48333333333335,25.22,0.0,0.07,0,0.879999999999999,0,0,1
355,0.0,0,0,284.0,25.22,0.0,0.07250000000000001,0,0.879999999999999,0,0,1
355,0.0,0,0,284.5,25.22,0.0,0.075,0,0.879999999999999,0,0,2
355,0.0,0,0,285.01666666666665,25.22,0.0,0.07,0,0.879999999999999,0,0,1
355,0.0,0,0,285.53333333333336,25.25,0.0,0.07500000000000001,0,0.8200000000000003,0,0,2
355,0.0,0,0,286.03333333333336,25.22,0.0,0.07250000000000001,0,0.879999999999999,0,0,1
355,0.0,0,0,286.55,25.2025,0.0,0.07250000000000001,0,0.8099999999999987,0,0,1
355,0.0,0,0,287.06666666666666,25.22,0.0,0.07,0,0.879999999999999,0,0,1
355,0.0,0,0,287.56666666666666,25.22,0.0,0.07,0,0.879999999999999,0,0,1
355,0.0,0,0,288.0833333333333,25.22,0.0,0.07,0,0.879999999999999,0,0,1
355,0.0,0,0,288.5833333333333,25.22,0.0,0.07250000000000001,0,0.879999999999999,0,0,1
355,0.0,0,0,289.1,25.22,0.0,0.07250000000000001,0,0.879999999999999,0,0,1
355,0.0,0,0,289.6166666666667,25.22,0.0,0.07250000000000001,0,0.879999999999999,0,0,1
355,0.0,0,0,290.1166666666667,25.22,0.0,0.07,0,0.879999999999999,0,0,1
355,0.0,0,0,290.6333333333333,25.2175,0.0,0.07,0,0.8099999999999987,0,0,1
355,0.0,0,0,291.15,25.22,0.0,0.07250000000000001,0,0.879999999999999,0,0,1
355,0.0,0,0,291.65,25.22,0.0,0.07,0,0.879999999999999,0,0,1
355,0.0,0,0,292.1666666666667,25.22,0.0,0.07500000000000001,0,0.879999999999999,0,0,2
355,0.0,0,0,292.68333333333334,25.2025,0.0,0.07250000000000001,0,0.8099999999999987,0,0,1
355,0.0,0,0,293.18333333333334,25.2025,0.0,0.07250000000000001,0,0.8099999999999987,0,0,1
355,0.0,0,0,293.7,25.2175,0.0,0.07,0,0.8099999999999987,0,0,1
355,0.0,0,0,294.2,25.22,0.0,0.065,0,0.879999999999999,0,0,0
355,0.0,0,0,294.71666666666664,25.2025,0.0,0.07250000000000001,0,0.8099999999999987,0,0,1
355,0.0,0,0,295.23333333333335,25.22,0.0,0.07250000000000001,0,0.879999999999999,0,0,1
355,0.0,0,0,295.73333333333335,25.235,0.0,0.07,0,0.879999999999999,0,0,1
355,0.0,0,0,296.25,25.22,0.0,0.07250000000000001,0,0.879999999999999,0,0,1
355,0.0,0,0,296.76666666666665,25.22,0.0,0.07500000000000001,0,0.879999999999999,0,0,2
355,0.0,0,0,297.26666666666665,25.2025,0.0,0.07250000000000001,0,0.8099999999999987,0,0,1
355,0.0,0,0,297.78333333333336,25.22,0.0,0.07500000000000001,0,0.879999999999999,0,0,2
355,0.0,0,0,298.3,25.2025,0.0,0.07,0,0.8099999999999987,0,0,1
355,0.0,0,0,298.8,25.2175,0.0,0.07250000000000001,0,0.8099999999999987,0,0,1
355,0.0,0,0,299.31666666666666,25.2025,0.0,0.0675,0,0.8099999999999987,0,0,1
355,0.0,0,0,299.81666666666666,25.22,0.0,0.07,0,0.879999999999999,0,0,1
355,0.0,0,0,300.3333333333333,25.22,0.0,0.0675,0,0.879999999999999,0,0,1
355,0.0,0,0,300.85,25.22,0.0,0.0675,0,0.879999999999999,0,0,1
355,0.0,0,0,301.35,25.22,0.0,0.07250000000000001,0,0.879999999999999,0,0,1
355,0.0,0,0,301.8666666666667,25.22,0.0,0.07,0,0.879999999999999,0,0,1
355,0.0,0,0,302.3833333333333,25.2025,0.0,0.07,0,0.8099999999999987,0,0,1
355,0.0,0,0,302.8833333333333,25.205,0.0,0.0675,0,0.879999999999999,0,0,1
355,0.0,0,0,303.4,25.2025,0.0,0.07250000000000001,0,0.8099999999999987,0,0,1
355,0.0,0,0,303.9,25.2025,0.0,0.0675,0,0.8099999999999987,0,0,1
355,0.0,0,0,304.4166666666667,25.2025,0.0,0.0675,0,0.8099999999999987,0,0,1
355,0.0,0,0,304.93333333333334,25.2025,0.0,0.07250000000000001,0,0.8099999999999987,0,0,1
355,0.0,0,0,305.43333333333334,25.2025,0.0,0.07250000000000001,0,0.8099999999999987,0,0,1
355,0.0,0,0,305.95,25.22,0.0,0.0775,0,0.879999999999999,0,0,2
355,0.0,0,0,306.46666666666664,25.22,0.0,0.07,0,0.879999999999999,0,0,1
355,0.0,0,0,306.96666666666664,25.22,0.0,0.07,0,0.879999999999999,0,0,1
355,0.0,0,0,307.48333333333335,25.2025,0.0,0.07,0,0.8099999999999987,0,0,1
355,0.0,0,0,308.0,25.2025,0.0,0.07250000000000001,0,0.8099999999999987,0,0,1
355,0.0,0,0,308.5,25.2025,0.0,0.07500000000000001,0,0.8099999999999987,0,0,2
355,0.0,0,0,309.01666666666665,25.1875,0.0,0.07250000000000001,0,0.8699999999999974,0,0,1
355,0.0,0,0,309.51666666666665,25.2025,0.0,0.07250000000000001,0,0.8099999999999987,0,0,1
355,0.0,0,0,310.03333333333336,25.2025,0.0,0.0675,0,0.8099999999999987,0,0,1
355,0.0,0,0,310.55,25.2025,0.0,0.07,0,0.8099999999999987,0,0,1
355,0.0,0,0,311.05,25.2025,0.0,0.07,0,0.8099999999999987,0,0,1
355,0.0,0,0,311.56666666666666,25.2025,0.0,0.07250000000000001,0,0.8099999999999987,0,0,1
355,0.0,0,0,312.0833333333333,25.2025,0.0,0.0725,0,0.8099999999999987,0,0,1
355,0.0,0,0,312.5833333333333,25.22,0.0,0.07500000000000001,0,0.879999999999999,0,0,2
355,0.0,0,0,313.1,25.2025,0.0,0.07,0,0.8099999999999987,0,0,1
355,0.0,0,0,313.6166666666667,25.2025,0.0,0.07250000000000001,0,0.8099999999999987,0,0,1
355,0.0,0,0,314.1166666666667,25.2025,0.0,0.0675,0,0.8099999999999987,0,0,1
355,0.0,0,0,314.6333333333333,25.2025,0.0,0.07500000000000001,0,0.8099999999999987,0,0,2
355,0.0,0,0,315.1333333333333,25.2025,0.0,0.07,0,0.8099999999999987,0,0,1
355,0.0,0,0,315.65,25.2025,0.0,0.065,0,0.8099999999999987,0,0,0
355,0.0,0,0,316.1666666666667,25.2025,0.0,0.0675,0,0.8099999999999987,0,0,1
355,0.0,0,0,316.6666666666667,25.2025,0.0,0.07250000000000001,0,0.8099999999999987,0,0,1
355,0.0,0,0,317.18333333333334,25.2025,0.0,0.07250000000000001,0,0.8099999999999987,0,0,1
355,0.0,0,0,317.7,25.2025,0.0,0.07,0,0.8099999999999987,0,0,1
355,0.0,0,0,318.2,25.2025,0.0,0.07,0,0.8099999999999987,0,0,1
355,0.0,0,0,318.71666666666664,25.1725,0.0,0.07250000000000001,0,0.8699999999999974,0,0,1
355,0.0,0,0,319.23333333333335,25.1875,0.0,0.07250000000000001,0,0.8699999999999974,0,0,1
355,0.0,0,0,319.73333333333335,25.1875,0.0,0.07250000000000001,0,0.8699999999999974,0,0,1
355,0.0,0,0,320.25,25.1875,0.0,0.07250000000000001,0,0.75,0,0,1
355,0.0,0,0,320.75,25.1875,0.0,0.07500000000000001,0,0.75,0,0,2
355,0.0,0,0,321.26666666666665,25.2025,0.0,0.0675,0,0.8099999999999987,0,0,1
355,0.0,0,0,321.78333333333336,25.2025,0.0,0.07250000000000001,0,0.8099999999999987,0,0,1
355,0.0,0,0,322.8,25.1875,0.0,0.06999999999999999,0,0.8699999999999974,0,0,1
355,0.0,0,0,323.31666666666666,25.1875,0.0,0.07250000000000001,0,0.8699999999999974,0,0,1
355,0.0,0,0,323.81666666666666,25.1875,0.0,0.0675,0,0.8699999999999974,0,0,1
355,0.0,0,0,324.3333333333333,25.1875,0.0,0.0675,0,0.8699999999999974,0,0,1
355,0.0,0,0,324.85,25.1875,0.0,0.075,0,0.8699999999999974,0,0,2
355,0.0,0,0,325.35,25.2025,0.0,0.0725,0,0.8099999999999987,0,0,1
355,0.0,0,0,325.8666666666667,25.1875,0.0,0.07500000000000001,0,0.8699999999999974,0,0,2
355,0.0,0,0,326.3666666666667,25.2025,0.0,0.07,0,0.8099999999999987,0,0,1
355,0.0,0,0,326.8833333333333,25.205,0.0,0.07250000000000001,0,0.9399999999999977,0,0,1
355,0.0,0,0,327.4,25.1875,0.0,0.0725,0,0.8699999999999974,0,0,1
355,0.0,0,0,327.9,25.2025,0.0,0.0725,0,0.8099999999999987,0,0,1
355,0.0,0,0,328.4166666666667,25.2025,0.0,0.07250000000000001,0,0.8099999999999987,0,0,1
355,0.0,0,0,328.93333333333334,25.2025,0.0,0.07250000000000001,0,0.8099999999999987,0,0,1
355,0.0,0,0,329.43333333333334,25.2025,0.0,0.07,0,0.8099999999999987,0,0,1
355,0.0,0,0,329.95,25.1875,0.0,0.07,0,0.8099999999999987,0,0,1
355,0.0,0,0,330.46666666666664,25.2025,0.0,0.07,0,0.8099999999999987,0,0,1
355,0.0,0,0,330.96666666666664,25.1875,0.0,0.07,0,0.8099999999999987,0,0,1
355,0.0,0,0,331.48333333333335,25.1725,0.0,0.07500000000000001,0,0.8699999999999974,0,0,2
355,0.0,0,0,331.98333333333335,25.1875,0.0,0.0725,0,0.8699999999999974,0,0,1
355,0.0,0,0,332.5,25.2025,0.0,0.07500000000000001,0,0.8099999999999987,0,0,2
355,0.0,0,0,333.01666666666665,25.1575,0.0,0.0675,0,0.8099999999999987,0,0,1
355,0.0,0,0,333.51666666666665,25.1575,0.0,0.0675,0,0.8099999999999987,0,0,1
355,0.0,0,0,334.03333333333336,25.1725,0.0,0.07250000000000001,0,0.8099999999999987,0,0,1
355,0.0,0,0,334.55,25.1875,0.0,0.07500000000000001,0,0.8699999999999974,0,0,2
355,0.0,0,0,335.05,25.1725,0.0,0.07250000000000001,0,0.8699999999999974,0,0,1
355,0.0,0,0,335.56666666666666,25.1725,0.0,0.0675,0,0.8699999999999974,0,0,1
355,0.0,0,0,336.0833333333333,25.1725,0.0,0.07250000000000001,0,0.8699999999999974,0,0,1
355,0.0,0,0,336.5833333333333,25.1725,0.0,0.07250000000000001,0,0.8699999999999974,0,0,1
355,0.0,0,0,337.1,25.1725,0.0,0.07,0,0.8699999999999974,0,0,1
355,0.0,0,0,337.6,25.1725,0.0,0.07,0,0.8099999999999987,0,0,1
355,0.0,0,0,338.1166666666667,25.1725,0.0,0.07,0,0.8699999999999974,0,0,1
355,0.0,0,0,338.6333333333333,25.1875,0.0,0.07250000000000001,0,0.8699999999999974,0,0,1
355,0.0,0,0,339.1333333333333,25.1875,0.0,0.07,0,0.8699999999999974,0,0,1
355,0.0,0,0,339.65,25.1725,0.0,0.07250000000000001,0,0.8699999999999974,0,0,1
355,0.0,0,0,340.1666666666667,25.1725,0.0,0.07250000000000001,0,0.8699999999999974,0,0,1
355,0.0,0,0,340.6666666666667,25.1575,0.0,0.0675,0,0.8099999999999987,0,0,1
355,0.0,0,0,341.18333333333334,25.1725,0.0,0.07,0,0.8699999999999974,0,0,1
355,0.0,0,0,341.68333333333334,25.1725,0.0,0.07250000000000001,0,0.8699999999999974,0,0,1
355,0.0,0,0,342.2,25.1725,0.0,0.07250000000000001,0,0.8699999999999974,0,0,1
355,0.0,0,0,342.71666666666664,25.1575,0.0,0.07,0,0.8099999999999987,0,0,1
355,0.0,0,0,343.21666666666664,25.1725,0.0,0.0675,0,0.8099999999999987,0,0,1
355,0.0,0,0,343.73333333333335,25.1875,0.0,0.07250000000000001,0,0.8099999999999987,0,0,1
355,0.0,0,0,344.25,25.1575,0.0,0.07750000000000001,0,0.8099999999999987,0,0,2
355,0.0,0,0,344.75,25.1575,0.0,0.07500000000000001,0,0.8099999999999987,0,0,2
355,0.0,0,0,345.26666666666665,25.1725,0.0,0.07,0,0.75,0,0,1
355,0.0,0,0,345.78333333333336,25.142500000000002,0.0,0.07250000000000001,0,0.8099999999999987,0,0,1
355,0.0,0,0,346.28333333333336,25.1575,0.0,0.07,0,0.8099999999999987,0,0,1
355,0.0,0,0,346.8,25.1575,0.0,0.07250000000000001,0,0.8099999999999987,0,0,1
355,0.0,0,0,347.3,25.1575,0.0,0.07250000000000001,0,0.8099999999999987,0,0,1
355,0.0,0,0,347.81666666666666,25.1725,0.0,0.0675,0,0.8699999999999974,0,0,1
355,0.0,0,0,348.3333333333333,25.1725,0.0,0.07250000000000001,0,0.8099999999999987,0,0,1
355,0.0,0,0,348.8333333333333,25.1725,0.0,0.0725,0,0.8699999999999974,0,0,1
355,0.0,0,0,349.35,25.189999999999998,0.0,0.0675,0,0.9399999999999977,0,0,1
355,0.0,0,0,349.8666666666667,25.1725,0.0,0.0675,0,0.8699999999999974,0,0,1
355,0.0,0,0,350.3666666666667,25.157500000000002,0.0,0.07500000000000001,0,0.8699999999999974,0,0,2
355,0.0,0,0,350.8833333333333,25.157500000000002,0.0,0.07500000000000001,0,0.8699999999999974,0,0,2
355,0.0,0,0,351.4,25.157500000000002,0.0,0.07,0,0.8699999999999974,0,0,1
355,0.0,0,0,351.9,25.142500000000002,0.0,0.0725,0,0.8099999999999987,0,0,1
355,0.0,0,0,352.4166666666667,25.142500000000002,0.0,0.07,0,0.8099999999999987,0,0,1
355,0.0,0,0,352.9166666666667,25.142500000000002,0.0,0.075,0,0.8099999999999987,0,0,2
355,0.0,0,0,353.43333333333334,25.1425,0.0,0.07250000000000001,0,0.75,0,0,1
355,0.0,0,0,353.95,25.142500000000002,0.0,0.0675,0,0.8099999999999987,0,0,1
355,0.0,0,0,354.45,25.1575,0.0,0.07250000000000001,0,0.8099999999999987,0,0,1
355,0.0,0,0,354.96666666666664,25.157500000000002,0.0,0.07500000000000001,0,0.8699999999999974,0,0,2
355,0.0,0,0,355.48333333333335,25.1575,0.0,0.0675,0,0.8099999999999987,0,0,1
355,0.0,0,0,355.98333333333335,25.142500000000002,0.0,0.0675,0,0.8099999999999987,0,0,1
355,0.0,0,0,356.5,25.142500000000002,0.0,0.0675,0,0.8099999999999987,0,0,1
355,0.0,0,0,357.01666666666665,25.1575,0.0,0.0675,0,0.8099999999999987,0,0,1
355,0.0,0,0,357.51666666666665,25.1575,0.0,0.07,0,0.8099999999999987,0,0,1
355,0.0,0,0,358.03333333333336,25.142500000000002,0.0,0.07250000000000001,0,0.8099999999999987,0,0,1
355,0.0,0,0,358.53333333333336,25.1575,0.0,0.07,0,0.8099999999999987,0,0,1
355,0.0,0,0,359.05,25.1575,0.0,0.07,0,0.8099999999999987,0,0,1
355,0.0,0,0,359.56666666666666,25.1275,0.0,0.07,0,0.75,0,0,1
355,0.0,0,0,360.06666666666666,25.142500000000002,0.0,0.07,0,0.8099999999999987,0,0,1
355,0.0,0,0,360.5833333333333,25.142500000000002,0.0,0.07250000000000001,0,0.8099999999999987,0,0,1
355,0.0,0,0,361.1,25.142500000000002,0.0,0.07,0,0.8099999999999987,0,0,1
355,0.0,0,0,361.6,25.157500000000002,0.0,0.0675,0,0.8699999999999974,0,0,1
355,0.0,0,0,362.1166666666667,25.1575,0.0,0.07,0,0.8099999999999987,0,0,1
355,0.0,0,0,362.6333333333333,25.1575,0.0,0.07,0,0.8099999999999987,0,0,1
355,0.0,0,0,363.1333333333333,25.1425,0.0,0.07250000000000001,0,0.75,0,0,1
355,0.0,0,0,363.65,25.142500000000002,0.0,0.07,0,0.8099999999999987,0,0,1
355,0.0,0,0,364.15,25.1575,0.0,0.07,0,0.8099999999999987,0,0,1
355,0.0,0,0,364.6666666666667,25.142500000000002,0.0,0.0625,0,0.8099999999999987,0,0,0
355,0.0,0,0,365.18333333333334,25.1425,0.0,0.07,0,0.870000000000001,0,0,1
355,0.0,0,0,365.68333333333334,25.1575,0.0,0.07250000000000001,0,0.8099999999999987,0,0,1
355,0.0,0,0,366.2,25.1575,0.0,0.07,0,0.8099999999999987,0,0,1
355,0.0,0,0,366.71666666666664,25.1425,0.0,0.07250000000000001,0,0.870000000000001,0,0,1
355,0.0,0,0,367.21666666666664,25.1275,0.0,0.07,0,0.75,0,0,1
355,0.0,0,0,367.73333333333335,25.1275,0.0,0.07,0,0.870000000000001,0,0,1
355,0.0,0,0,368.25,25.1275,0.0,0.075,0,0.870000000000001,0,0,2
355,0.0,0,0,368.75,25.1425,0.0,0.07,0,0.870000000000001,0,0,1
355,0.0,0,0,369.26666666666665,25.1575,0.0,0.07500000000000001,0,0.8099999999999987,0,0,2
355,0.0,0,0,369.76666666666665,25.0975,0.0,0.07,0,0.75,0,0,1
355,0.0,0,0,370.28333333333336,25.1425,0.0,0.07,0,0.75,0,0,1
355,0.0,0,0,370.8,25.127499999999998,0.0,0.07,0,0.8100000000000023,0,0,1
355,0.0,0,0,371.3,25.1425,0.0,0.07,0,0.75,0,0,1
355,0.0,0,0,371.81666666666666,25.1275,0.0,0.07,0,0.75,0,0,1
355,0.0,0,0,372.3333333333333,25.1125,0.0,0.0675,0,0.8100000000000023,0,0,1
355,0.0,0,0,372.8333333333333,25.1275,0.0,0.07,0,0.75,0,0,1
355,0.0,0,0,373.35,25.1125,0.0,0.07,0,0.8100000000000023,0,0,1
355,0.0,0,0,373.8666666666667,25.1125,0.0,0.07,0,0.8100000000000023,0,0,1
355,0.0,0,0,374.3666666666667,25.1125,0.0,0.07,0,0.8100000000000023,0,0,1
355,0.0,0,0,374.8833333333333,25.0975,0.0,0.07250000000000001,0,0.75,0,0,1
355,0.0,0,0,375.3833333333333,25.1125,0.0,0.07,0,0.8100000000000023,0,0,1
355,0.0,0,0,375.9,25.1125,0.0,0.07,0,0.8100000000000023,0,0,1
355,0.0,0,0,376.4166666666667,25.1125,0.0,0.07,0,0.8100000000000023,0,0,1
355,0.0,0,0,376.9166666666667,25.1125,0.0,0.07250000000000001,0,0.8100000000000023,0,0,1
355,0.0,0,0,377.43333333333334,25.1275,0.0,0.075,0,0.870000000000001,0,0,2
355,0.0,0,0,377.95,25.1125,0.0,0.0725,0,0.8100000000000023,0,0,1
355,0.0,0,0,378.45,25.1275,0.0,0.0725,0,0.75,0,0,1
355,0.0,0,0,378.96666666666664,25.0975,0.0,0.0625,0,0.75,0,0,0
355,0.0,0,0,379.98333333333335,25.127499999999998,0.0,0.07250000000000001,0,0.8100000000000023,0,0,1
355,0.0,0,0,380.5,25.1125,0.0,0.065,0,0.8100000000000023,0,0,0
355,0.0,0,0,381.0,25.0975,0.0,0.0675,0,0.75,0,0,1
355,0.0,0,0,381.51666666666665,25.1125,0.0,0.07500000000000001,0,0.8100000000000023,0,0,2
355,0.0,0,0,382.03333333333336,25.1125,0.0,0.07,0,0.8100000000000023,0,0,1
355,0.0,0,0,382.53333333333336,25.1125,0.0,0.07250000000000001,0,0.8100000000000023,0,0,1
355,0.0,0,0,383.05,25.1125,0.0,0.07,0,0.8100000000000023,0,0,1
355,0.0,0,0,383.56666666666666,25.1275,0.0,0.07,0,0.870000000000001,0,0,1
355,0.0,0,0,384.06666666666666,25.1125,0.0,0.07,0,0.8100000000000023,0,0,1
355,0.0,0,0,384.5833333333333,25.1275,0.0,0.07,0,0.75,0,0,1
355,0.0,0,0,385.0833333333333,25.1275,0.0,0.07250000000000001,0,0.75,0,0,1
355,0.0,0,0,385.6,25.1125,0.0,0.0675,0,0.8100000000000023,0,0,1
355,0.0,0,0,386.1166666666667,25.1125,0.0,0.07250000000000001,0,0.8100000000000023,0,0,1
355,0.0,0,0,386.6166666666667,25.1125,0.0,0.0675,0,0.8100000000000023,0,0,1
350,-0.0461538461538,0,0,387.1333333333333,25.1125,0.0,0.07500000000000001,0,0.8100000000000023,0,0,2
350,-0.0884615384615,0,0,387.65,25.1125,0.0,0.07250000000000001,0,0.8100000000000023,0,0,1
355,-0.0807692307692,0,0,388.15,25.1275,0.0,0.07250000000000001,0,0.870000000000001,0,0,1
355,-0.0730769230769,0,0,388.6666666666667,25.1125,0.0,0.07250000000000001,0,0.8100000000000023,0,0,1
355,-0.0653846153846,0,0,389.18333333333334,25.1125,0.0,0.07,0,0.8100000000000023,0,0,1
355,-0.0576923076923,0,0,389.68333333333334,25.1125,0.0,0.07250000000000001,0,0.8100000000000023,0,0,1
355,-0.05,0,0,390.2,25.1125,0.0,0.07,0,0.8100000000000023,0,0,1
355,-0.0423076923077,0,0,390.7,25.1125,0.0,0.07,0,0.8100000000000023,0,0,1
355,-0.0346153846154,0,0,391.21666666666664,25.1125,0.0,0.07,0,0.8100000000000023,0,0,1
355,-0.0269230769231,0,0,391.73333333333335,25.1125,0.0,0.065,0,0.8100000000000023,0,0,0
350,-0.0653846153846,0,0,392.23333333333335,25.1125,0.0,0.07,0,0.8100000000000023,0,0,1
355,-0.0538461538462,0,0,392.75,25.1125,0.0,0.07,0,0.8100000000000023,0,0,1
355,-0.0423076923077,0,0,393.26666666666665,25.1125,0.0,0.0675,0,0.8100000000000023,0,0,1
355,-0.0307692307692,0,0,393.76666666666665,25.1125,0.0,0.07250000000000001,0,0.8100000000000023,0,0,1
350,-0.0653846153846,0,0,394.28333333333336,25.1125,0.0,0.0675,0,0.8100000000000023,0,0,1
355,-0.05,0,0,394.8,25.0975,0.0,0.0725,0,0.75,0,0,1
355,-0.0346153846154,0,0,395.3,25.0975,0.0,0.07250000000000001,0,0.75,0,0,1
355,-0.0192307692308,0,0,395.81666666666666,25.0975,0.0,0.07,0,0.75,0,0,1
355,-0.00384615384615,0,0,396.31666666666666,25.0975,0.0,0.07250000000000001,0,0.75,0,0,1
355,0.0115384615385,0,0,396.8333333333333,25.0975,0.0,0.07,0,0.75,0,0,1
355,0.0269230769231,0,0,397.35,25.080000000000002,0.0,0.065,0,0.6799999999999997,0,0,0
355,0.0423076923077,0,0,397.85,25.0825,0.0,0.07250000000000001,0,0.75,0,0,1
355,0.0576923076923,0,0,398.3666666666667,25.0975,0.0,0.075,0,0.75,0,0,2
355,0.0730769230769,0,0,398.8833333333333,25.0975,0.0,0.07250000000000001,0,0.75,0,0,1
355,0.0884615384615,0,0,399.3833333333333,25.0825,0.0,0.07250000000000001,0,0.75,0,0,1
350,0.00769230769231,0,0,399.9,25.0975,0.0,0.07250000000000001,0,0.75,0,0,1
350,-0.0730769230769,0,0,400.4166666666667,25.0975,0.0,0.07250000000000001,0,0.75,0,0,1
355,-0.0576923076923,0,0,400.9166666666667,25.08,0.0,0.07,0,0.8200000000000003,0,0,1
355,-0.0423076923077,0,0,401.43333333333334,25.0975,0.0,0.0675,0,0.75,0,0,1
355,-0.0269230769231,0,0,401.93333333333334,25.0825,0.0,0.07250000000000001,0,0.75,0,0,1
355,-0.0115384615385,0,0,402.45,25.0475,0.0,0.07,0,0.75,0,0,1
350,-0.0423076923077,0,0,402.96666666666664,25.0825,0.0,0.065,0,0.75,0,0,0
355,-0.0230769230769,0,0,403.46666666666664,25.064999999999998,0.0,0.07500000000000001,0,0.8200000000000003,0,0,2
350,-0.05,0,0,403.98333333333335,25.0975,0.0,0.07,0,0.75,0,0,1
355,-0.0269230769231,0,0,404.5,25.0475,0.0,0.07250000000000001,0,0.75,0,0,1
355,-0.0538461538462,0,0,405.0,25.0825,0.0,0.07250000000000001,0,0.75,0,0,1
350,-0.0807692307692,0,0,405.51666666666665,25.0475,0.0,0.0675,0,0.75,0,0,1
355,-0.0576923076923,0,0,406.03333333333336,25.0475,0.0,0.07,0,0.75,0,0,1
355,-0.0346153846154,0,0,406.53333333333336,25.0825,0.0,0.07,0,0.75,0,0,1
355,-0.0615384615385,0,0,407.05,25.064999999999998,0.0,0.07500000000000001,0,0.8200000000000003,0,0,2
355,-0.0423076923077,0,0,407.55,25.0975,0.0,0.07,0,0.8100000000000023,0,0,1
350,-0.0692307692308,0,0,408.06666666666666,25.0975,0.0,0.075,0,0.75,0,0,2
355,-0.0461538461538,0,0,408.5833333333333,25.0975,0.0,0.07250000000000001,0,0.8100000000000023,0,0,1
355,-0.0230769230769,0,0,409.0833333333333,25.0975,0.0,0.07250000000000001,0,0.8100000000000023,0,0,1
355,1.23168185923e-17,0,0,409.6,25.0825,0.0,0.07,0,0.75,0,0,1
355,0.0230769230769,0,0,410.1166666666667,25.0825,0.25,0.07,0,0.75,1,0,1
350,-1.23168185923e-17,0,0,410.6166666666667,25.0825,0.5,0.07250000000000001,0,0.75,1,0,1
350,-0.0192307692308,0,0,411.1333333333333,25.064999999999998,0.5,0.07250000000000001,0,0.8200000000000003,1,0,1
350,-0.0346153846154,0,0,411.65,25.064999999999998,0.5,0.07250000000000001,0,0.8200000000000003,1,0,1
350,-0.0461538461538,0,0,412.15,25.064999999999998,0.5,0.07250000000000001,0,0.8200000000000003,1,0,1
350,-0.103846153846,0,0,412.6666666666667,25.064999999999998,0.5,0.07250000000000001,0,0.8200000000000003,1,0,1
350,-0.161538461538,0,0,413.1666666666667,25.049999999999997,0.5,0.07250000000000001,0,0.8200000000000003,1,0,1
350,-0.169230769231,0,0,413.68333333333334,25.0475,0.5,0.065,0,0.75,1,0,0
350,-0.173076923077,0,0,414.2,25.064999999999998,0.5,0.0725,0,0.8200000000000003,1,0,1
350,-0.173076923077,0,0,414.7,25.0675,0.5,0.07,0,0.75,1,0,1
350,-0.169230769231,0,0,415.21666666666664,25.065,0.5,0.07,0,0.6799999999999997,1,0,1
350,-0.211538461538,0,0,415.73333333333335,25.0325,0.75,0.07250000000000001,0,0.6900000000000013,2,0,1
355,-0.157692307692,0,0,416.75,25.0475,0.75,0.07500000000000001,0,0.75,2,0,2
350,-0.2,0,0,417.25,25.0325,0.75,0.07250000000000001,0,0.75,2,0,1
355,-0.146153846154,0,0,417.76666666666665,25.0325,0.75,0.07250000000000001,0,0.75,2,0,1
355,-0.0923076923077,0,0,418.28333333333336,25.049999999999997,0.75,0.07,0,0.8200000000000003,2,0,1
350,-0.134615384615,0,0,418.78333333333336,25.0325,0.75,0.07,0,0.75,2,0,1
355,-0.0807692307692,0,0,419.3,25.0325,1.0,0.07250000000000001,0,0.6900000000000013,2,0,1
350,-0.0730769230769,0,0,419.81666666666666,25.0325,1.0,0.07250000000000001,0,0.6900000000000013,2,0,1
355,-0.0153846153846,0,0,420.31666666666666,25.0325,1.25,0.07250000000000001,0,0.75,3,0,1
350,-0.00384615384615,0,0,420.8333333333333,25.05,1.25,0.08,0,0.6799999999999997,3,0,2
350,-0.0384615384615,0,0,421.35,25.0175,1.25,0.075,0,0.6900000000000013,3,0,2
350,-0.0230769230769,0,0,421.85,25.0175,1.25,0.07500000000000001,0,0.6900000000000013,3,0,2
350,-0.00384615384615,0,0,422.3666666666667,25.0175,1.25,0.07,0,0.6900000000000013,3,0,1
350,0.0192307692308,0,0,422.8666666666667,25.0325,1.25,0.07,0,0.75,3,0,1
350,0.0461538461538,0,0,423.3833333333333,25.0325,1.25,0.07250000000000001,0,0.6900000000000013,3,0,1
350,0.0269230769231,0,0,423.9,25.0475,1.5,0.07250000000000001,0,0.75,4,0,1
350,0.00769230769231,0,0,424.4,25.0325,1.5,0.07,0,0.6900000000000013,4,0,1
350,-0.0115384615385,0,0,424.9166666666667,25.0325,1.5,0.07250000000000001,0,0.6900000000000013,4,0,1
350,-0.0307692307692,0,0,425.43333333333334,25.0325,1.75,0.07500000000000001,0,0.75,4,0,2
350,-0.05,0,0,425.93333333333334,25.0175,1.75,0.0675,0,0.6900000000000013,4,0,1
350,-0.0692307692308,0,0,426.45,25.0175,1.75,0.07,0,0.6900000000000013,4,0,1
350,-0.0884615384615,0,0,426.96666666666664,25.0175,1.75,0.07250000000000001,0,0.6900000000000013,4,0,1
350,-0.107692307692,0,0,427.46666666666664,25.0175,2.0,0.0675,0,0.6900000000000013,5,0,1
350,-0.126923076923,0,0,427.98333333333335,25.0175,2.0,0.07,0,0.6900000000000013,5,0,1
350,-0.146153846154,0,0,428.48333333333335,25.0175,2.0,0.07250000000000001,0,0.6900000000000013,5,0,1
350,-0.165384615385,0,0,429.0,25.0,2.0,0.07,0,0.6900000000000013,5,0,1
350,-0.134615384615,0,0,429.51666666666665,25.0175,2.0,0.07250000000000001,0,0.6900000000000013,5,0,1
350,-0.15,0,0,430.01666666666665,24.985,2.0,0.07,0,0.6300000000000026,5,0,1
350,-0.115384615385,0,0,430.53333333333336,25.002499999999998,2.0,0.07,0,0.6300000000000026,5,0,1
350,-0.0769230769231,0,0,431.05,24.985,2.25,0.07250000000000001,0,0.6300000000000026,5,0,1
350,-0.0846153846154,0,0,431.55,24.985,2.25,0.07500000000000001,0,0.6300000000000026,5,0,2
350,-0.0423076923077,0,0,432.06666666666666,24.985,2.25,0.07,0,0.6300000000000026,5,0,1
350,-0.0461538461538,0,0,432.5833333333333,25.0,2.25,0.07250000000000001,0,0.6900000000000013,5,0,1
350,0.0,0,0,433.0833333333333,25.0,2.25,0.08,0,0.6900000000000013,5,0,2
350,0.0,0,0,433.6,24.985,2.25,0.07,0,0.6300000000000026,5,0,1
350,0.0,0,0,434.1,24.985,2.5,0.07,0,0.6300000000000026,6,0,1
350,0.0,0,0,434.6166666666667,25.0,2.5,0.07250000000000001,0,0.6900000000000013,6,0,1
350,0.0,0,0,435.1333333333333,25.0,2.5,0.07,0,0.6900000000000013,6,0,1
350,0.0,0,0,436.15,24.952499999999997,3.25,0.0675,0,0.5700000000000003,5,0,1
350,0.0,0,0,436.6666666666667,24.97,3.25,0.07250000000000001,0,0.5700000000000003,7,0,1
350,0.0,0,0,437.1666666666667,24.97,3.25,0.07,0,0.5700000000000003,7,0,1
350,0.0,0,0,437.68333333333334,24.97,3.5,0.07250000000000001,0,0.5700000000000003,6,0,1
350,0.0,0,0,438.2,24.967499999999998,3.5,0.07500000000000001,0,0.6300000000000026,6,0,2
350,0.0,0,0,438.7,24.982499999999998,3.5,0.0725,0,0.6900000000000013,6,0,1
350,0.0,0,0,439.21666666666664,24.967499999999998,3.5,0.07250000000000001,0,0.6300000000000026,6,0,1
350,0.0,0,0,439.71666666666664,24.967499999999998,3.75,0.07250000000000001,0,0.6300000000000026,7,0,1
350,0.0,0,0,440.23333333333335,24.967499999999998,3.75,0.07250000000000001,0,0.6300000000000026,7,0,1
350,0.0,0,0,440.75,25.002499999999998,3.75,0.07250000000000001,0,0.6300000000000026,7,0,1
350,0.0,0,0,441.25,25.0,3.75,0.07250000000000001,0,0.6900000000000013,7,0,1
350,0.0,0,0,441.76666666666665,24.967499999999998,3.75,0.07,0,0.6300000000000026,7,0,1
350,0.0,0,0,442.28333333333336,24.967499999999998,4.0,0.07250000000000001,0,0.6300000000000026,8,0,1
350,0.0,0,0,442.78333333333336,24.985,4.0,0.07250000000000001,0,0.6300000000000026,8,0,1
350,0.0,0,0,443.3,25.002499999999998,4.0,0.07250000000000001,0,0.6300000000000026,8,0,1
350,0.0,0,0,443.81666666666666,25.0175,4.0,0.07500000000000001,0,0.6900000000000013,8,0,2
350,0.0,0,0,444.31666666666666,25.002499999999998,4.0,0.07,0,0.6300000000000026,8,0,1
350,0.0,0,0,444.8333333333333,24.967499999999998,4.5,0.07500000000000001,0,0.6300000000000026,9,0,2
350,0.0,0,0,445.3333333333333,24.985,4.5,0.07750000000000001,0,0.6300000000000026,9,0,2
350,0.0,0,0,445.85,24.967499999999998,4.5,0.07500000000000001,0,0.6300000000000026,9,0,2
350,0.0,0,0,446.3666666666667,24.985,4.5,0.0775,0,0.6300000000000026,9,0,2
350,0.0,0,0,446.8666666666667,24.952499999999997,4.5,0.07250000000000001,0,0.5700000000000003,9,0,1
350,0.0,0,0,447.3833333333333,24.982499999999998,4.5,0.07,0,0.6900000000000013,9,0,1
350,0.0,0,0,447.9,24.985,4.5,0.0675,0,0.6300000000000026,9,0,1
350,0.0,0,0,448.4,24.985,4.5,0.07,0,0.6300000000000026,9,0,1
350,0.0,0,0,448.9166666666667,24.967499999999998,4.75,0.07250000000000001,0,0.6300000000000026,9,0,1
350,0.0,0,0,449.4166666666667,24.952499999999997,5.25,0.0775,0,0.5700000000000003,8,0,2
350,0.0,0,0,449.93333333333334,24.967499999999998,5.5,0.07250000000000001,0,0.6300000000000026,9,0,1
350,0.0,0,0,450.45,24.982499999999998,5.5,0.07,0,0.6900000000000013,9,0,1
350,0.0,0,0,450.95,24.982499999999998,5.5,0.07500000000000001,0,0.6900000000000013,9,0,2
350,0.0,0,0,451.46666666666664,24.9975,5.5,0.07500000000000001,0,0.75,9,0,2
350,0.0,0,0,451.98333333333335,24.967499999999998,5.5,0.07,0,0.6300000000000026,9,0,1
350,0.0,0,0,452.48333333333335,24.952499999999997,5.75,0.07250000000000001,0,0.5700000000000003,10,0,1
350,0.0,0,0,453.0,24.967499999999998,6.0,0.07,0,0.6300000000000026,10,0,1
350,0.0,0,0,453.51666666666665,24.985,6.0,0.07,0,0.6300000000000026,10,0,1
350,0.0,0,0,454.01666666666665,24.967499999999998,6.0,0.07,0,0.6300000000000026,10,0,1
350,0.0,0,0,454.53333333333336,24.967499999999998,6.25,0.07,0,0.6300000000000026,11,0,1
350,0.0,0,0,455.03333333333336,24.985,6.25,0.07250000000000001,0,0.6300000000000026,11,0,1
350,0.0,0,0,455.55,24.985,6.25,0.07,0,0.6300000000000026,11,0,1
350,0.0,0,0,456.06666666666666,24.967499999999998,6.25,0.07,0,0.6300000000000026,11,0,1
350,0.0,0,0,456.56666666666666,24.967499999999998,6.25,0.07250000000000001,0,0.6300000000000026,11,0,1
350,0.0,0,0,457.0833333333333,24.967499999999998,6.75,0.07250000000000001,0,0.6300000000000026,12,0,1
350,0.0,0,0,457.6,24.967499999999998,6.75,0.0675,0,0.6300000000000026,12,0,1
350,0.0,0,0,458.1,24.952499999999997,6.75,0.07,0,0.5700000000000003,12,0,1
350,0.0,0,0,458.6166666666667,24.952499999999997,6.75,0.07250000000000001,0,0.5700000000000003,12,0,1
350,0.0,0,0,459.1333333333333,24.952499999999997,6.75,0.075,0,0.5700000000000003,12,0,2
350,0.0,0,0,459.6333333333333,24.935,6.75,0.07500000000000001,0,0.5,12,0,2
350,0.0,0,0,460.15,24.952499999999997,6.75,0.07,0,0.5700000000000003,12,0,1
350,0.0,0,0,460.65,24.9375,6.75,0.07,0,0.5700000000000003,12,0,1
350,0.0,0,0,461.1666666666667,24.9375,7.25,0.075,0,0.5700000000000003,12,0,2
350,0.0,0,0,461.68333333333334,24.967499999999998,7.0,0.07,0,0.6300000000000026,12,0,1
350,0.0,0,0,462.18333333333334,24.952499999999997,7.5,0.07250000000000001,0,0.5700000000000003,11,0,1
350,0.0,0,0,462.7,24.9375,7.75,0.07500000000000001,0,0.5700000000000003,12,0,2
350,0.0,0,0,463.21666666666664,24.9375,7.75,0.07500000000000001,0,0.5700000000000003,12,0,2
350,0.0,0,0,463.71666666666664,24.967499999999998,7.75,0.07,0,0.6300000000000026,12,0,1
350,0.0,0,0,464.23333333333335,24.952499999999997,7.75,0.07250000000000001,0,0.5700000000000003,12,0,1
350,0.0,0,0,464.75,24.952499999999997,8.0,0.07500000000000001,0,0.5700000000000003,13,0,2
350,0.0,0,0,465.25,24.967499999999998,8.25,0.07,0,0.6300000000000026,13,0,1
350,0.0,0,0,465.76666666666665,24.97,8.25,0.0775,0,0.5700000000000003,13,0,2
350,0.0,0,0,466.26666666666665,24.935,8.5,0.07,0,0.5,13,0,1
350,0.0,0,0,466.78333333333336,24.952499999999997,8.75,0.07250000000000001,0,0.5700000000000003,14,0,1
350,0.0,0,0,467.3,24.967499999999998,8.75,0.07,0,0.6300000000000026,14,0,1
350,0.0,0,0,467.8,24.935,8.75,0.07,0,0.5,14,0,1
350,0.0,0,0,468.31666666666666,24.935,9.0,0.0675,0,0.5,14,0,1
350,0.0,0,0,468.8333333333333,24.919999999999998,9.25,0.07500000000000001,0,0.5,15,0,2
350,0.0,0,0,469.3333333333333,24.919999999999998,9.25,0.07250000000000001,0,0.5,15,0,1
350,0.0,0,0,469.85,24.935,9.5,0.07250000000000001,0,0.5,15,0,1
350,0.0,0,0,470.3666666666667,24.919999999999998,9.5,0.07250000000000001,0,0.5,15,0,1
350,0.0,0,0,470.8666666666667,24.919999999999998,9.75,0.07,0,0.5,16,0,1
350,0.0,0,0,471.3833333333333,24.919999999999998,10.0,0.07500000000000001,0,0.5,15,0,2
350,0.0,0,0,471.8833333333333,24.919999999999998,10.25,0.07250000000000001,0,0.5,15,0,1
350,0.0,0,0,472.4,24.92,10.5,0.07,0,0.5,16,0,1
350,0.0,0,0,472.9166666666667,24.92,10.5,0.07,0,0.5,16,0,1
350,0.0,0,0,473.4166666666667,24.935,10.5,0.07,0,0.5,16,0,1
350,0.0,0,0,473.93333333333334,24.935,10.5,0.07250000000000001,0,0.5,16,0,1
350,0.0,0,0,474.45,24.935,10.5,0.07500000000000001,0,0.5,16,0,2
350,0.0,0,0,474.95,24.952499999999997,10.5,0.07750000000000001,0,0.5700000000000003,16,0,2
350,0.0,0,0,475.46666666666664,24.92,10.5,0.07250000000000001,0,0.5,16,0,1
350,0.0,0,0,475.98333333333335,24.92,10.5,0.07750000000000001,0,0.5,16,0,2
350,0.0,0,0,476.48333333333335,24.952499999999997,10.5,0.07250000000000001,0,0.5700000000000003,16,0,1
350,0.0,0,0,477.0,24.9525,10.5,0.07,0,0.4299999999999997,16,0,1
350,0.0,0,0,477.5,24.935,10.5,0.0675,0,0.5,16,0,1
350,0.0,0,0,478.01666666666665,24.919999999999998,10.75,0.07500000000000001,0,0.5,17,0,2
350,0.0,0,0,478.53333333333336,24.905,10.75,0.07250000000000001,0,0.5,17,0,1
350,0.0,0,0,479.03333333333336,24.905,10.75,0.07250000000000001,0,0.5,17,0,1
350,0.0,0,0,479.55,24.89,11.25,0.07250000000000001,0,0.4400000000000013,18,0,1
350,0.0,0,0,480.06666666666666,24.905,11.25,0.07250000000000001,0,0.5,18,0,1
350,0.0,0,0,480.56666666666666,24.919999999999998,11.5,0.075,0,0.5,18,0,2
350,0.0,0,0,481.0833333333333,24.905,11.75,0.07250000000000001,0,0.5,19,0,1
350,0.0,0,0,481.5833333333333,24.89,12.25,0.0675,0,0.5,18,0,1
350,0.0,0,0,482.1,24.935,12.25,0.07,0,0.5,18,0,1
350,0.0,0,0,482.6166666666667,24.92,12.25,0.07250000000000001,0,0.5,18,0,1
350,0.0,0,0,483.1166666666667,24.935,12.0,0.08,0,0.5,18,0,2
350,0.0,0,0,483.6333333333333,24.905,12.0,0.07500000000000001,0,0.5,18,0,2
350,0.0,0,0,484.15,24.9375,12.25,0.07500000000000001,0,0.5700000000000003,18,0,2
350,0.0,0,0,484.65,24.92,12.25,0.07,0,0.5,18,0,1
350,0.0,0,0,485.1666666666667,24.935,12.5,0.07500000000000001,0,0.5,19,0,2
350,0.0,0,0,485.68333333333334,24.9375,12.5,0.07750000000000001,0,0.4299999999999997,19,0,2
350,0.0,0,0,486.18333333333334,24.905,12.75,0.07250000000000001,0,0.5,19,0,1
350,0.0,0,0,486.7,24.935,12.75,0.07,0,0.5,19,0,1
350,0.0,0,0,487.2,24.919999999999998,12.75,0.07750000000000001,0,0.5,19,0,2
350,0.0,0,0,487.71666666666664,24.919999999999998,12.75,0.07,0,0.5,19,0,1
350,0.0,0,0,488.23333333333335,24.935,13.0,0.07250000000000001,0,0.5,20,0,1
350,0.0,0,0,488.73333333333335,24.919999999999998,13.0,0.07500000000000001,0,0.5,20,0,2
350,0.0,0,0,489.25,24.9225,13.25,0.07,0,0.4299999999999997,20,0,1
350,0.0,0,0,489.76666666666665,24.905,13.25,0.07250000000000001,0,0.5,20,0,1
350,0.0,0,0,490.26666666666665,24.935,13.5,0.07,0,0.5,21,0,1
350,0.0,0,0,490.78333333333336,24.952499999999997,13.5,0.0675,0,0.5700000000000003,21,0,1
350,0.0,0,0,491.3,24.952499999999997,13.5,0.07,0,0.5700000000000003,21,0,1
350,0.0,0,0,491.8,24.967499999999998,13.5,0.075,0,0.6300000000000026,21,0,2
350,0.0,0,0,492.31666666666666,24.982499999999998,13.5,0.07250000000000001,0,0.6900000000000013,21,0,1
350,0.0,0,0,493.3333333333333,24.967499999999998,14.0,0.07,0,0.6300000000000026,22,0,1
350,0.0,0,0,493.85,24.967499999999998,14.0,0.07,0,0.6300000000000026,22,0,1
350,0.0,0,0,494.35,24.952499999999997,14.0,0.07,0,0.5700000000000003,22,0,1
350,0.0,0,0,494.8666666666667,24.967499999999998,14.0,0.075,0,0.6300000000000026,22,0,2
350,0.0,0,0,495.3833333333333,24.967499999999998,14.0,0.075,0,0.6300000000000026,22,0,2
350,0.0,0,0,495.8833333333333,24.967499999999998,14.25,0.07250000000000001,0,0.6300000000000026,23,0,1
350,0.0,0,0,496.4,24.952499999999997,14.25,0.07750000000000001,0,0.5700000000000003,23,0,2
350,0.0,0,0,496.9166666666667,24.952499999999997,14.5,0.075,0,0.5700000000000003,23,0,2
350,0.0,0,0,497.4166666666667,24.985,14.75,0.0675,0,0.5600000000000023,24,0,1
350,0.0,0,0,497.93333333333334,24.97,14.75,0.07750000000000001,0,0.5,24,0,2
350,0.0,0,0,498.43333333333334,24.97,14.75,0.07250000000000001,0,0.5,24,0,1
350,0.0,0,0,498.95,25.0,14.75,0.0675,0,0.620000000000001,24,0,1
350,0.0,0,0,499.46666666666664,24.97,14.75,0.07250000000000001,0,0.5,24,0,1
350,0.0,0,0,499.96666666666664,24.967499999999998,14.75,0.07250000000000001,0,0.6300000000000026,24,0,1
350,0.0,0,0,500.48333333333335,24.967499999999998,14.75,0.0775,0,0.6300000000000026,24,0,2
350,0.0,0,0,501.0,24.967499999999998,14.75,0.07250000000000001,0,0.6300000000000026,24,0,1
350,0.0,0,0,501.5,24.967499999999998,14.75,0.0775,0,0.6300000000000026,24,0,2
350,0.0,0,0,502.01666666666665,24.967499999999998,14.75,0.07250000000000001,0,0.6300000000000026,24,0,1
350,0.0,0,0,502.53333333333336,25.0,14.75,0.07250000000000001,0,0.620000000000001,24,0,1
350,0.0,0,0,503.03333333333336,25.0,14.75,0.07250000000000001,0,0.620000000000001,24,0,1
350,0.0,0,0,503.55,24.985,14.75,0.07250000000000001,0,0.5600000000000023,24,0,1
350,0.0,0,0,504.05,24.985,14.75,0.0725,0,0.5600000000000023,24,0,1
350,0.0,0,0,504.56666666666666,25.0,14.75,0.07250000000000001,0,0.620000000000001,24,0,1
350,0.0,0,0,505.0833333333333,24.967499999999998,14.75,0.07,0,0.6300000000000026,24,0,1
350,0.0,0,0,505.5833333333333,24.967499999999998,15.0,0.0725,0,0.6300000000000026,24,0,1
350,0.0,0,0,506.1,24.982499999999998,15.0,0.07500000000000001,0,0.6900000000000013,24,0,2
350,0.0,0,0,506.6166666666667,25.0,15.25,0.07,0,0.620000000000001,25,0,1
350,0.0,0,0,507.1166666666667,24.982499999999998,15.25,0.07250000000000001,0,0.6900000000000013,25,0,1
350,0.0,0,0,507.6333333333333,24.982499999999998,14.75,0.07250000000000001,0,0.6900000000000013,24,0,1
350,0.0,0,0,508.15,24.985,15.0,0.07,0,0.5600000000000023,24,0,1
350,0.0,0,0,508.65,24.985,15.0,0.07500000000000001,0,0.5600000000000023,24,0,2
350,0.0,0,0,509.1666666666667,25.0,15.25,0.07500000000000001,0,0.620000000000001,25,0,2
350,0.0,0,0,509.6666666666667,24.985,15.25,0.07250000000000001,0,0.5600000000000023,25,0,1
350,0.0,0,0,510.18333333333334,24.985,15.25,0.07500000000000001,0,0.5600000000000023,25,0,2
350,0.0,0,0,510.7,24.985,16.0,0.07,0,0.5600000000000023,25,0,1
350,0.0,0,0,511.2,24.985,16.0,0.07250000000000001,0,0.5600000000000023,25,0,1
350,0.0,0,0,511.71666666666664,24.985,16.0,0.07,0,0.5600000000000023,25,0,1
350,0.0,0,0,512.2333333333333,24.985,16.0,0.07,0,0.5600000000000023,25,0,1
350,0.0,0,0,512.7333333333333,24.985,16.0,0.07250000000000001,0,0.5600000000000023,25,0,1
350,0.0,0,0,513.25,25.0,16.0,0.0675,0,0.620000000000001,25,0,1
350,0.0,0,0,513.75,25.015,16.25,0.07250000000000001,0,0.6799999999999997,25,0,1
350,0.0,0,0,514.2666666666667,25.015,16.0,0.07500000000000001,0,0.6799999999999997,25,0,2
350,0.0,0,0,514.7833333333333,25.0,16.5,0.0775,0,0.620000000000001,26,0,2
350,0.0,0,0,515.2833333333333,25.0,16.5,0.07250000000000001,0,0.620000000000001,26,0,1
350,0.0,0,0,515.8,25.0,16.5,0.0775,0,0.6799999999999997,26,0,2
350,0.0,0,0,516.3166666666667,25.015,16.5,0.07250000000000001,0,0.6799999999999997,26,0,1
350,0.0,0,0,516.8166666666667,25.015,16.5,0.07,0,0.6799999999999997,26,0,1
350,0.0,0,0,517.3333333333334,25.0,16.5,0.08249999999999999,0,0.620000000000001,26,0,2
350,0.0,0,0,517.85,25.015,16.5,0.08249999999999999,0,0.6799999999999997,26,0,2
350,0.0,0,0,518.35,25.015,16.5,0.07250000000000001,0,0.6799999999999997,26,0,1
350,0.0,0,0,518.8666666666667,25.015,16.5,0.07,0,0.6799999999999997,26,0,1
350,0.0,0,0,519.3666666666667,25.0175,16.5,0.0675,0,0.620000000000001,26,0,1
350,0.0,0,0,519.8833333333333,25.0,16.5,0.07,0,0.620000000000001,26,0,1
350,0.0,0,0,520.4,25.0325,16.5,0.07750000000000001,0,0.75,26,0,2
350,0.0,0,0,520.9,25.0825,16.75,0.1175,0,0.8100000000000023,27,0,2
350,0.0,0,0,521.4166666666666,25.049999999999997,16.5,0.0975,0,0.75,26,0,2
350,0.0,0,0,521.9333333333333,25.0325,16.75,0.07250000000000001,0,0.6799999999999997,27,0,1
350,0.0,0,0,522.4333333333333,25.015,16.5,0.07250000000000001,0,0.6799999999999997,26,0,1
350,0.0,0,0,522.95,25.015,16.5,0.07250000000000001,0,0.6799999999999997,26,0,1
350,0.0,0,0,523.4666666666667,25.015,16.5,0.0725,0,0.6799999999999997,26,0,1
350,0.0,0,0,523.9666666666667,25.049999999999997,16.5,0.07250000000000001,0,0.75,26,0,1
350,0.0,0,0,524.4833333333333,25.049999999999997,16.75,0.07500000000000001,0,0.75,27,0,2
350,0.0,0,0,524.9833333333333,25.049999999999997,17.0,0.075,0,0.75,27,0,2
350,0.0,0,0,525.5,25.0325,17.0,0.0675,0,0.75,27,0,1
350,0.0,0,0,526.0166666666667,25.0325,17.0,0.07250000000000001,0,0.75,27,0,1
350,0.0,0,0,526.5166666666667,25.0325,17.0,0.07750000000000001,0,0.75,27,0,2
350,0.0,0,0,527.0333333333333,25.0325,16.75,0.07250000000000001,0,0.75,27,0,1
350,0.0,0,0,527.55,25.015,17.0,0.07500000000000001,0,0.6799999999999997,27,0,2
350,0.0,0,0,528.05,25.015,16.75,0.07,0,0.6799999999999997,27,0,1
350,0.0,0,0,528.5666666666667,25.0325,16.75,0.07,0,0.75,27,0,1
350,0.0,0,0,529.0833333333334,25.015,16.75,0.07750000000000001,0,0.6799999999999997,27,0,2
350,0.0,0,0,529.5833333333334,25.049999999999997,16.75,0.0775,0,0.75,27,0,2
350,0.0,0,0,530.1,25.0825,16.25,0.07500000000000001,0,0.8100000000000023,26,0,2
350,0.0,0,0,530.6,25.0675,16.25,0.07,0,0.75,26,0,1
350,0.0,0,0,531.1166666666667,25.0675,16.25,0.07250000000000001,0,0.75,26,0,1
350,0.0,0,0,531.6333333333333,25.0975,16.0,0.07,0,0.75,26,0,1
350,0.0,0,0,532.1333333333333,25.08,16.0,0.07,0,0.870000000000001,26,0,1
350,0.0,0,0,532.65,25.049999999999997,16.0,0.075,0,0.75,26,0,2
350,0.0,0,0,533.1666666666666,25.0825,16.0,0.07250000000000001,0,0.8100000000000023,26,0,1
350,0.0,0,0,533.6666666666666,25.08,16.25,0.0775,0,0.75,26,0,2
350,0.0,0,0,534.1833333333333,25.065,16.25,0.0775,0,0.6199999999999974,26,0,2
350,0.0,0,0,534.7,25.065,16.25,0.07,0,0.6199999999999974,26,0,1
350,0.0,0,0,535.2,25.0,16.25,0.08000000000000002,0,0.620000000000001,26,0,2
350,0.0,0,0,535.7166666666667,25.0325,16.25,0.07,0,0.5599999999999987,26,0,1
350,0.0,0,0,536.2166666666667,25.03,15.75,0.07500000000000001,0,0.6199999999999974,25,0,2
350,0.0,0,0,536.7333333333333,25.0475,16.0,0.07500000000000001,0,0.6199999999999974,26,0,2
350,0.0,0,0,537.25,25.0325,16.25,0.07750000000000001,0,0.5599999999999987,26,0,2
350,0.0,0,0,537.75,25.0325,16.25,0.07500000000000001,0,0.6799999999999997,26,0,2
350,0.0,0,0,538.2666666666667,25.0325,16.25,0.08000000000000002,0,0.5599999999999987,26,0,2
350,0.0,0,0,538.7833333333333,25.0,16.25,0.07500000000000001,0,0.620000000000001,26,0,2
350,0.0,0,0,539.2833333333333,25.0175,16.25,0.07250000000000001,0,0.620000000000001,26,0,1
350,0.0,0,0,539.8,25.015,16.25,0.07500000000000001,0,0.5599999999999987,26,0,2
350,0.0,0,0,540.3166666666667,25.0325,16.25,0.0775,0,0.5599999999999987,26,0,2
350,0.0,0,0,540.8166666666667,25.0325,16.25,0.07250000000000001,0,0.5599999999999987,26,0,1
350,0.0,0,0,541.3333333333334,25.0175,16.25,0.07250000000000001,0,0.620000000000001,26,0,1
350,0.0,0,0,541.8333333333334,25.0175,16.25,0.07500000000000001,0,0.620000000000001,26,0,2
350,0.0,0,0,542.35,25.0325,16.25,0.07,0,0.6799999999999997,26,0,1
350,0.0,0,0,542.8666666666667,25.0325,16.5,0.07,0,0.5599999999999987,27,0,1
350,0.0,0,0,543.3666666666667,25.0325,16.5,0.07750000000000001,0,0.6799999999999997,27,0,2
350,0.0,0,0,543.8833333333333,25.0,16.75,0.07500000000000001,0,0.620000000000001,27,0,2
350,0.0,0,0,544.4,25.05,16.75,0.07,0,0.5599999999999987,27,0,1
350,0.0,0,0,544.9,25.035,16.75,0.07250000000000001,0,0.5,27,0,1
350,0.0,0,0,545.4166666666666,25.015,16.75,0.07500000000000001,0,0.5599999999999987,27,0,2
350,0.0,0,0,546.4333333333333,25.0325,17.0,0.07,0,0.5599999999999987,28,0,1
350,0.0,0,0,546.95,25.065,16.75,0.07500000000000001,0,0.6199999999999974,27,0,2
350,0.0,0,0,547.45,25.0475,17.25,0.07250000000000001,0,0.6199999999999974,28,0,1
350,0.0,0,0,547.9666666666667,25.015,17.25,0.07250000000000001,0,0.5599999999999987,28,0,1
350,0.0,0,0,548.4833333333333,25.015,17.25,0.07,0,0.5599999999999987,28,0,1
350,0.0,0,0,548.9833333333333,25.015,17.25,0.07500000000000001,0,0.5599999999999987,28,0,2
350,0.0,0,0,549.5,25.0,17.25,0.07,0,0.620000000000001,28,0,1
350,0.0,0,0,550.0166666666667,25.03,17.25,0.075,0,0.6199999999999974,28,0,2
370,0.184615384615,1,1,925.8,25.5175,28.0,0.49,2,0.3200000000000003,46,0,2
370,0.353846153846,0,1,926.3166666666667,25.5175,28.25,0.2375,1,0.3200000000000003,46,0,2
370,0.507692307692,0,0,926.8166666666667,25.564999999999998,28.5,0.07250000000000001,0,0.3100000000000023,46,0,1
370,0.646153846154,0,1,927.3333333333334,25.549999999999997,28.75,0.265,1,0.3100000000000023,47,0,2
370,0.769230769231,1,0,927.85,25.5325,28.5,0.1625,1,0.38000000000000256,47,0,2
370,0.876923076923,1,0,928.35,25.564999999999998,28.5,0.5549999999999999,1,0.370000000000001,46,0,2
370,0.969230769231,1,1,928.8666666666667,25.564999999999998,27.0,0.49250000000000005,2,0.370000000000001,42,0,2
370,1.04615384615,1,0,929.3666666666667,25.58,28.5,0.4175,1,0.4299999999999997,46,0,2
370,1.10769230769,0,0,929.8833333333333,25.597499999999997,28.25,0.505,0,0.5,45,0,2
370,1.15384615385,0,0,930.4,25.612499999999997,28.5,0.29,0,0.5,46,0,2
370,1.18461538462,0,1,930.9,25.597499999999997,28.5,0.36500000000000005,1,0.5,46,0,2
370,1.2,0,0,931.4166666666666,25.627499999999998,28.75,0.37499999999999994,0,0.4399999999999977,47,0,2
370,1.2,0,0,931.9333333333333,25.612499999999997,28.75,0.36250000000000004,0,0.5600000000000023,47,0,2
370,1.18461538462,0,0,932.4333333333333,25.6425,28.5,0.29500000000000004,0,0.620000000000001,46,0,2
370,1.15384615385,0,0,932.95,25.6425,28.0,0.3075,0,0.5,45,0,2
370,1.10769230769,0,0,933.4666666666667,25.6725,27.75,0.125,0,0.5599999999999987,45,0,2
370,1.04615384615,0,0,933.9666666666667,25.6725,26.5,0.21999999999999997,0,0.5599999999999987,43,0,2
370,0.969230769231,1,1,934.4833333333333,25.6725,26.5,0.31250000000000006,2,0.5599999999999987,43,0,2
370,0.876923076923,0,1,934.9833333333333,25.6725,26.5,0.1275,1,0.5599999999999987,43,0,2
370,0.769230769231,1,1,935.5,25.6725,26.5,0.16499999999999998,2,0.5599999999999987,43,0,2
370,0.646153846154,1,1,936.0166666666667,25.6875,26.5,0.33249999999999996,2,0.6199999999999974,43,0,2
370,0.507692307692,0,1,936.5166666666667,25.705,26.5,0.30750000000000005,1,0.6899999999999977,43,0,2
370,0.353846153846,0,1,937.0333333333333,25.705,26.25,0.455,1,0.6899999999999977,43,0,2
370,0.184615384615,1,1,937.55,25.705,26.0,0.27,2,0.6899999999999977,42,0,2
370,0.0,0,1,938.05,25.705,25.75,0.27749999999999997,1,0.6899999999999977,41,0,2
370,0.0,0,1,938.5666666666667,25.705,26.0,0.28250000000000003,1,0.6899999999999977,42,0,2
370,0.0,0,0,939.0666666666667,25.705,26.25,0.44999999999999996,0,0.6899999999999977,42,0,2
375,0.0461538461538,1,1,939.5833333333334,25.735,26.5,0.185,2,0.6900000000000013,43,0,2
375,0.0884615384615,1,1,940.1,25.735,26.75,0.1575,2,0.6900000000000013,43,0,2
375,0.126923076923,0,0,940.6,25.735,27.0,0.1325,0,0.6900000000000013,44,0,2
375,0.161538461538,0,0,941.1166666666667,25.75,27.0,0.17500000000000002,0,0.75,44,0,2
375,0.192307692308,1,0,941.6333333333333,25.75,22.75,0.215,1,0.75,27,0,2
375,0.219230769231,1,1,942.1333333333333,25.75,22.75,0.19,2,0.75,27,0,2
375,0.242307692308,0,1,942.65,25.735,22.75,0.1825,1,0.8099999999999987,26,0,2
375,0.261538461538,0,0,943.1666666666666,25.752499999999998,23.0,0.36500000000000005,0,0.8099999999999987,28,0,2
375,0.276923076923,0,1,943.6666666666666,25.752499999999998,23.0,0.3925,1,0.8099999999999987,28,0,2
375,0.288461538462,0,1,944.1833333333333,25.752499999999998,23.0,0.1,1,0.8099999999999987,28,0,2
380,0.342307692308,0,1,944.6833333333333,25.752499999999998,23.0,0.07250000000000001,1,0.8099999999999987,28,0,1
380,0.388461538462,0,1,945.2,25.7675,26.75,0.235,1,0.75,44,0,2
380,0.426923076923,1,1,945.7166666666667,25.7975,26.5,0.1925,2,0.8099999999999987,43,0,2
380,0.457692307692,0,1,946.2166666666667,25.7825,26.5,0.7474999999999999,1,0.8099999999999987,43,0,2
380,0.480769230769,1,1,946.7333333333333,25.7675,26.25,0.12250000000000001,2,0.75,43,0,2
380,0.496153846154,0,1,947.25,25.7675,26.25,0.1925,1,0.75,43,0,2
380,0.503846153846,1,1,947.75,25.7825,25.25,0.3025,2,0.8099999999999987,43,0,2
380,0.503846153846,1,1,948.2666666666667,25.7975,25.5,0.2375,2,0.8099999999999987,43,0,2
380,0.496153846154,1,1,948.7833333333333,25.7975,25.25,0.26,2,0.8099999999999987,42,0,2
385,0.526923076923,1,1,949.2833333333333,25.7825,25.0,0.4225,2,0.8099999999999987,41,0,2
385,0.546153846154,1,1,949.8,25.8125,24.5,0.38250000000000006,2,0.75,41,0,2
385,0.553846153846,1,1,950.3,25.8125,24.5,0.33499999999999996,2,0.75,40,0,2
385,0.55,1,1,950.8166666666667,25.83,24.5,0.4075,2,0.879999999999999,40,0,2
390,0.580769230769,1,1,951.3333333333334,25.814999999999998,24.5,0.24749999999999997,2,0.879999999999999,41,0,2
405,0.734615384615,1,1,951.8333333333334,25.83,24.5,1.1624999999999999,2,0.9400000000000013,41,0,2
420,1.05,1,1,952.35,25.86,24.25,0.88,2,0.9400000000000013,42,0,2
430,1.42307692308,1,0,952.8666666666667,25.86,24.25,0.41750000000000004,1,0.8800000000000026,42,0,2
425,1.70769230769,1,1,953.3666666666667,25.86,24.25,0.97,2,0.8800000000000026,42,0,2
425,1.95384615385,1,1,953.8833333333333,25.86,24.25,0.225,2,0.8800000000000026,42,0,2
420,2.11538461538,1,1,954.3833333333333,25.845,24.5,0.165,2,0.8800000000000026,42,0,2
420,2.24230769231,1,1,954.9,25.86,24.75,0.37750000000000006,2,0.8800000000000026,41,0,2
425,2.38076923077,1,1,955.4166666666666,25.86,24.25,0.5975,2,0.8800000000000026,42,0,2
420,2.43461538462,1,1,955.9166666666666,25.86,24.5,0.3175,2,0.8800000000000026,41,0,2
415,2.40769230769,1,1,956.4333333333333,25.845,20.5,0.40249999999999997,2,0.8200000000000003,24,0,2
425,2.44230769231,1,1,956.95,25.845,20.25,0.2375,2,0.8200000000000003,24,0,2
425,2.48846153846,1,1,957.45,25.83,20.0,0.265,2,0.9400000000000013,25,0,2
425,2.5,1,1,957.9666666666667,25.845,20.25,0.3775,2,0.8200000000000003,24,0,2
430,2.52307692308,1,1,958.4666666666667,25.86,20.25,0.3025,2,0.8800000000000026,24,0,2
430,2.50769230769,1,1,958.9833333333333,25.845,19.5,0.4,2,0.8200000000000003,25,0,2
435,2.5,0,1,959.5,25.845,19.5,0.0875,1,0.8200000000000003,25,0,2
445,2.54230769231,0,0,960.0,25.845,19.75,0.0825,0,0.8200000000000003,25,0,2
445,2.53461538462,0,0,960.5166666666667,25.845,19.5,0.1375,0,0.8200000000000003,24,0,2
455,2.56923076923,1,1,961.0333333333333,25.845,20.0,0.3875,2,0.8200000000000003,23,0,2
460,2.59230769231,1,1,961.5333333333333,25.8275,18.75,0.3475,2,0.75,22,0,2
465,2.65,0,1,962.05,25.8425,19.5,0.125,1,0.75,24,0,2
465,2.64615384615,1,0,962.5666666666667,25.8125,19.25,0.29000000000000004,1,0.6900000000000013,24,0,2
475,2.67307692308,0,1,963.0666666666667,25.7975,18.75,0.24999999999999997,1,0.6300000000000026,22,0,2
480,2.67692307692,0,1,963.5833333333334,25.7975,18.5,0.18749999999999997,1,0.6300000000000026,22,0,2
475,2.61153846154,0,1,964.0833333333334,25.7975,18.5,0.2725,1,0.6300000000000026,22,0,2
475,2.63076923077,1,0,964.6,25.7975,18.25,0.29000000000000004,1,0.6300000000000026,22,0,2
475,2.74615384615,1,0,965.1166666666667,25.815,18.0,0.1225,1,0.5,21,0,2
475,2.91923076923,0,0,965.6166666666667,25.815,17.5,0.125,0,0.5,22,0,2
475,3.00769230769,1,0,966.1333333333333,25.7975,17.25,0.29750000000000004,1,0.5700000000000003,22,0,2
475,3.05769230769,1,1,966.65,25.7975,17.25,0.8775,2,0.5700000000000003,22,0,2
470,2.97307692308,0,1,967.15,25.8125,17.25,0.105,1,0.5700000000000003,22,0,2
475,2.89615384615,0,1,967.6666666666666,25.83,17.25,0.10499999999999998,1,0.5,22,0,2
475,2.82692307692,0,1,968.1833333333333,25.815,17.25,0.22,1,0.5,22,0,2
475,2.66923076923,0,0,968.6833333333333,25.815,16.75,0.34750000000000003,0,0.5,21,0,2
475,2.41923076923,0,1,969.2,25.83,19.75,0.23,1,0.5,32,0,2
485,2.31538461538,1,1,969.7,25.83,19.25,0.20249999999999996,2,0.5,31,0,2
490,2.21153846154,1,0,970.2166666666667,25.845,19.0,0.175,1,0.5600000000000023,32,0,2
500,2.15,0,1,970.7333333333333,25.8125,19.0,0.14250000000000002,1,0.5700000000000003,32,0,2
500,2.08076923077,1,1,971.75,25.845,18.25,0.3025,2,0.5600000000000023,30,0,2
500,1.95769230769,1,1,972.2666666666667,25.86,18.0,0.38,2,0.5,29,0,2
510,1.92307692308,1,1,972.7666666666667,25.845,17.5,0.38499999999999995,2,0.5600000000000023,29,0,2
515,1.97692307692,1,1,973.2833333333333,25.845,18.5,0.245,2,0.5600000000000023,31,0,2
515,1.97692307692,0,0,973.8,25.830000000000002,19.25,0.7025,0,0.4399999999999977,34,0,2
520,2.06923076923,0,0,974.3,25.845,19.25,0.225,0,0.4399999999999977,32,0,2
520,2.16153846154,1,0,974.8166666666667,25.845,18.75,0.15,1,0.4399999999999977,33,0,2
520,2.25769230769,1,1,975.3166666666667,25.8275,18.75,0.0925,2,0.36999999999999744,33,0,2
515,2.26538461538,1,1,975.8333333333334,25.845,19.0,0.225,2,0.4399999999999977,33,0,2
515,2.33461538462,0,1,976.35,25.845,18.5,0.4025000000000001,1,0.4399999999999977,32,0,2
525,2.51538461538,1,0,976.85,25.845,18.0,0.16749999999999998,1,0.4399999999999977,31,0,2
530,2.65769230769,0,0,977.3666666666667,25.8275,18.0,0.27749999999999997,0,0.36999999999999744,31,0,2
545,2.89615384615,0,0,977.8833333333333,25.8275,18.0,0.135,0,0.36999999999999744,31,0,2
555,3.17307692308,0,0,978.3833333333333,25.8275,18.25,0.335,0,0.36999999999999744,31,0,2
555,3.38846153846,0,0,978.9,25.8275,18.25,0.08000000000000002,0,0.36999999999999744,30,0,2
560,3.58846153846,1,1,979.4166666666666,25.8275,18.0,0.4325,2,0.36999999999999744,30,0,2
565,3.76923076923,0,1,979.9166666666666,25.8275,17.75,0.1725,1,0.36999999999999744,31,0,2
560,3.78461538462,0,0,980.4333333333333,25.8275,17.5,0.095,0,0.36999999999999744,30,0,2
560,3.78076923077,0,1,980.9333333333333,25.8425,17.25,0.07750000000000001,1,0.36999999999999744,31,0,2
570,3.80384615385,0,1,981.45,25.845,17.5,0.1625,1,0.36999999999999744,31,0,2
575,3.8,0,1,981.9666666666667,25.877499999999998,14.5,0.8800000000000001,1,0.4399999999999977,19,0,2
575,3.71923076923,0,1,982.4666666666667,25.8425,14.25,0.1575,1,0.36999999999999744,19,0,2
575,3.66153846154,0,0,982.9833333333333,25.845,14.25,1.0125,0,0.36999999999999744,19,0,2
580,3.63076923077,0,0,983.5,25.86,14.25,0.08499999999999999,0,0.36999999999999744,19,0,2
580,3.63076923077,0,0,984.0,25.845,14.0,0.19,0,0.36999999999999744,18,0,2
585,3.61538461538,0,0,984.5166666666667,25.845,14.5,0.07250000000000001,0,0.36999999999999744,19,0,1
595,3.62692307692,0,0,985.0333333333333,25.845,14.5,1.025,0,0.36999999999999744,19,0,2
595,3.66538461538,0,0,985.5333333333333,25.845,14.5,0.09,0,0.36999999999999744,19,0,2
595,3.68846153846,0,0,986.05,25.8275,14.5,0.1625,0,0.36999999999999744,19,0,2
595,3.65,0,0,986.55,25.845,14.5,0.3,0,0.36999999999999744,19,0,2
605,3.69230769231,0,0,987.0666666666667,25.8425,14.25,0.11249999999999999,0,0.36999999999999744,19,0,2
605,3.66923076923,0,1,987.5833333333334,25.8425,14.25,0.07750000000000001,1,0.36999999999999744,19,0,2
605,3.58076923077,1,1,988.0833333333334,25.86,14.25,0.1325,2,0.36999999999999744,19,0,2
605,3.37692307692,1,1,988.6,25.845,13.5,0.175,2,0.36999999999999744,18,0,2
610,3.15,1,0,989.1166666666667,25.845,13.25,0.10999999999999999,1,0.3099999999999987,17,0,2
605,2.90384615385,0,0,989.6166666666667,25.845,13.25,0.0925,0,0.36999999999999744,17,0,2
610,2.69230769231,0,1,990.1333333333333,25.845,13.0,0.095,1,0.3099999999999987,16,0,2
620,2.66153846154,0,0,991.15,25.8275,12.75,0.1425,0,0.36999999999999744,16,0,2
620,2.67307692308,0,0,991.6666666666666,25.8425,12.75,0.165,0,0.36999999999999744,16,0,2
625,2.68076923077,0,0,992.1666666666666,25.8425,12.5,0.10999999999999999,0,0.36999999999999744,16,0,2
630,2.73076923077,0,0,992.6833333333333,25.8425,12.25,0.11000000000000001,0,0.36999999999999744,16,0,2
635,2.82307692308,1,0,993.2,25.845,12.25,0.1325,1,0.3099999999999987,16,0,2
635,2.81153846154,1,1,993.7,25.845,14.0,0.2275,2,0.3099999999999987,23,0,2
635,2.74230769231,1,1,994.2166666666667,25.8275,14.5,0.27499999999999997,2,0.3099999999999987,26,0,2
630,2.66923076923,1,1,994.7333333333333,25.86,14.0,0.375,2,0.36999999999999744,24,0,2
650,2.78461538462,1,1,995.2333333333333,25.8425,14.0,0.11000000000000001,2,0.36999999999999744,24,0,2
655,2.88846153846,0,1,995.75,25.86,14.0,0.19749999999999998,1,0.36999999999999744,24,0,2
670,3.06923076923,0,1,996.25,25.8575,13.25,0.215,1,0.3099999999999987,24,0,2
675,3.27307692308,0,1,996.7666666666667,25.875,13.0,0.235,1,0.3099999999999987,24,0,2
675,3.40384615385,0,1,997.2833333333333,25.8575,13.25,0.0975,1,0.3099999999999987,25,0,2
675,3.51153846154,0,0,997.7833333333333,25.875,13.25,0.29500000000000004,0,0.379999999999999,25,0,2
675,3.65,1,0,998.3,25.875,13.75,0.07,1,0.379999999999999,27,0,1
680,3.77307692308,1,1,998.8166666666667,25.875,14.25,0.275,2,0.379999999999999,28,0,2
680,3.83076923077,1,1,999.3166666666667,25.875,14.25,0.27,2,0.379999999999999,29,0,2
685,3.86923076923,1,1,999.8333333333334,25.905,14.75,0.3575,2,0.5,30,0,2
685,3.93846153846,1,1,1000.35,25.9225,15.0,0.235,2,0.5,31,0,2
685,3.94615384615,1,1,1000.85,25.9075,14.75,0.375,2,0.4400000000000013,31,0,2
685,3.89230769231,0,1,1001.3666666666667,25.9075,14.25,0.44,1,0.4400000000000013,29,0,2
685,3.77692307692,1,1,1001.8666666666667,25.9075,14.25,0.235,2,0.3200000000000003,29,0,2
680,3.60384615385,1,1,1002.3833333333333,25.9075,13.75,0.16749999999999998,2,0.3200000000000003,28,0,2
690,3.41923076923,1,1,1002.9,25.875,13.5,0.21999999999999997,2,0.3099999999999987,27,0,2
690,3.21923076923,1,1,1003.4,25.9075,13.5,0.175,2,0.3200000000000003,27,0,2
695,3.10384615385,1,1,1003.9166666666666,25.875,13.0,0.17250000000000001,2,0.3099999999999987,25,0,2
690,2.88461538462,1,1,1004.4333333333333,25.875,12.75,0.09250000000000001,2,0.3099999999999987,25,0,2
695,2.70769230769,1,1,1004.9333333333333,25.875,12.25,0.07250000000000001,2,0.3099999999999987,23,0,1
705,2.61923076923,1,1,1005.45,25.875,12.0,0.14250000000000002,2,0.3099999999999987,22,0,2
725,2.70769230769,0,1,1005.9666666666667,25.875,11.5,0.08499999999999999,1,0.3099999999999987,20,0,2
730,2.77307692308,1,1,1006.4666666666667,25.875,11.5,0.1125,2,0.3099999999999987,20,0,2
735,2.81153846154,1,1,1006.9833333333333,25.875,11.25,0.1875,2,0.3099999999999987,19,0,2
730,2.67692307692,1,1,1007.4833333333333,25.875,10.75,0.215,2,0.3099999999999987,19,0,2
720,2.57307692308,1,1,1008.0,25.875,10.5,0.29750000000000004,2,0.3099999999999987,18,0,2
720,2.46538461538,1,1,1008.5166666666667,25.875,10.25,0.245,2,0.3099999999999987,18,0,2
720,2.45769230769,0,1,1009.0166666666667,25.8925,10.0,0.3925,1,0.3099999999999987,17,0,2
720,2.46153846154,0,1,1009.5333333333333,25.8925,10.0,0.46249999999999997,1,0.3099999999999987,17,0,2
720,2.43076923077,1,1,1010.05,25.875,10.0,0.31749999999999995,2,0.3099999999999987,17,0,2
735,2.50384615385,1,1,1010.55,25.89,10.0,0.2725,2,0.3099999999999987,17,0,2
740,2.57692307692,1,0,1011.0666666666667,25.8925,10.0,0.24,1,0.3099999999999987,17,0,2
740,2.65,1,1,1011.5833333333334,25.8925,9.5,0.3125,2,0.3099999999999987,17,0,2
740,2.67692307692,1,1,1012.0833333333334,25.9075,9.5,0.54,2,0.3099999999999987,17,0,2
740,2.70769230769,1,0,1012.6,25.9075,9.25,0.3725,1,0.3099999999999987,16,0,2
750,2.78846153846,1,1,1013.1,25.89,9.25,0.07500000000000001,2,0.3099999999999987,16,0,2
755,2.86538461538,1,1,1013.6166666666667,25.8925,9.25,0.135,2,0.3099999999999987,16,0,2
760,2.93461538462,0,0,1014.1333333333333,25.9075,8.75,0.08499999999999999,0,0.3099999999999987,15,0,2
760,2.94615384615,0,0,1014.6333333333333,25.9075,8.75,0.10999999999999999,0,0.3099999999999987,15,0,2
755,2.80384615385,1,1,1015.15,25.9075,7.5,0.1075,2,0.3099999999999987,10,0,2
760,2.75,1,1,1015.6666666666666,25.8925,7.5,0.1575,2,0.25,10,0,2
750,2.55,0,1,1016.1666666666666,25.89,7.5,0.09,1,0.3099999999999987,10,0,2
750,2.35384615385,1,1,1016.6833333333333,25.9075,7.5,0.1975,2,0.3099999999999987,10,0,2
750,2.06538461538,0,1,1017.2,25.89,7.25,0.4575,1,0.3099999999999987,10,0,2
760,1.87307692308,0,0,1017.7,25.875,7.0,0.4025,0,0.25,11,0,2
755,1.68461538462,0,0,1018.2166666666667,25.9075,6.75,0.0925,0,0.3099999999999987,10,0,2
755,1.65769230769,0,1,1018.7166666666667,25.9225,7.5,0.1375,1,0.25,13,0,2
765,1.75,1,1,1019.2333333333333,25.9075,6.5,0.6425,2,0.3099999999999987,10,0,2
760,1.81923076923,1,1,1019.75,25.9075,6.75,0.6275,2,0.3099999999999987,10,0,2
760,1.81923076923,1,1,1020.25,25.9075,6.75,0.44,2,0.3099999999999987,10,0,2
765,1.74230769231,1,1,1020.7666666666667,25.8925,118.5,0.365,2,0.3099999999999987,161,0,2
770,1.67692307692,1,1,1021.2833333333333,25.9075,136.5,0.29250000000000004,2,0.3099999999999987,191,0,2
780,1.66538461538,1,1,1021.7833333333333,25.924999999999997,145.5,0.1625,2,0.379999999999999,207,0,2
780,1.60769230769,1,1,1022.3,25.909999999999997,148.5,0.31000000000000005,2,0.379999999999999,211,0,2
780,1.50384615385,1,1,1022.8166666666667,25.9075,149.75,0.1525,2,0.3099999999999987,213,0,2
785,1.55,1,1,1023.3166666666667,25.924999999999997,149.75,0.0825,2,0.379999999999999,213,0,2
785,1.60769230769,1,0,1023.8333333333334,25.924999999999997,149.5,0.09500000000000001,1,0.379999999999999,214,0,2
785,1.63076923077,1,0,1024.3333333333333,25.955,149.0,0.185,1,0.3200000000000003,213,0,2
780,1.57307692308,0,1,1024.85,25.9075,149.0,0.2125,1,0.3099999999999987,213,0,2
780,1.48461538462,0,1,1025.3666666666666,25.9075,148.75,0.13999999999999999,1,0.3099999999999987,213,0,2
780,1.46538461538,0,1,1025.8666666666666,25.939999999999998,148.25,0.2425,1,0.379999999999999,214,0,2
785,1.51923076923,1,0,1026.3833333333334,25.9225,147.75,0.2125,1,0.25,213,0,2
785,1.6,0,0,1026.9,25.939999999999998,147.5,0.2725,0,0.3200000000000003,213,0,2
785,1.66153846154,1,1,1027.9166666666667,25.97,147.0,0.31499999999999995,2,0.3200000000000003,212,0,2
785,1.65384615385,1,1,1028.4333333333334,25.955,147.0,0.8125,2,0.3200000000000003,211,0,2
785,1.67307692308,1,1,1028.9333333333334,25.955,146.25,0.24000000000000002,2,0.3200000000000003,210,0,2
785,1.57307692308,0,1,1029.45,25.955,146.0,0.2475,1,0.3200000000000003,210,0,2
795,1.53846153846,1,1,1029.9666666666667,25.955,145.75,0.11000000000000001,2,0.17999999999999972,210,0,2
800,1.51538461538,0,0,1030.4666666666667,25.955,145.75,0.10500000000000001,0,0.3200000000000003,210,1,2
805,1.6,1,1,1030.9833333333333,25.955,145.5,0.33,2,0.3200000000000003,211,1,2
800,1.55384615385,1,1,1031.5,25.97,145.25,0.37,2,0.38000000000000256,211,1,2
805,1.51923076923,1,1,1032.0,25.955,144.75,0.0875,2,0.3200000000000003,210,1,2
810,1.59230769231,1,1,1032.5166666666667,25.955,144.75,0.10250000000000001,2,0.3200000000000003,210,1,2
810,1.58076923077,1,1,1033.0166666666667,25.955,144.75,0.61,2,0.3200000000000003,210,1,2
815,1.57692307692,1,1,1033.5333333333333,25.955,144.75,0.465,2,0.3200000000000003,209,1,2
815,1.58076923077,1,1,1034.05,25.955,143.75,0.12749999999999997,2,0.3200000000000003,209,1,2
815,1.59615384615,1,1,1034.55,25.97,144.0,0.27,2,0.38000000000000256,210,1,2
815,1.67692307692,1,1,1035.0666666666666,25.955,143.5,1.48,2,0.3200000000000003,209,1,2
815,1.73076923077,0,0,1035.5833333333333,25.955,143.5,0.1325,0,0.3200000000000003,209,1,2
820,1.80384615385,1,1,1036.0833333333333,25.955,143.25,0.5175000000000001,2,0.3200000000000003,208,1,2
810,1.80384615385,0,0,1036.6,25.955,143.5,0.2425,0,0.3200000000000003,209,1,2
800,1.69230769231,0,0,1037.1166666666666,25.955,142.75,0.28500000000000003,0,0.3200000000000003,209,1,2
800,1.56923076923,0,0,1037.6166666666666,25.9725,142.75,0.14500000000000002,0,0.25,209,1,2
800,1.38461538462,0,1,1038.1333333333334,25.9725,143.5,0.18249999999999997,1,0.25,210,1,2
805,1.23076923077,1,1,1038.6333333333334,25.955,143.25,0.08249999999999999,2,0.3200000000000003,210,1,2
800,1.01153846154,0,1,1039.15,25.955,143.5,0.095,1,0.3200000000000003,210,1,2
800,0.826923076923,1,1,1039.6666666666667,25.97,143.75,0.225,2,0.38000000000000256,211,1,2
800,0.630769230769,0,0,1040.1666666666667,25.955,143.5,0.1,0,0.3200000000000003,210,1,2
805,0.469230769231,1,1,1040.6833333333334,25.97,143.25,0.08,2,0.38000000000000256,210,1,2
810,0.338461538462,0,0,1041.2,25.97,143.5,0.11500000000000002,0,0.38000000000000256,211,1,2
810,0.188461538462,0,1,1041.7,25.97,143.0,0.075,1,0.38000000000000256,210,1,2
805,-0.0269230769231,1,1,1042.2166666666667,25.9875,142.75,0.23249999999999998,2,0.3100000000000023,211,1,2
805,-0.157692307692,1,1,1042.7166666666667,25.9875,143.0,0.51,2,0.3100000000000023,212,1,2
800,-0.292307692308,1,1,1043.2333333333333,25.9875,143.25,0.45749999999999996,2,0.3100000000000023,212,1,2
805,-0.330769230769,1,1,1043.75,25.9725,142.5,0.48500000000000004,2,0.3100000000000023,212,1,2
805,-0.419230769231,1,1,1044.25,25.97,142.75,0.4625,2,0.38000000000000256,212,1,2
810,-0.415384615385,1,1,1044.7666666666667,25.9875,143.0,0.33999999999999997,2,0.3100000000000023,212,1,2
810,-0.365384615385,1,1,1045.2833333333333,25.9875,142.5,0.2975,2,0.3100000000000023,211,1,2
815,-0.269230769231,1,1,1045.7833333333333,25.955,142.25,0.365,2,0.3200000000000003,211,1,2
820,-0.0807692307692,1,1,1046.3,25.9875,142.5,0.495,2,0.3100000000000023,211,1,2
830,0.196153846154,1,1,1046.8166666666666,25.9725,142.5,0.665,2,0.25,211,1,2
835,0.507692307692,1,1,1047.3166666666666,25.9725,142.25,0.5725000000000001,2,0.25,211,1,2
830,0.757692307692,1,1,1047.8333333333333,25.9875,142.0,0.465,2,0.3100000000000023,211,1,2
835,1.04230769231,1,1,1048.3333333333333,25.9875,142.5,0.5075000000000001,2,0.3100000000000023,211,1,2
840,1.40769230769,0,1,1048.85,25.9875,142.25,0.43250000000000005,1,0.3100000000000023,211,1,2
840,1.65769230769,1,0,1049.3666666666666,25.9875,142.0,0.4275,1,0.3100000000000023,211,1,2
835,1.73846153846,1,1,1049.8666666666666,25.9875,141.75,0.57,2,0.3100000000000023,211,1,2
845,1.88461538462,1,1,1050.3833333333334,25.9875,141.25,0.49250000000000005,2,0.3100000000000023,210,1,2
840,1.95,1,1,1050.9,25.9875,141.5,0.57,2,0.3100000000000023,210,1,2
840,2.03461538462,0,0,1051.4,25.9875,141.5,0.44,0,0.3100000000000023,210,1,2
835,1.99615384615,1,1,1051.9166666666667,25.9875,141.75,0.4225,2,0.3100000000000023,210,1,2
835,1.93076923077,0,1,1052.4333333333334,26.0025,141.0,0.295,1,0.3100000000000023,211,1,2
835,1.83846153846,0,1,1052.9333333333334,25.9725,141.25,0.26,1,0.25,211,1,2
830,1.72307692308,0,1,1053.45,25.9875,141.0,0.165,1,0.3100000000000023,211,1,2
830,1.63846153846,1,1,1053.95,25.9875,141.0,0.2175,2,0.3100000000000023,211,1,2
830,1.53846153846,0,1,1054.4666666666667,26.002499999999998,141.0,0.3425,1,0.370000000000001,211,1,2
835,1.41923076923,1,0,1054.9833333333333,25.9875,141.5,0.49,1,0.3100000000000023,212,1,2
835,1.27692307692,1,0,1055.4833333333333,25.9875,141.25,0.14250000000000002,1,0.3100000000000023,211,1,2
840,1.10769230769,1,0,1056.0,25.9875,141.0,0.3175,1,0.3100000000000023,211,1,2
840,0.957692307692,1,1,1056.5166666666667,25.9875,140.75,1.18,2,0.3100000000000023,212,1,2
830,0.688461538462,1,1,1057.0166666666667,25.9875,140.5,0.6775000000000001,2,0.3100000000000023,210,1,2
830,0.45,1,1,1057.5333333333333,26.002499999999998,96.25,0.5499999999999999,2,0.370000000000001,219,1,2
830,0.196153846154,1,1,1058.05,26.002499999999998,96.5,0.47250000000000003,2,0.370000000000001,219,1,2
835,0.0230769230769,1,1,1058.55,25.9875,96.5,0.3525,2,0.3100000000000023,220,1,2
825,-0.207692307692,1,1,1059.0666666666666,25.9875,96.25,0.28,2,0.3100000000000023,221,1,2
835,-0.25,1,1,1059.5666666666666,25.9875,96.0,0.32250000000000006,2,0.3100000000000023,220,1,2
830,-0.292307692308,0,1,1060.0833333333333,25.9875,95.75,0.285,1,0.3100000000000023,219,1,2
845,-0.242307692308,1,1,1060.6,25.9875,95.75,0.28250000000000003,2,0.3100000000000023,219,1,2
850,-0.107692307692,1,0,1061.1,25.9875,95.25,0.2425,1,0.3100000000000023,219,1,2
850,0.0653846153846,1,0,1061.6166666666666,26.0,95.5,0.495,1,0.38000000000000256,219,1,2
855,0.276923076923,0,0,1062.1333333333334,26.0,95.75,0.6175,0,0.4400000000000013,220,1,2
855,0.426923076923,0,0,1062.6333333333334,25.985,95.75,0.47250000000000003,0,0.4400000000000013,221,1,2
850,0.615384615385,1,0,1063.15,26.0,95.5,0.39749999999999996,1,0.4400000000000013,221,1,2
845,0.703846153846,0,1,1063.6666666666667,26.0,95.75,0.255,1,0.5,222,1,2
840,0.742307692308,1,1,1064.1666666666667,26.0325,95.75,0.21,2,0.4299999999999997,222,1,2
840,0.730769230769,1,0,1064.6833333333334,26.015,95.75,0.4375,1,0.5,221,1,2
835,0.669230769231,0,0,1065.1833333333334,26.0,95.5,0.11499999999999999,0,0.4400000000000013,221,1,2
835,0.607692307692,0,0,1065.7,26.0,95.5,0.15,0,0.4400000000000013,221,1,2
835,0.496153846154,0,0,1066.2166666666667,26.0,96.0,0.2175,0,0.4400000000000013,222,1,2
835,0.380769230769,0,0,1066.7166666666667,25.97,95.5,0.2625,0,0.38000000000000256,221,1,2
830,0.215384615385,1,0,1067.2333333333333,25.985,95.5,0.32999999999999996,1,0.4400000000000013,221,1,2
830,0.1,1,0,1067.75,26.0,95.25,0.33999999999999997,1,0.5,220,1,2
830,-0.0115384615385,1,1,1068.25,26.0175,95.5,0.4375,2,0.5700000000000003,223,1,2
825,-0.115384615385,0,1,1068.7666666666667,26.0,95.5,0.2775,1,0.5,223,1,2
830,-0.161538461538,0,0,1069.2833333333333,26.0,95.5,0.345,0,0.4400000000000013,223,1,2
830,-0.3,1,0,1069.7833333333333,26.0,95.25,0.3925,1,0.4400000000000013,222,1,2
845,-0.3,1,1,1070.3,25.97,95.25,0.22250000000000003,2,0.4400000000000013,222,1,2
835,-0.403846153846,1,1,1070.8,26.0,95.75,0.555,2,0.4400000000000013,223,1,2
835,-0.461538461538,1,1,1071.3166666666666,25.955,95.5,0.46499999999999997,2,0.4400000000000013,223,1,2
835,-0.619230769231,1,1,1071.8333333333333,25.985,95.75,0.33999999999999997,2,0.4400000000000013,223,1,2
835,-0.684615384615,1,1,1072.3333333333333,25.955,95.5,0.31499999999999995,2,0.4400000000000013,223,1,2
830,-0.846153846154,1,1,1072.85,25.955000000000002,95.75,0.235,2,0.5,224,1,2
835,-0.811538461538,1,1,1073.3666666666666,25.985,95.0,0.2525,2,0.5,222,1,2
840,-0.673076923077,1,1,1073.8666666666666,25.97,95.0,0.39499999999999996,2,0.4400000000000013,222,1,2
840,-0.526923076923,1,0,1074.3833333333334,26.0,95.0,0.25250000000000006,1,0.5,222,1,2
845,-0.276923076923,1,1,1074.8833333333334,25.985,95.0,0.3375,2,0.5,222,1,2
840,-0.0653846153846,1,1,1075.4,25.985,94.75,0.2125,2,0.5,221,1,2
845,0.153846153846,1,1,1075.9166666666667,25.985,94.75,0.355,2,0.5,222,1,2
850,0.373076923077,1,1,1076.4166666666667,25.985,94.5,0.68,2,0.5599999999999987,221,1,2
850,0.538461538462,1,1,1076.9333333333334,26.0,93.0,0.6425,2,0.5,226,1,2
845,0.65,1,1,1077.45,25.985,0.0,2.255,2,0.5599999999999987,0,1,2
850,0.753846153846,0,1,1077.95,25.97,0.0,0.07,1,0.5599999999999987,0,1,1
855,0.892307692308,0,0,1078.4666666666667,25.97,0.0,0.0675,0,0.5,0,1,1
845,0.923076923077,0,0,1078.9833333333333,25.955000000000002,0.0,0.065,0,0.5,0,1,0
850,0.992307692308,0,0,1079.4833333333333,25.97,0.0,0.07,0,0.5599999999999987,0,1,1
850,1.0,0,0,1080.0,25.955,0.0,0.0625,0,0.5599999999999987,0,1,0
850,0.992307692308,0,0,1080.5,25.955,0.0,0.065,0,0.4400000000000013,0,1,0
845,0.923076923077,0,0,1081.0166666666667,25.94,0.0,0.0675,0,0.5,0,1,1
840,0.746153846154,0,0,1081.5333333333333,25.94,0.0,0.0675,0,0.5,0,1,1
835,0.561538461538,0,0,1082.0333333333333,25.94,0.0,0.0675,0,0.5,0,1,1
840,0.419230769231,0,0,1082.55,25.94,0.0,0.08750000000000001,0,0.5,0,1,2
840,0.419230769231,0,0,1083.0666666666666,25.94,0.0,0.0675,0,0.5,0,1,1
835,0.276923076923,0,0,1084.0833333333333,25.94,0.0,0.06000000000000001,0,0.5,0,1,0
835,0.134615384615,0,0,1084.6,25.94,0.0,0.07,0,0.5,0,1,1
835,-0.00769230769231,0,0,1085.1,25.91,0.0,0.060000000000000005,0,0.4399999999999977,0,1,0
835,-0.15,0,0,1085.6166666666666,25.925,0.0,0.0675,0,0.4399999999999977,0,1,1
835,-0.342307692308,0,0,1086.1166666666666,25.895,0.0,0.065,0,0.5,0,1,0
825,-0.580769230769,0,0,1086.6333333333334,25.88,0.0,0.0625,0,0.5,0,1,0
825,-0.761538461538,0,0,1087.15,25.895,0.0,0.06000000000000001,0,0.5,0,1,0
820,-0.976923076923,0,0,1087.65,25.862499999999997,0.0,0.065,0,0.4299999999999997,0,1,0
825,-1.08076923077,0,0,1088.1666666666667,25.895,0.0,0.0675,0,0.5,0,1,1
825,-1.21923076923,0,0,1088.6833333333334,25.88,0.0,0.065,0,0.5,0,1,0
820,-1.34230769231,0,0,1089.1833333333334,25.862499999999997,0.0,0.0675,0,0.4299999999999997,0,1,1
815,-1.44230769231,0,0,1089.7,25.862499999999997,0.0,0.07,0,0.4299999999999997,0,1,1
825,-1.42307692308,0,0,1090.2166666666667,25.862499999999997,0.0,0.0625,0,0.4299999999999997,0,1,0
820,-1.48076923077,0,0,1090.7166666666667,25.862499999999997,0.0,0.0675,0,0.4299999999999997,0,1,1
805,-1.60769230769,0,0,1091.2333333333333,25.862499999999997,0.0,0.0675,0,0.4299999999999997,0,1,1
805,-1.65,0,0,1091.7333333333333,25.862499999999997,0.0,0.13,0,0.4299999999999997,0,1,2
815,-1.66153846154,0,0,1092.25,25.862499999999997,0.0,0.215,0,0.4299999999999997,0,1,2
805,-1.69230769231,0,0,1092.7666666666667,25.862499999999997,0.0,0.0675,0,0.4299999999999997,0,1,1
800,-1.73461538462,0,0,1093.2666666666667,25.862499999999997,0.0,0.065,0,0.4299999999999997,0,1,0
800,-1.73846153846,0,0,1093.7833333333333,25.845,0.0,0.0625,0,0.5,0,1,0
795,-1.8,0,0,1094.3,25.847499999999997,0.0,0.0625,0,0.370000000000001,0,0,0
790,-1.91923076923,0,0,1094.8,25.83,0.0,0.07250000000000001,0,0.370000000000001,0,0,1
795,-2.00384615385,0,0,1095.3166666666666,25.83,0.0,0.0625,0,0.370000000000001,0,0,0
795,-2.00769230769,0,0,1095.8333333333333,25.8125,0.0,0.07250000000000001,0,0.370000000000001,0,0,1
795,-1.97692307692,0,0,1096.3333333333333,25.795,0.0,0.07,0,0.4400000000000013,0,0,1
785,-2.05384615385,0,0,1096.85,25.795,0.0,0.135,0,0.4400000000000013,0,0,2
785,-2.09230769231,0,0,1097.35,25.795,0.0,0.0625,0,0.4400000000000013,0,0,0
790,-2.04615384615,0,0,1097.8666666666666,25.78,0.0,0.0675,0,0.38000000000000256,0,0,1
780,-2.05769230769,0,0,1098.3833333333334,25.8125,0.0,0.1,0,0.4400000000000013,0,0,2
780,-2.02692307692,0,0,1098.8833333333334,25.7975,0.0,0.0625,0,0.38000000000000256,0,0,0
775,-2.1,0,0,1099.4,25.8125,0.0,0.1525,0,0.4400000000000013,0,0,2
775,-2.13461538462,0,0,1099.9166666666667,25.795,0.0,0.065,0,0.4400000000000013,0,0,0
770,-2.22692307692,0,0,1100.4166666666667,25.78,0.0,0.0675,0,0.38000000000000256,0,0,1
765,-2.27692307692,0,0,1100.9333333333334,25.78,0.0,0.0675,0,0.38000000000000256,0,0,1
765,-2.28076923077,0,0,1101.45,25.765,0.0,0.065,0,0.4400000000000013,0,0,0
770,-2.24230769231,0,0,1101.95,25.765,0.0,0.075,0,0.4400000000000013,0,0,2
765,-2.26153846154,0,0,1102.4666666666667,25.765,0.0,0.065,0,0.4400000000000013,0,0,0
760,-2.18846153846,0,0,1102.9666666666667,25.78,0.0,0.065,0,0.38000000000000256,0,0,0
760,-2.11538461538,0,0,1103.4833333333333,25.78,0.0,0.0675,0,0.38000000000000256,0,0,1
755,-2.19230769231,0,0,1104.0,25.765,0.0,0.0675,0,0.4400000000000013,0,0,1
760,-2.18461538462,0,0,1104.5,25.75,0.0,0.0625,0,0.4400000000000013,0,0,0
755,-2.08846153846,0,0,1105.0166666666667,25.7825,0.0,0.07250000000000001,0,0.4400000000000013,0,0,1
750,-2.09230769231,0,0,1105.5333333333333,25.7825,0.0,0.0675,0,0.4400000000000013,0,0,1
750,-2.10384615385,0,0,1106.0333333333333,25.7825,0.0,0.0675,0,0.3200000000000003,0,0,1
755,-2.03076923077,0,0,1106.55,25.765,0.0,0.07,0,0.4400000000000013,0,0,1
750,-2.01923076923,0,0,1107.0666666666666,25.735,0.0,0.0675,0,0.379999999999999,0,0,1
755,-1.97692307692,0,0,1107.5666666666666,25.75,0.0,0.065,0,0.379999999999999,0,0,0
750,-1.90384615385,0,0,1108.0833333333333,25.735,0.0,0.0625,0,0.379999999999999,0,0,0
750,-1.79615384615,0,0,1108.5833333333333,25.735,0.0,0.0675,0,0.379999999999999,0,0,1
750,-1.65384615385,0,0,1109.1,25.7675,0.0,0.07,0,0.379999999999999,0,0,1
750,-1.57692307692,0,0,1109.6166666666666,25.72,0.0,0.065,0,0.4399999999999977,0,0,0
745,-1.51923076923,0,0,1110.1166666666666,25.735,0.0,0.065,0,0.379999999999999,0,0,0
740,-1.42692307692,0,0,1110.6333333333334,25.735,0.0,0.0675,0,0.379999999999999,0,0,1
735,-1.44230769231,0,0,1111.15,25.735,0.0,0.065,0,0.379999999999999,0,0,0
735,-1.42307692308,0,0,1111.65,25.72,0.0,0.0675,0,0.4399999999999977,0,0,1
735,-1.41923076923,0,0,1112.1666666666667,25.72,0.0,0.0675,0,0.379999999999999,0,0,1
735,-1.38461538462,0,0,1112.6666666666667,25.72,0.0,0.07,0,0.4399999999999977,0,0,1
725,-1.46153846154,0,0,1113.1833333333334,25.72,0.0,0.0675,0,0.4399999999999977,0,0,1
725,-1.55384615385,0,0,1113.7,25.72,0.0,0.065,0,0.4399999999999977,0,0,0
730,-1.56923076923,0,0,1114.2,25.7175,0.0,0.0675,0,0.3099999999999987,0,0,1
735,-1.46153846154,0,0,1114.7166666666667,25.7175,0.0,0.07,0,0.3099999999999987,0,0,1
725,-1.46923076923,0,0,1115.2333333333333,25.7175,0.0,0.065,0,0.3099999999999987,0,0,0
725,-1.49615384615,0,0,1115.7333333333333,25.7175,0.0,0.0675,0,0.3099999999999987,0,0,1
725,-1.49615384615,0,0,1116.25,25.7025,0.0,0.07,0,0.36999999999999744,0,0,1
725,-1.51923076923,0,0,1116.7666666666667,25.7025,0.0,0.065,0,0.36999999999999744,0,0,0
725,-1.46923076923,0,0,1117.2666666666667,25.7025,0.0,0.0625,0,0.36999999999999744,0,0,0
720,-1.48846153846,0,0,1117.7833333333333,25.6875,0.0,0.065,0,0.36999999999999744,0,0,0
715,-1.57692307692,0,0,1118.2833333333333,25.7025,0.0,0.0675,0,0.36999999999999744,0,0,1
715,-1.63846153846,0,0,1118.8,25.7025,0.0,0.07,0,0.36999999999999744,0,0,1
710,-1.66923076923,0,0,1119.3166666666666,25.6725,0.0,0.065,0,0.3099999999999987,0,0,0
710,-1.71538461538,0,0,1119.8166666666666,25.6725,0.0,0.0625,0,0.36999999999999744,0,0,0
700,-1.77307692308,0,0,1120.3333333333333,25.6725,0.0,0.065,0,0.36999999999999744,0,0,0
700,-1.83846153846,0,0,1120.85,25.6575,0.0,0.06,0,0.370000000000001,0,0,0
700,-1.86538461538,0,0,1121.35,25.6725,0.0,0.06000000000000001,0,0.36999999999999744,0,0,0
695,-1.9,0,0,1121.8666666666666,25.6725,0.0,0.065,0,0.36999999999999744,0,0,0
690,-1.93846153846,0,0,1122.3833333333334,25.6725,0.0,0.07,0,0.4299999999999997,0,0,1
680,-2.07307692308,0,0,1122.8833333333334,25.6575,0.0,0.065,0,0.4299999999999997,0,0,0
675,-2.25384615385,0,0,1123.4,25.6425,0.0,0.0675,0,0.370000000000001,0,0,1
675,-2.43461538462,0,0,1123.9,25.6725,0.0,0.0625,0,0.36999999999999744,0,0,0
670,-2.61538461538,0,0,1124.4166666666667,25.6725,0.0,0.07,0,0.3099999999999987,0,0,1
670,-2.74615384615,0,0,1124.9333333333334,25.6425,0.0,0.0625,0,0.370000000000001,0,0,0
670,-2.82692307692,0,0,1125.4333333333334,25.6575,0.0,0.065,0,0.3099999999999987,0,0,0
665,-3.00384615385,0,0,1125.95,25.6575,0.0,0.0625,0,0.3099999999999987,0,0,0
665,-3.13461538462,0,0,1126.4666666666667,25.6425,0.0,0.0675,0,0.370000000000001,0,0,1
665,-3.16923076923,0,0,1126.9666666666667,25.6425,0.0,0.065,0,0.370000000000001,0,0,0
665,-3.10384615385,0,0,1127.4833333333333,25.6575,0.0,0.1925,0,0.370000000000001,0,0,2
665,-3.08461538462,0,0,1128.0,25.6425,0.0,0.0625,0,0.370000000000001,0,0,0
660,-3.06538461538,0,0,1128.5,25.6575,0.0,0.065,0,0.3099999999999987,0,0,0
655,-3.04230769231,0,0,1129.0166666666667,25.6575,0.0,0.065,0,0.4299999999999997,0,0,0
655,-2.96538461538,0,0,1129.5166666666667,25.6425,0.0,0.07,0,0.370000000000001,0,0,1
660,-2.78846153846,0,0,1130.0333333333333,25.6425,0.0,0.07,0,0.370000000000001,0,0,1
655,-2.65769230769,0,0,1130.55,25.6425,0.0,0.0675,0,0.370000000000001,0,0,1
660,-2.48076923077,0,0,1131.05,25.6425,0.0,0.065,0,0.370000000000001,0,0,0
655,-2.30769230769,0,0,1131.5666666666666,25.6425,0.0,0.065,0,0.370000000000001,0,0,0
650,-2.18461538462,0,0,1132.0833333333333,25.6275,0.0,0.07,0,0.370000000000001,0,0,1
650,-2.01538461538,0,0,1132.5833333333333,25.6425,0.0,0.0625,0,0.370000000000001,0,0,0
650,-1.9,0,0,1133.1,25.6425,0.0,0.0675,0,0.370000000000001,0,0,1
655,-1.7,0,0,1133.6166666666666,25.6425,0.0,0.0675,0,0.370000000000001,0,0,1
650,-1.51153846154,0,0,1134.1166666666666,25.6425,0.0,0.0625,0,0.370000000000001,0,0,0
645,-1.38076923077,0,0,1134.6333333333334,25.6425,0.0,0.065,0,0.370000000000001,0,0,0
635,-1.35384615385,0,0,1135.1333333333334,25.6425,0.0,0.0675,0,0.370000000000001,0,0,1
635,-1.38461538462,0,0,1135.65,25.6275,0.0,0.0675,0,0.370000000000001,0,0,1
630,-1.47692307692,0,0,1136.1666666666667,25.627499999999998,0.0,0.08499999999999999,0,0.370000000000001,0,0,2
630,-1.53461538462,0,0,1136.6666666666667,25.58,0.0,0.0675,0,0.38000000000000256,0,0,1
635,-1.56153846154,0,0,1137.1833333333334,25.61,0.0,0.0675,0,0.4400000000000013,0,0,1
630,-1.60769230769,0,0,1137.7,25.6125,0.0,0.0675,0,0.3100000000000023,0,0,1
630,-1.62307692308,0,0,1138.2,25.61,0.0,0.065,0,0.4400000000000013,0,0,0
630,-1.65769230769,0,0,1138.7166666666667,25.6125,0.0,0.0675,0,0.370000000000001,0,0,1
630,-1.66538461538,0,0,1139.2333333333333,25.61,0.0,0.0675,0,0.4400000000000013,0,0,1
630,-1.64615384615,0,0,1140.25,25.595,0.0,0.065,0,0.4400000000000013,0,0,0
630,-1.6,0,0,1140.75,25.595,0.0,0.0625,0,0.4400000000000013,0,0,0
625,-1.57307692308,0,0,1141.2666666666667,25.58,0.0,0.065,0,0.38000000000000256,0,0,0
630,-1.51923076923,0,0,1141.7833333333333,25.5975,0.0,0.065,0,0.3100000000000023,0,0,0
630,-1.49230769231,0,0,1142.2833333333333,25.595,0.0,0.065,0,0.38000000000000256,0,0,0
625,-1.49230769231,0,0,1142.8,25.595,0.0,0.0675,0,0.4400000000000013,0,0,1
630,-1.37307692308,0,0,1143.3166666666666,25.61,0.0,0.13749999999999998,0,0.4400000000000013,0,0,2
620,-1.37307692308,0,0,1143.8166666666666,25.595,0.0,0.09,0,0.4400000000000013,0,0,2
620,-1.29615384615,0,0,1144.3333333333333,25.6125,0.0,0.1525,0,0.370000000000001,0,0,2
615,-1.28461538462,0,0,1144.85,25.61,0.0,0.09,0,0.4400000000000013,0,0,2
610,-1.33846153846,0,0,1145.35,25.595,0.0,0.0625,0,0.4400000000000013,0,0,0
615,-1.31538461538,0,0,1145.8666666666666,25.595,0.0,0.065,0,0.4400000000000013,0,0,0
615,-1.26538461538,0,0,1146.3666666666666,25.6125,0.0,0.0675,0,0.370000000000001,0,0,1
615,-1.13846153846,0,0,1146.8833333333334,25.6125,0.0,0.0675,0,0.370000000000001,0,0,1
620,-0.984615384615,0,0,1147.4,25.58,0.0,0.065,0,0.4400000000000013,0,0,0
615,-0.903846153846,0,0,1147.9,25.58,0.0,0.065,0,0.4400000000000013,0,0,0
615,-0.9,0,0,1148.4166666666667,25.564999999999998,0.0,0.065,0,0.38000000000000256,0,0,0
605,-0.973076923077,0,0,1148.9333333333334,25.58,0.0,0.065,0,0.4400000000000013,0,0,0
600,-1.11923076923,0,0,1149.4333333333334,25.58,0.0,0.0675,0,0.4400000000000013,0,0,1
605,-1.19615384615,0,0,1149.95,25.595,0.0,0.0625,0,0.4400000000000013,0,0,0
600,-1.25,0,0,1150.45,25.564999999999998,0.0,0.065,0,0.38000000000000256,0,0,0
600,-1.32692307692,0,0,1150.9666666666667,25.549999999999997,0.0,0.0625,0,0.4400000000000013,0,0,0
595,-1.42692307692,0,0,1151.4833333333333,25.564999999999998,0.0,0.065,0,0.38000000000000256,0,0,0
595,-1.5,0,0,1151.9833333333333,25.564999999999998,0.0,0.07,0,0.38000000000000256,0,0,1
595,-1.54615384615,0,0,1152.5,25.564999999999998,0.0,0.0625,0,0.38000000000000256,0,0,0
590,-1.61153846154,0,0,1153.0166666666667,25.564999999999998,0.0,0.065,0,0.38000000000000256,0,0,0
590,-1.64615384615,0,0,1153.5166666666667,25.564999999999998,0.0,0.0675,0,0.38000000000000256,0,0,1
585,-1.74615384615,0,0,1154.0333333333333,25.564999999999998,0.0,0.065,0,0.38000000000000256,0,0,0
590,-1.71923076923,0,0,1154.55,25.564999999999998,0.0,0.065,0,0.38000000000000256,0,0,0
585,-1.70769230769,0,0,1155.05,25.58,0.0,0.0675,0,0.4400000000000013,0,0,1
590,-1.66538461538,0,0,1155.5666666666666,25.564999999999998,0.0,0.07,0,0.38000000000000256,0,0,1
585,-1.59230769231,0,0,1156.0666666666666,25.564999999999998,0.0,0.0625,0,0.38000000000000256,0,0,0
585,-1.58461538462,0,0,1156.5833333333333,25.564999999999998,0.0,0.0675,0,0.38000000000000256,0,0,1
575,-1.64230769231,0,0,1157.1,25.564999999999998,0.0,0.065,0,0.5,0,0,0
575,-1.71538461538,0,0,1157.6,25.564999999999998,0.0,0.065,0,0.38000000000000256,0,0,0
575,-1.80769230769,0,0,1158.1166666666666,25.549999999999997,0.0,0.07,0,0.4400000000000013,0,0,1
570,-1.86923076923,0,0,1158.6333333333334,25.549999999999997,0.0,0.065,0,0.4400000000000013,0,0,0
565,-1.94230769231,0,0,1159.1333333333334,25.564999999999998,0.0,0.0625,0,0.5,0,0,0
565,-1.97692307692,0,0,1159.65,25.549999999999997,0.0,0.065,0,0.4400000000000013,0,0,0
560,-1.96923076923,0,0,1160.1666666666667,25.564999999999998,0.0,0.065,0,0.38000000000000256,0,0,0
565,-1.91923076923,0,0,1160.6666666666667,25.564999999999998,0.0,0.065,0,0.38000000000000256,0,0,0
555,-1.92307692308,0,0,1161.1833333333334,25.564999999999998,0.0,0.065,0,0.38000000000000256,0,0,0
560,-1.93461538462,0,0,1161.6833333333334,25.564999999999998,0.0,0.0675,0,0.38000000000000256,0,0,1
555,-2.00769230769,0,0,1162.2,25.564999999999998,0.0,0.07500000000000001,0,0.38000000000000256,0,0,2
550,-2.04230769231,0,0,1162.7166666666667,25.564999999999998,0.0,0.065,0,0.38000000000000256,0,0,0
545,-2.13076923077,0,0,1163.2166666666667,25.564999999999998,0.0,0.065,0,0.38000000000000256,0,0,0
540,-2.22307692308,0,0,1163.7333333333333,25.5475,0.0,0.07,0,0.38000000000000256,0,0,1
540,-2.31923076923,0,0,1164.25,25.5475,0.0,0.065,0,0.38000000000000256,0,0,0
535,-2.41923076923,0,0,1164.75,25.5475,0.0,0.0675,0,0.38000000000000256,0,0,1
535,-2.47307692308,0,0,1165.2666666666667,25.564999999999998,0.0,0.065,0,0.38000000000000256,0,0,0
535,-2.53076923077,0,0,1165.7833333333333,25.5325,0.0,0.07,0,0.4400000000000013,0,0,1
530,-2.59230769231,0,0,1166.2833333333333,25.5475,0.0,0.0625,0,0.38000000000000256,0,0,0
530,-2.65769230769,0,0,1166.8,25.5325,0.0,0.07,0,0.4400000000000013,0,0,1
530,-2.63076923077,0,0,1167.3,25.5325,0.0,0.0625,0,0.4400000000000013,0,0,0
525,-2.65384615385,0,0,1167.8166666666666,25.515,0.0,0.065,0,0.4400000000000013,0,0,0
525,-2.58076923077,0,0,1168.3333333333333,25.549999999999997,0.0,0.07250000000000001,0,0.4400000000000013,0,0,1
525,-2.50769230769,0,0,1168.8333333333333,25.515,0.0,0.065,0,0.4400000000000013,0,0,0
525,-2.38846153846,0,0,1169.35,25.515,0.0,0.0675,0,0.4400000000000013,0,0,1
525,-2.32307692308,0,0,1169.8666666666666,25.515,0.0,0.065,0,0.4400000000000013,0,0,0
520,-2.26538461538,0,0,1170.3666666666666,25.515,0.0,0.0625,0,0.4400000000000013,0,0,0
520,-2.16538461538,0,0,1170.8833333333334,25.515,0.0,0.065,0,0.4400000000000013,0,0,0
520,-2.07307692308,0,0,1171.4,25.515,0.0,0.065,0,0.4400000000000013,0,0,0
520,-1.99230769231,0,0,1171.9,25.515,0.0,0.0625,0,0.4400000000000013,0,0,0
510,-1.96923076923,0,0,1172.4166666666667,25.515,0.0,0.0625,0,0.4400000000000013,0,0,0
510,-1.95384615385,0,0,1172.9166666666667,25.515,0.0,0.0625,0,0.4400000000000013,0,0,0
515,-1.80384615385,0,0,1173.4333333333334,25.5325,0.0,0.07,0,0.4400000000000013,0,0,1
505,-1.80769230769,0,0,1173.95,25.515,0.0,0.06000000000000001,0,0.4400000000000013,0,0,0
500,-1.76923076923,0,0,1174.45,25.5325,0.0,0.065,0,0.4400000000000013,0,0,0
495,-1.78076923077,0,0,1174.9666666666667,25.515,0.0,0.09,0,0.4400000000000013,0,0,2
495,-1.79615384615,0,0,1175.4833333333333,25.515,0.0,0.0675,0,0.4400000000000013,0,0,1
495,-1.81923076923,0,0,1175.9833333333333,25.515,0.0,0.060000000000000005,0,0.4400000000000013,0,0,0
495,-1.85384615385,0,0,1176.5,25.5325,0.0,0.065,0,0.4400000000000013,0,0,0
495,-1.85384615385,0,0,1177.0166666666667,25.515,0.0,0.07,0,0.4400000000000013,0,0,1
495,-1.86923076923,0,0,1177.5166666666667,25.5175,0.0,0.0675,0,0.379999999999999,0,0,1
500,-1.80769230769,0,0,1178.0333333333333,25.485,0.0,0.0625,0,0.4399999999999977,0,0,0
490,-1.81153846154,0,0,1178.5333333333333,25.5,0.0,0.0675,0,0.379999999999999,0,0,1
490,-1.83076923077,0,0,1179.05,25.485,0.0,0.07,0,0.4399999999999977,0,0,1
490,-1.81923076923,0,0,1179.5666666666666,25.515,0.0,0.07,0,0.4400000000000013,0,0,1
495,-1.73076923077,0,0,1180.0666666666666,25.485,0.0,0.065,0,0.4399999999999977,0,0,0
490,-1.71153846154,0,0,1180.5833333333333,25.485,0.0,0.065,0,0.4399999999999977,0,0,0
485,-1.71153846154,0,0,1181.1,25.5,0.0,0.0675,0,0.379999999999999,0,0,1
490,-1.63461538462,0,0,1181.6,25.5,0.0,0.065,0,0.379999999999999,0,0,0
485,-1.57692307692,0,0,1182.1166666666666,25.5,0.0,0.065,0,0.379999999999999,0,0,0
485,-1.48846153846,0,0,1182.6166666666666,25.485,0.0,0.0675,0,0.379999999999999,0,0,1
485,-1.41923076923,0,0,1183.1333333333334,25.5,0.0,0.0675,0,0.379999999999999,0,0,1
475,-1.41538461538,0,0,1183.65,25.5,0.0,0.0625,0,0.379999999999999,0,0,0
480,-1.33076923077,0,0,1184.15,25.485,0.0,0.065,0,0.4399999999999977,0,0,0
475,-1.26153846154,0,0,1184.6666666666667,25.485,0.0,0.065,0,0.4399999999999977,0,0,0
475,-1.25769230769,0,0,1185.1833333333334,25.5,0.0,0.06000000000000001,0,0.379999999999999,0,0,0
485,-1.13461538462,0,0,1185.6833333333334,25.485,0.0,0.0675,0,0.4399999999999977,0,0,1
480,-0.988461538462,0,0,1186.2,25.485,0.0,0.0625,0,0.4399999999999977,0,0,0
480,-0.915384615385,0,0,1186.7166666666667,25.47,0.0,0.065,0,0.4399999999999977,0,0,0
480,-0.873076923077,0,0,1187.2166666666667,25.47,0.0,0.0625,0,0.4399999999999977,0,0,0
475,-0.911538461538,0,0,1187.7333333333333,25.485,0.0,0.0625,0,0.4399999999999977,0,0,0
480,-0.888461538462,0,0,1188.2333333333333,25.5,0.0,0.0675,0,0.379999999999999,0,0,1
480,-0.853846153846,0,0,1188.75,25.5,0.0,0.0675,0,0.4400000000000013,0,0,1
475,-0.853846153846,0,0,1189.2666666666667,25.47,0.0,0.065,0,0.4399999999999977,0,0,0
470,-0.884615384615,0,0,1189.7666666666667,25.485,0.0,0.0625,0,0.4399999999999977,0,0,0
465,-0.942307692308,0,0,1190.2833333333333,25.485,0.0,0.065,0,0.4399999999999977,0,0,0
460,-0.973076923077,0,0,1190.8,25.485,0.0,0.10250000000000001,0,0.4399999999999977,0,0,2
460,-1.07307692308,0,0,1191.3,25.47,0.0,0.09,0,0.4399999999999977,0,0,2
455,-1.19615384615,0,0,1191.8166666666666,25.47,0.0,0.0625,0,0.4399999999999977,0,0,0
450,-1.33846153846,0,0,1192.3333333333333,25.485,0.0,0.0675,0,0.4399999999999977,0,0,1
450,-1.4,0,0,1192.8333333333333,25.47,0.0,0.065,0,0.4399999999999977,0,0,0
445,-1.52307692308,0,0,1193.35,25.47,0.0,0.065,0,0.4399999999999977,0,0,0
445,-1.66153846154,0,0,1193.85,25.455,0.0,0.065,0,0.4399999999999977,0,0,0
445,-1.71923076923,0,0,1194.3666666666666,25.485,0.0,0.0625,0,0.4399999999999977,0,0,0
450,-1.74615384615,0,0,1194.8833333333334,25.455,0.0,0.0625,0,0.4399999999999977,0,0,0
450,-1.74615384615,0,0,1195.3833333333334,25.455,0.0,0.0675,0,0.4399999999999977,0,0,1
450,-1.71923076923,0,0,1195.9,25.455,0.0,0.2675,0,0.4399999999999977,0,0,2
445,-1.81153846154,0,0,1196.4166666666667,25.485,0.0,0.17,0,0.4399999999999977,0,0,2
435,-1.92307692308,0,0,1197.4333333333334,25.4525,0.0,0.0675,0,0.36999999999999744,0,0,1
435,-2.05,0,0,1197.95,25.47,0.0,0.065,0,0.4399999999999977,0,0,0
430,-2.19230769231,0,0,1198.45,25.47,0.0,0.0625,0,0.4399999999999977,0,0,0
435,-2.15384615385,0,0,1198.9666666666667,25.47,0.0,0.0675,0,0.4399999999999977,0,0,1
435,-2.12692307692,0,0,1199.4666666666667,25.455,0.0,0.065,0,0.4399999999999977,0,0,0
430,-2.11153846154,0,0,1199.9833333333333,25.4375,0.0,0.065,0,0.36999999999999744,0,0,0
425,-2.10384615385,0,0,1200.5,25.455,0.0,0.065,0,0.4399999999999977,0,0,0
430,-2.05769230769,0,0,1201.0,25.455,0.0,0.0675,0,0.4399999999999977,0,0,1
430,-1.92692307692,0,0,1201.5166666666667,25.455,0.0,0.0675,0,0.4399999999999977,0,0,1
425,-1.80384615385,0,0,1202.0333333333333,25.47,0.0,0.065,0,0.4399999999999977,0,0,0
425,-1.68846153846,0,0,1202.5333333333333,25.47,0.0,0.0675,0,0.4399999999999977,0,0,1
425,-1.58461538462,0,0,1203.05,25.47,0.0,0.065,0,0.4399999999999977,0,0,0
420,-1.54230769231,0,0,1203.5666666666666,25.455,0.0,0.065,0,0.4399999999999977,0,0,0
420,-1.51538461538,0,0,1204.0666666666666,25.47,0.0,0.065,0,0.4399999999999977,0,0,0
420,-1.45769230769,0,0,1204.5833333333333,25.455,0.0,0.0675,0,0.4399999999999977,0,0,1
415,-1.46538461538,0,0,1205.0833333333333,25.455,0.0,0.0675,0,0.4399999999999977,0,0,1
420,-1.44615384615,0,0,1205.6,25.455,0.0,0.0675,0,0.4399999999999977,0,0,1
425,-1.35769230769,0,0,1206.1166666666666,25.47,0.0,0.065,0,0.4399999999999977,0,0,0
425,-1.3,0,0,1206.6166666666666,25.47,0.0,0.065,0,0.4399999999999977,0,0,0
425,-1.22692307692,0,0,1207.1333333333334,25.455,0.0,0.0675,0,0.4399999999999977,0,0,1
420,-1.18461538462,0,0,1207.65,25.455,0.0,0.0625,0,0.4399999999999977,0,0,0
415,-1.11923076923,0,0,1208.15,25.47,0.0,0.07,0,0.4399999999999977,0,0,1
415,-1.02692307692,0,0,1208.6666666666667,25.455,0.0,0.07250000000000001,0,0.4399999999999977,0,0,1
410,-0.953846153846,0,0,1209.1833333333334,25.455,0.0,0.0675,0,0.4399999999999977,0,0,1
405,-0.946153846154,0,0,1209.6833333333334,25.455,0.0,0.065,0,0.4399999999999977,0,0,0
400,-1.05384615385,0,0,1210.2,25.455,0.0,0.07,0,0.4399999999999977,0,0,1
395,-1.18076923077,0,0,1210.7,25.455,0.0,0.0675,0,0.4399999999999977,0,0,1
400,-1.28076923077,0,0,1211.2166666666667,25.47,0.0,0.07,0,0.5,0,0,1
400,-1.30769230769,0,0,1211.7333333333333,25.47,0.0,0.07,0,0.5600000000000023,0,0,1
400,-1.30769230769,0,0,1212.2333333333333,25.439999999999998,0.0,0.07,0,0.5,0,0,1
390,-1.42307692308,0,0,1212.75,25.439999999999998,0.0,0.0625,0,0.5,0,0,0
390,-1.55769230769,0,0,1213.2666666666667,25.439999999999998,0.0,0.0625,0,0.5,0,0,0
390,-1.61538461538,0,0,1213.7666666666667,25.455,0.0,0.0675,0,0.5,0,0,1
390,-1.64230769231,0,0,1214.2833333333333,25.47,0.0,0.065,0,0.5,0,0,0
390,-1.68846153846,0,0,1214.8,25.439999999999998,0.0,0.0625,0,0.5,0,0,0
390,-1.70769230769,0,0,1215.3,25.439999999999998,0.0,0.07,0,0.5,0,0,1
390,-1.7,0,0,1215.8166666666666,25.439999999999998,0.0,0.0675,0,0.5,0,0,1
395,-1.66923076923,0,0,1216.3166666666666,25.4075,0.0,0.065,0,0.4299999999999997,0,0,0
390,-1.66538461538,0,0,1216.8333333333333,25.439999999999998,0.0,0.0625,0,0.5,0,0,0
390,-1.63846153846,0,0,1217.35,25.439999999999998,0.0,0.0675,0,0.5,0,0,1
390,-1.63846153846,0,0,1217.85,25.424999999999997,0.0,0.0625,0,0.5,0,0,0
390,-1.56923076923,0,0,1218.3666666666666,25.455,0.0,0.0675,0,0.4399999999999977,0,0,1
390,-1.42692307692,0,0,1218.8833333333334,25.424999999999997,0.0,0.0675,0,0.5,0,0,1
390,-1.25769230769,0,0,1219.3833333333334,25.439999999999998,0.0,0.065,0,0.5,0,0,0
390,-1.06153846154,0,0,1219.9,25.439999999999998,0.0,0.065,0,0.5,0,0,0
390,-0.888461538462,0,0,1220.4,25.439999999999998,0.0,0.0625,0,0.5,0,0,0
390,-0.742307692308,0,0,1220.9166666666667,25.439999999999998,0.0,0.0625,0,0.4399999999999977,0,0,0
390,-0.576923076923,0,0,1221.4333333333334,25.455,0.0,0.0675,0,0.4399999999999977,0,0,1
390,-0.442307692308,0,0,1221.9333333333334,25.439999999999998,0.0,0.065,0,0.5,0,0,0
390,-0.342307692308,0,0,1222.45,25.424999999999997,0.0,0.06000000000000001,0,0.5,0,0,0
390,-0.280769230769,0,0,1222.9666666666667,25.455,0.0,0.0625,0,0.4399999999999977,0,0,0
390,-0.261538461538,0,0,1223.4666666666667,25.439999999999998,0.0,0.0625,0,0.5,0,0,0
385,-0.234615384615,0,0,1223.9833333333333,25.424999999999997,0.0,0.065,0,0.5,0,0,0
385,-0.196153846154,0,0,1224.5,25.455,0.0,0.0625,0,0.4399999999999977,0,0,0
385,-0.146153846154,0,0,1225.0,25.455,0.0,0.0625,0,0.4399999999999977,0,0,0
385,-0.184615384615,0,0,1225.5166666666667,25.455,0.0,0.06000000000000001,0,0.4399999999999977,0,0,0
385,-0.219230769231,0,0,1226.0166666666667,25.455,0.0,0.065,0,0.4399999999999977,0,0,0
385,-0.25,0,0,1226.5333333333333,25.455,0.0,0.065,0,0.4399999999999977,0,0,0
385,-0.276923076923,0,0,1227.05,25.455,0.0,0.065,0,0.4399999999999977,0,0,0
385,-0.3,0,0,1227.55,25.455,0.0,0.065,0,0.4399999999999977,0,0,0
385,-0.319230769231,0,0,1228.0666666666666,25.4225,0.0,0.0625,0,0.36999999999999744,0,0,0
385,-0.334615384615,0,0,1228.5833333333333,25.439999999999998,0.0,0.065,0,0.4399999999999977,0,0,0
385,-0.296153846154,0,0,1229.0833333333333,25.439999999999998,0.0,0.06000000000000001,0,0.4399999999999977,0,0,0
385,-0.3,0,0,1229.6,25.4225,0.0,0.0675,0,0.4299999999999997,0,0,1
385,-0.3,0,0,1230.1166666666666,25.424999999999997,0.0,0.07,0,0.5,0,0,1
385,-0.296153846154,0,0,1230.6166666666666,25.424999999999997,0.0,0.065,0,0.5,0,0,0
385,-0.288461538462,0,0,1231.1333333333334,25.424999999999997,0.0,0.065,0,0.5,0,0,0
385,-0.276923076923,0,0,1231.6333333333334,25.424999999999997,0.0,0.06000000000000001,0,0.5,0,0,0
385,-0.261538461538,0,0,1232.15,25.424999999999997,0.0,0.07,0,0.5,0,0,1
385,-0.242307692308,0,0,1232.6666666666667,25.424999999999997,0.0,0.0675,0,0.5,0,0,1
385,-0.219230769231,0,0,1233.1666666666667,25.424999999999997,0.0,0.0675,0,0.5,0,0,1
385,-0.192307692308,0,0,1233.6833333333334,25.424999999999997,0.0,0.0675,0,0.5,0,0,1
385,-0.161538461538,0,0,1234.2,25.424999999999997,0.0,0.065,0,0.5,0,0,0
385,-0.126923076923,0,0,1234.7,25.424999999999997,0.0,0.0675,0,0.5,0,0,1
385,-0.0884615384615,0,0,1235.2166666666667,25.424999999999997,0.0,0.07,0,0.5,0,0,1
385,-0.0461538461538,0,0,1235.7333333333333,25.424999999999997,0.0,0.065,0,0.5,0,0,0
385,0.0,0,0,1236.2333333333333,25.424999999999997,0.0,0.065,0,0.5,0,0,0
385,0.0,0,0,1236.75,25.424999999999997,0.0,0.0625,0,0.5,0,0,0
385,0.0,0,0,1237.25,25.41,0.0,0.0675,0,0.5,0,0,1
385,0.0,0,0,1237.7666666666667,25.41,0.0,0.0625,0,0.5,0,0,0
385,0.0,0,0,1238.2833333333333,25.424999999999997,0.0,0.065,0,0.5,0,0,0
385,0.0,0,0,1238.7833333333333,25.4075,0.0,0.065,0,0.4299999999999997,0,0,0
385,0.0,0,0,1239.3,25.424999999999997,0.0,0.0625,0,0.5,0,0,0
380,-0.0461538461538,0,0,1239.8166666666666,25.424999999999997,0.0,0.0625,0,0.5,0,0,0
380,-0.0884615384615,0,0,1240.3166666666666,25.424999999999997,0.0,0.065,0,0.5,0,0,0
380,-0.126923076923,0,0,1240.8333333333333,25.4075,0.0,0.065,0,0.4299999999999997,0,0,0
380,-0.161538461538,0,0,1241.35,25.424999999999997,0.0,0.07,0,0.5,0,0,1
380,-0.192307692308,0,0,1241.85,25.4075,0.0,0.0675,0,0.4299999999999997,0,0,1
380,-0.219230769231,0,0,1242.3666666666666,25.424999999999997,0.0,0.065,0,0.5,0,0,0
380,-0.242307692308,0,0,1242.8666666666666,25.4075,0.0,0.0625,0,0.4299999999999997,0,0,0
380,-0.261538461538,0,0,1243.3833333333334,25.41,0.0,0.0625,0,0.5,0,0,0
380,-0.276923076923,0,0,1243.9,25.392500000000002,0.0,0.0625,0,0.4299999999999997,0,0,0
380,-0.288461538462,0,0,1244.4,25.39,0.0,0.0675,0,0.5,0,0,1
380,-0.296153846154,0,0,1244.9166666666667,25.39,0.0,0.07,0,0.5,0,0,1
380,-0.3,0,0,1245.4333333333334,25.424999999999997,0.0,0.07,0,0.5,0,0,1
380,-0.3,0,0,1245.9333333333334,25.41,0.0,0.0625,0,0.5,0,0,0
380,-0.296153846154,0,0,1246.45,25.4075,0.0,0.0675,0,0.5700000000000003,0,0,1
380,-0.288461538462,0,0,1246.9666666666667,25.4075,0.0,0.06000000000000001,0,0.4299999999999997,0,0,0
380,-0.276923076923,0,0,1247.4666666666667,25.39,0.0,0.0675,0,0.5,0,0,1
380,-0.261538461538,0,0,1247.9833333333333,25.375,0.0,0.0625,0,0.5,0,0,0
380,-0.242307692308,0,0,1248.4833333333333,25.392500000000002,0.0,0.0625,0,0.4299999999999997,0,0,0
380,-0.219230769231,0,0,1249.0,25.4075,0.0,0.0675,0,0.4299999999999997,0,0,1
380,-0.192307692308,0,0,1249.5166666666667,25.41,0.0,0.0625,0,0.5,0,0,0
380,-0.161538461538,0,0,1250.0166666666667,25.39,0.0,0.07,0,0.5,0,0,1
380,-0.126923076923,0,0,1250.5333333333333,25.39,0.0,0.065,0,0.5,0,0,0
380,-0.0884615384615,0,0,1251.05,25.39,0.0,0.0675,0,0.5,0,0,1
380,-0.0461538461538,0,0,1251.55,25.41,0.0,0.0675,0,0.5,0,0,1
380,0.0,0,0,1252.0666666666666,25.4075,0.0,0.07,0,0.4299999999999997,0,0,1
380,0.0,0,0,1253.0833333333333,25.3925,0.0,0.06000000000000001,0,0.5700000000000003,0,0,0
380,0.0,0,0,1253.6,25.375,0.0,0.065,0,0.5,0,0,0
380,0.0,0,0,1254.1,25.375,0.0,0.0625,0,0.5,0,0,0
380,0.0,0,0,1254.6166666666666,25.39,0.0,0.065,0,0.5,0,0,0
375,-0.0461538461538,0,0,1255.1333333333334,25.4075,0.0,0.065,0,0.4299999999999997,0,0,0
380,-0.0423076923077,0,0,1255.6333333333334,25.39,0.0,0.07,0,0.5,0,0,1
375,-0.0846153846154,0,0,1256.15,25.39,0.0,0.0675,0,0.5,0,0,1
375,-0.123076923077,0,0,1256.6666666666667,25.39,0.0,0.065,0,0.5,0,0,0
380,-0.111538461538,0,0,1257.1666666666667,25.39,0.0,0.0675,0,0.5,0,0,1
375,-0.146153846154,0,0,1257.6833333333334,25.375,0.0,0.065,0,0.5,0,0,0
375,-0.176923076923,0,0,1258.1833333333334,25.375,0.0,0.0625,0,0.5,0,0,0
375,-0.203846153846,0,0,1258.7,25.375,0.0,0.06000000000000001,0,0.5,0,0,0
375,-0.226923076923,0,0,1259.2166666666667,25.375,0.0,0.065,0,0.5,0,0,0
375,-0.246153846154,0,0,1259.7166666666667,25.375,0.0,0.06000000000000001,0,0.5,0,0,0
375,-0.261538461538,0,0,1260.2333333333333,25.375,0.0,0.065,0,0.5,0,0,0
375,-0.273076923077,0,0,1260.75,25.375,0.0,0.0675,0,0.5,0,0,1
375,-0.280769230769,0,0,1261.25,25.39,0.0,0.0625,0,0.5,0,0,0
375,-0.284615384615,0,0,1261.7666666666667,25.3925,0.0,0.065,0,0.5700000000000003,0,0,0
375,-0.284615384615,0,0,1262.2833333333333,25.39,0.0,0.065,0,0.5,0,0,0
375,-0.280769230769,0,0,1262.7833333333333,25.375,0.0,0.06000000000000001,0,0.5,0,0,0
375,-0.273076923077,0,0,1263.3,25.36,0.0,0.0625,0,0.5,0,0,0
375,-0.261538461538,0,0,1263.8,25.375,0.0,0.0625,0,0.5,0,0,0
375,-0.246153846154,0,0,1264.3166666666666,25.375,0.0,0.0625,0,0.5,0,0,0
375,-0.226923076923,0,0,1264.8333333333333,25.375,0.0,0.06000000000000001,0,0.5,0,0,0
375,-0.203846153846,0,0,1265.3333333333333,25.36,0.0,0.07,0,0.5,0,0,1
375,-0.176923076923,0,0,1265.85,25.375,0.0,0.0675,0,0.5,0,0,1
375,-0.146153846154,0,0,1266.3666666666666,25.375,0.0,0.0625,0,0.5,0,0,0
375,-0.111538461538,0,0,1266.8666666666666,25.392500000000002,0.0,0.065,0,0.4299999999999997,0,0,0
375,-0.0730769230769,0,0,1267.3833333333334,25.375,0.0,0.06000000000000001,0,0.5,0,0,0
375,-0.0807692307692,0,0,1267.9,25.375,0.0,0.065,0,0.5,0,0,0
375,-0.0384615384615,0,0,1268.4,25.392500000000002,0.0,0.0625,0,0.4299999999999997,0,0,0
370,-0.0884615384615,0,0,1268.9166666666667,25.36,0.0,0.0675,0,0.5,0,0,1
375,-0.0884615384615,0,0,1269.4166666666667,25.375,0.0,0.0625,0,0.5,0,0,0
370,-0.0846153846154,0,0,1269.9333333333334,25.375,0.0,0.065,0,0.5,0,0,0
370,-0.123076923077,0,0,1270.45,25.375,0.0,0.0625,0,0.5,0,0,0
370,-0.157692307692,0,0,1270.95,25.36,0.0,0.07250000000000001,0,0.4400000000000013,0,0,1
370,-0.188461538462,0,0,1271.4666666666667,25.3775,0.0,0.0625,0,0.370000000000001,0,0,0
370,-0.215384615385,0,0,1271.9833333333333,25.375,0.0,0.0675,0,0.5,0,0,1
370,-0.238461538462,0,0,1272.4833333333333,25.36,0.0,0.065,0,0.4400000000000013,0,0,0
370,-0.257692307692,0,0,1273.0,25.375,0.0,0.0625,0,0.5,0,0,0
370,-0.273076923077,0,0,1273.5166666666667,25.375,0.0,0.07,0,0.5,0,0,1
370,-0.284615384615,0,0,1274.0166666666667,25.375,0.0,0.065,0,0.5,0,0,0
370,-0.292307692308,0,0,1274.5333333333333,25.375,0.0,0.07,0,0.5,0,0,1
370,-0.296153846154,0,0,1275.0333333333333,25.36,0.0,0.0625,0,0.4400000000000013,0,0,0
370,-0.296153846154,0,0,1275.55,25.33,0.0,0.0625,0,0.4400000000000013,0,0,0
370,-0.292307692308,0,0,1276.0666666666666,25.36,0.0,0.07,0,0.4400000000000013,0,0,1
370,-0.284615384615,0,0,1276.5666666666666,25.345,0.0,0.17250000000000001,0,0.4400000000000013,0,0,2
370,-0.273076923077,0,0,1277.0833333333333,25.36,0.0,0.0625,0,0.4400000000000013,0,0,0
370,-0.257692307692,0,0,1277.6,25.345,0.0,0.0675,0,0.4400000000000013,0,0,1
370,-0.238461538462,0,0,1278.1,25.33,0.0,0.0675,0,0.4400000000000013,0,0,1
370,-0.215384615385,0,0,1278.6166666666666,25.33,0.0,0.065,0,0.4400000000000013,0,0,0
370,-0.188461538462,0,0,1279.1333333333334,25.345,0.0,0.065,0,0.4400000000000013,0,0,0
370,-0.157692307692,0,0,1279.6333333333334,25.36,0.0,0.065,0,0.4400000000000013,0,0,0
370,-0.123076923077,0,0,1280.15,25.345,0.0,0.0625,0,0.5,0,0,0
370,-0.0846153846154,0,0,1280.65,25.345,0.0,0.07,0,0.4400000000000013,0,0,1
370,-0.0423076923077,0,0,1281.1666666666667,25.36,0.0,0.065,0,0.5,0,0,0
370,-0.0461538461538,0,0,1281.6833333333334,25.33,0.0,0.0675,0,0.4400000000000013,0,0,1
370,0.0,0,0,1282.1833333333334,25.33,0.0,0.07,0,0.4400000000000013,0,0,1
370,0.0,0,0,1282.7,25.345,0.0,0.0675,0,0.5,0,0,1
370,0.0,0,0,1283.2166666666667,25.345,0.0,0.0675,0,0.5,0,0,1
370,0.0,0,0,1283.7166666666667,25.345,0.0,0.0675,0,0.5,0,0,1
370,0.0,0,0,1284.2333333333333,25.345,0.0,0.0675,0,0.5,0,0,1
370,0.0,0,0,1284.7333333333333,25.36,0.0,0.06000000000000001,0,0.4400000000000013,0,0,0
370,0.0,0,0,1285.25,25.36,0.0,0.07,0,0.5,0,0,1
370,0.0,0,0,1285.7666666666667,25.36,0.0,0.0625,0,0.4400000000000013,0,0,0
370,0.0,0,0,1286.2666666666667,25.33,0.0,0.0625,0,0.5,0,0,0
370,0.0,0,0,1286.7833333333333,25.36,0.0,0.0675,0,0.5,0,0,1
370,0.0,0,0,1287.3,25.345,0.0,0.065,0,0.4400000000000013,0,0,0
370,0.0,0,0,1287.8,25.33,0.0,0.0625,0,0.4400000000000013,0,0,0
370,0.0,0,0,1288.3166666666666,25.345,0.0,0.0675,0,0.4400000000000013,0,0,1
365,-0.0461538461538,0,0,1288.8333333333333,25.33,0.0,0.07,0,0.4400000000000013,0,0,1
365,-0.0884615384615,0,0,1289.3333333333333,25.345,0.0,0.065,0,0.4400000000000013,0,0,0
365,-0.126923076923,0,0,1289.85,25.314999999999998,0.0,0.065,0,0.5,0,0,0
365,-0.161538461538,0,0,1290.35,25.345,0.0,0.065,0,0.4400000000000013,0,0,0
365,-0.192307692308,0,0,1290.8666666666666,25.345,0.0,0.0625,0,0.4400000000000013,0,0,0
365,-0.219230769231,0,0,1291.3833333333334,25.345,0.0,0.065,0,0.4400000000000013,0,0,0
365,-0.242307692308,0,0,1291.8833333333334,25.345,0.0,0.0625,0,0.4400000000000013,0,0,0
365,-0.261538461538,0,0,1292.4,25.36,0.0,0.065,0,0.5,0,0,0
365,-0.276923076923,0,0,1292.9166666666667,25.345,0.0,0.09000000000000001,0,0.4400000000000013,0,0,2
365,-0.288461538462,0,0,1293.4166666666667,25.33,0.0,0.0675,0,0.4400000000000013,0,0,1
365,-0.296153846154,0,0,1293.9333333333334,25.33,0.0,0.0675,0,0.4400000000000013,0,0,1
365,-0.3,0,0,1294.45,25.33,0.0,0.065,0,0.5,0,0,0
365,-0.3,0,0,1294.95,25.314999999999998,0.0,0.0675,0,0.5,0,0,1
365,-0.296153846154,0,0,1295.4666666666667,25.33,0.0,0.07,0,0.4400000000000013,0,0,1
365,-0.288461538462,0,0,1295.9666666666667,25.314999999999998,0.0,0.0675,0,0.5,0,0,1
365,-0.276923076923,0,0,1296.4833333333333,25.314999999999998,0.0,0.0625,0,0.5,0,0,0
365,-0.261538461538,0,0,1297.0,25.33,0.0,0.065,0,0.5599999999999987,0,0,0
365,-0.242307692308,0,0,1297.5,25.314999999999998,0.0,0.07,0,0.5,0,0,1
365,-0.219230769231,0,0,1298.0166666666667,25.314999999999998,0.0,0.0625,0,0.5,0,0,0
365,-0.192307692308,0,0,1298.5333333333333,25.314999999999998,0.0,0.065,0,0.5,0,0,0
365,-0.161538461538,0,0,1299.0333333333333,25.3275,0.0,0.065,0,0.5,0,0,0
365,-0.126923076923,0,0,1299.55,25.33,0.0,0.0625,0,0.4400000000000013,0,0,0
365,-0.0884615384615,0,0,1300.0666666666666,25.314999999999998,0.0,0.0675,0,0.5,0,0,1
365,-0.0461538461538,0,0,1300.5666666666666,25.314999999999998,0.0,0.065,0,0.5,0,0,0
365,0.0,0,0,1301.0833333333333,25.314999999999998,0.0,0.065,0,0.5,0,0,0
365,0.0,0,0,1301.5833333333333,25.314999999999998,0.0,0.0675,0,0.5,0,0,1
365,0.0,0,0,1302.1,25.33,0.0,0.07,0,0.4400000000000013,0,0,1
360,-0.0461538461538,0,0,1302.6166666666666,25.33,0.0,0.07,0,0.4400000000000013,0,0,1
360,-0.0884615384615,0,0,1303.1166666666666,25.314999999999998,0.0,0.065,0,0.5,0,0,0
365,-0.0807692307692,0,0,1303.6333333333334,25.314999999999998,0.0,0.0625,0,0.5,0,0,0
365,-0.0730769230769,0,0,1304.15,25.314999999999998,0.0,0.0625,0,0.5,0,0,0
365,-0.0653846153846,0,0,1304.65,25.314999999999998,0.0,0.0625,0,0.5,0,0,0
360,-0.103846153846,0,0,1305.1666666666667,25.314999999999998,0.0,0.065,0,0.5,0,0,0
360,-0.138461538462,0,0,1305.6833333333334,25.314999999999998,0.0,0.065,0,0.5,0,0,0
360,-0.169230769231,0,0,1306.1833333333334,25.2975,0.0,0.0625,0,0.5,0,0,0
360,-0.196153846154,0,0,1306.7,25.314999999999998,0.0,0.065,0,0.5,0,0,0
360,-0.219230769231,0,0,1307.2,25.314999999999998,0.0,0.065,0,0.5,0,0,0
360,-0.238461538462,0,0,1307.7166666666667,25.314999999999998,0.0,0.065,0,0.5,0,0,0
360,-0.253846153846,0,0,1308.2333333333333,25.314999999999998,0.0,0.065,0,0.5,0,0,0
360,-0.265384615385,0,0,1309.25,25.33,0.0,0.065,0,0.4400000000000013,0,0,0
360,-0.273076923077,0,0,1309.7666666666667,25.314999999999998,0.0,0.0675,0,0.5,0,0,1
360,-0.276923076923,0,0,1310.2666666666667,25.314999999999998,0.0,0.07,0,0.5,0,0,1
360,-0.276923076923,0,0,1310.7833333333333,25.314999999999998,0.0,0.065,0,0.5,0,0,0
360,-0.273076923077,0,0,1311.3,25.299999999999997,0.0,0.0675,0,0.4400000000000013,0,0,1
360,-0.265384615385,0,0,1311.8,25.299999999999997,0.0,0.17250000000000001,0,0.4400000000000013,0,0,2
360,-0.253846153846,0,0,1312.3166666666666,25.314999999999998,0.0,0.065,0,0.5,0,0,0
360,-0.238461538462,0,0,1312.8166666666666,25.314999999999998,0.0,0.0625,0,0.5,0,0,0
360,-0.219230769231,0,0,1313.3333333333333,25.314999999999998,0.0,0.065,0,0.5,0,0,0
360,-0.196153846154,0,0,1313.85,25.314999999999998,0.0,0.065,0,0.5,0,0,0
360,-0.169230769231,0,0,1314.35,25.314999999999998,0.0,0.0625,0,0.5,0,0,0
360,-0.138461538462,0,0,1314.8666666666666,25.2975,0.0,0.0675,0,0.5,0,0,1
360,-0.103846153846,0,0,1315.3833333333334,25.2975,0.0,0.0625,0,0.5,0,0,0
360,-0.115384615385,0,0,1315.8833333333334,25.2975,0.0,0.0625,0,0.5,0,0,0
360,-0.126923076923,0,0,1316.4,25.2975,0.0,0.065,0,0.5,0,0,0
360,-0.0884615384615,0,0,1316.9,25.2975,0.0,0.065,0,0.5,0,0,0
360,-0.0461538461538,0,0,1317.4166666666667,25.2975,0.0,0.0625,0,0.5,0,0,0
360,0.0,0,0,1317.9333333333334,25.314999999999998,0.0,0.0675,0,0.5,0,0,1
360,0.0,0,0,1318.4333333333334,25.2975,0.0,0.065,0,0.5,0,0,0
360,0.0,0,0,1318.95,25.314999999999998,0.0,0.07,0,0.5,0,0,1
360,0.0,0,0,1319.4666666666667,25.314999999999998,0.0,0.0625,0,0.5,0,0,0
360,0.0,0,0,1319.9666666666667,25.314999999999998,0.0,0.0625,0,0.5,0,0,0
360,0.0,0,0,1320.4833333333333,25.314999999999998,0.0,0.0625,0,0.5,0,0,0
360,0.0,0,0,1321.0,25.2825,0.0,0.06000000000000001,0,0.4400000000000013,0,0,0
360,0.0,0,0,1321.5,25.2825,0.0,0.0675,0,0.4400000000000013,0,0,1
360,0.0,0,0,1322.0166666666667,25.2975,0.0,0.06000000000000001,0,0.5,0,0,0
360,0.0,0,0,1322.5166666666667,25.2975,0.0,0.065,0,0.5,0,0,0
360,0.0,0,0,1323.0333333333333,25.2825,0.0,0.0925,0,0.4400000000000013,0,0,2
360,0.0,0,0,1323.55,25.265,0.0,0.0625,0,0.4400000000000013,0,0,0
360,0.0,0,0,1324.05,25.299999999999997,0.0,0.0625,0,0.4400000000000013,0,0,0
360,0.0,0,0,1324.5666666666666,25.285,0.0,0.0625,0,0.5,0,0,0
360,0.0,0,0,1325.0833333333333,25.299999999999997,0.0,0.065,0,0.4400000000000013,0,0,0
360,0.0,0,0,1325.5833333333333,25.2825,0.0,0.06,0,0.4400000000000013,0,0,0
355,-0.0461538461538,0,0,1326.1,25.299999999999997,0.0,0.06000000000000001,0,0.4400000000000013,0,0,0
360,-0.0423076923077,0,0,1326.6166666666666,25.299999999999997,0.0,0.065,0,0.4400000000000013,0,0,0
360,-0.0384615384615,0,0,1327.1166666666666,25.299999999999997,0.0,0.0625,0,0.4400000000000013,0,0,0
355,-0.0807692307692,0,0,1327.6333333333334,25.2825,0.0,0.0625,0,0.4400000000000013,0,0,0
355,-0.119230769231,0,0,1328.1333333333334,25.314999999999998,0.0,0.0625,0,0.5,0,0,0
355,-0.153846153846,0,0,1328.65,25.285,0.0,0.0675,0,0.5,0,0,1
355,-0.184615384615,0,0,1329.1666666666667,25.299999999999997,0.0,0.06000000000000001,0,0.4400000000000013,0,0,0
355,-0.211538461538,0,0,1329.6666666666667,25.265,0.0,0.065,0,0.4400000000000013,0,0,0
355,-0.234615384615,0,0,1330.1833333333334,25.2825,0.0,0.06000000000000001,0,0.4400000000000013,0,0,0
355,-0.253846153846,0,0,1330.7,25.2825,0.0,0.065,0,0.4400000000000013,0,0,0
355,-0.269230769231,0,0,1331.2,25.265,0.0,0.0625,0,0.4400000000000013,0,0,0
355,-0.280769230769,0,0,1331.7166666666667,25.2975,0.0,0.065,0,0.5,0,0,0
355,-0.288461538462,0,0,1332.2333333333333,25.2825,0.0,0.065,0,0.4400000000000013,0,0,0
355,-0.292307692308,0,0,1332.7333333333333,25.2975,0.0,0.07,0,0.5,0,0,1
355,-0.292307692308,0,0,1333.25,25.2975,0.0,0.065,0,0.5,0,0,0
355,-0.288461538462,0,0,1333.75,25.2825,0.0,0.065,0,0.4400000000000013,0,0,0
355,-0.280769230769,0,0,1334.2666666666667,25.3,0.0,0.0675,0,0.5599999999999987,0,0,1
355,-0.269230769231,0,0,1334.7833333333333,25.2825,0.0,0.0625,0,0.4400000000000013,0,0,0
355,-0.253846153846,0,0,1335.2833333333333,25.2825,0.0,0.0625,0,0.4400000000000013,0,0,0
355,-0.234615384615,0,0,1335.8,25.265,0.0,0.0675,0,0.4400000000000013,0,0,1
355,-0.211538461538,0,0,1336.3166666666666,25.299999999999997,0.0,0.0675,0,0.4400000000000013,0,0,1
355,-0.184615384615,0,0,1336.8166666666666,25.299999999999997,0.0,0.065,0,0.4400000000000013,0,0,0
355,-0.153846153846,0,0,1337.3333333333333,25.2975,0.0,0.0625,0,0.5,0,0,0
355,-0.119230769231,0,0,1337.85,25.265,0.0,0.0675,0,0.4400000000000013,0,0,1
355,-0.0807692307692,0,0,1338.35,25.299999999999997,0.0,0.0625,0,0.4400000000000013,0,0,0
355,-0.0884615384615,0,0,1338.8666666666666,25.2825,0.0,0.065,0,0.4400000000000013,0,0,0
355,-0.0461538461538,0,0,1339.3666666666666,25.2675,0.0,0.0675,0,0.5,0,0,1
355,0.0,0,0,1339.8833333333334,25.2825,0.0,0.0625,0,0.4400000000000013,0,0,0
355,0.0,0,0,1340.4,25.2825,0.0,0.065,0,0.4400000000000013,0,0,0
355,0.0,0,0,1340.9,25.2825,0.0,0.0625,0,0.4400000000000013,0,0,0
355,0.0,0,0,1341.4166666666667,25.2825,0.0,0.065,0,0.4400000000000013,0,0,0
355,0.0,0,0,1341.9333333333334,25.2825,0.0,0.0675,0,0.4400000000000013,0,0,1
355,0.0,0,0,1342.4333333333334,25.2675,0.0,0.0675,0,0.5,0,0,1
355,0.0,0,0,1342.95,25.2825,0.0,0.0625,0,0.4400000000000013,0,0,0
355,0.0,0,0,1343.4666666666667,25.2975,0.0,0.0675,0,0.5,0,0,1
355,0.0,0,0,1343.9666666666667,25.2975,0.0,0.0625,0,0.5,0,0,0
355,0.0,0,0,1344.4833333333333,25.2825,0.0,0.0675,0,0.5599999999999987,0,0,1
355,0.0,0,0,1344.9833333333333,25.2675,0.0,0.0625,0,0.5,0,0,0
355,0.0,0,0,1345.5,25.2825,0.0,0.065,0,0.4400000000000013,0,0,0
355,0.0,0,0,1346.0166666666667,25.265,0.0,0.0675,0,0.4400000000000013,0,0,1
355,0.0,0,0,1346.5166666666667,25.2825,0.0,0.065,0,0.4400000000000013,0,0,0
355,0.0,0,0,1347.0333333333333,25.2675,0.0,0.0625,0,0.5,0,0,0
355,0.0,0,0,1347.55,25.2825,0.0,0.0675,0,0.5599999999999987,0,0,1
355,0.0,0,0,1348.05,25.2825,0.0,0.065,0,0.4400000000000013,0,0,0
355,0.0,0,0,1348.5666666666666,25.265,0.0,0.0625,0,0.4400000000000013,0,0,0
350,-0.0461538461538,0,0,1349.0666666666666,25.28,0.0,0.065,0,0.5,0,0,0
350,-0.0884615384615,0,0,1349.5833333333333,25.2825,0.0,0.065,0,0.5599999999999987,0,0,0
355,-0.0807692307692,0,0,1350.1,25.25,0.0,0.07,0,0.5,0,0,1
355,-0.0730769230769,0,0,1350.6,25.25,0.0,0.06000000000000001,0,0.5,0,0,0
350,-0.111538461538,0,0,1351.1166666666666,25.25,0.0,0.07,0,0.5,0,0,1
350,-0.146153846154,0,0,1351.6333333333334,25.2675,0.0,0.065,0,0.5,0,0,0
350,-0.176923076923,0,0,1352.1333333333334,25.265,0.0,0.0625,0,0.5599999999999987,0,0,0
355,-0.157692307692,0,0,1352.65,25.2825,0.0,0.065,0,0.5599999999999987,0,0,0
350,-0.184615384615,0,0,1353.1666666666667,25.265,0.0,0.0625,0,0.5599999999999987,0,0,0
350,-0.207692307692,0,0,1353.6666666666667,25.2675,0.0,0.0625,0,0.5,0,0,0
350,-0.226923076923,0,0,1354.1833333333334,25.25,0.0,0.0625,0,0.5,0,0,0
350,-0.242307692308,0,0,1354.6833333333334,25.25,0.0,0.065,0,0.5,0,0,0
350,-0.253846153846,0,0,1355.2,25.2675,0.0,0.0975,0,0.5,0,0,2
350,-0.261538461538,0,0,1355.7166666666667,25.25,0.0,0.0625,0,0.5,0,0,0
350,-0.265384615385,0,0,1356.2166666666667,25.25,0.0,0.065,0,0.5,0,0,0
350,-0.265384615385,0,0,1356.7333333333333,25.25,0.0,0.0675,0,0.5,0,0,1
350,-0.261538461538,0,0,1357.25,25.2675,0.0,0.06000000000000001,0,0.5,0,0,0
350,-0.253846153846,0,0,1357.75,25.25,0.0,0.065,0,0.5,0,0,0
350,-0.242307692308,0,0,1358.2666666666667,25.2675,0.0,0.0625,0,0.5,0,0,0
350,-0.226923076923,0,0,1358.7833333333333,25.235,0.0,0.0675,0,0.4399999999999977,0,0,1
350,-0.207692307692,0,0,1359.2833333333333,25.235,0.0,0.0675,0,0.4399999999999977,0,0,1
350,-0.184615384615,0,0,1359.8,25.2675,0.0,0.0675,0,0.5,0,0,1
350,-0.157692307692,0,0,1360.3,25.25,0.0,0.0675,0,0.5,0,0,1
350,-0.126923076923,0,0,1360.8166666666666,25.25,0.0,0.0625,0,0.5,0,0,0
350,-0.0923076923077,0,0,1361.3333333333333,25.2675,0.0,0.0675,0,0.5,0,0,1
350,-0.103846153846,0,0,1361.8333333333333,25.237499999999997,0.0,0.065,0,0.4399999999999977,0,0,0
350,-0.115384615385,0,0,1362.35,25.25,0.0,0.06000000000000001,0,0.5,0,0,0
350,-0.0769230769231,0,0,1362.8666666666666,25.252499999999998,0.0,0.06000000000000001,0,0.4399999999999977,0,0,0
350,-0.0346153846154,0,0,1363.3666666666666,25.252499999999998,0.0,0.0625,0,0.4399999999999977,0,0,0
350,-0.0384615384615,0,0,1363.8833333333334,25.252499999999998,0.0,0.065,0,0.4399999999999977,0,0,0
350,-0.0423076923077,0,0,1364.4,25.235,0.0,0.065,0,0.4399999999999977,0,0,0
350,-0.0461538461538,0,0,1364.9,25.235,0.0,0.065,0,0.4399999999999977,0,0,0
350,0.0,0,0,1365.4166666666667,25.25,0.0,0.065,0,0.5,0,0,0
350,0.0,0,0,1366.4333333333334,25.25,0.0,0.06000000000000001,0,0.5,0,0,0
350,0.0,0,0,1366.95,25.25,0.0,0.065,0,0.5,0,0,0
350,0.0,0,0,1367.45,25.25,0.0,0.0675,0,0.5,0,0,1
350,0.0,0,0,1367.9666666666667,25.25,0.0,0.0675,0,0.5,0,0,1
350,0.0,0,0,1368.4833333333333,25.25,0.0,0.065,0,0.5,0,0,0
350,0.0,0,0,1368.9833333333333,25.235,0.0,0.065,0,0.4399999999999977,0,0,0
350,0.0,0,0,1369.5,25.235,0.0,0.065,0,0.4399999999999977,0,0,0
350,0.0,0,0,1370.0166666666667,25.25,0.0,0.07,0,0.5,0,0,1
350,0.0,0,0,1370.5166666666667,25.235,0.0,0.065,0,0.4399999999999977,0,0,0
345,-0.0461538461538,0,0,1371.0333333333333,25.25,0.0,0.0675,0,0.5,0,0,1
345,-0.0884615384615,0,0,1371.5333333333333,25.25,0.0,0.0625,0,0.5,0,0,0
345,-0.126923076923,0,0,1372.05,25.235,0.0,0.065,0,0.4399999999999977,0,0,0
350,-0.115384615385,0,0,1372.5666666666666,25.25,0.0,0.0675,0,0.5,0,0,1
350,-0.103846153846,0,0,1373.0666666666666,25.22,0.0,0.065,0,0.4399999999999977,0,0,0
350,-0.0923076923077,0,0,1373.5833333333333,25.25,0.0,0.06,0,0.5,0,0,0
345,-0.126923076923,0,0,1374.1,25.25,0.0,0.065,0,0.5,0,0,0
345,-0.157692307692,0,0,1374.6,25.25,0.0,0.07,0,0.5,0,0,1
345,-0.184615384615,0,0,1375.1166666666666,25.25,0.0,0.0625,0,0.5,0,0,0
345,-0.207692307692,0,0,1375.6333333333334,25.25,0.0,0.065,0,0.5,0,0,0
345,-0.226923076923,0,0,1376.1333333333334,25.25,0.0,0.065,0,0.5,0,0,0
345,-0.242307692308,0,0,1376.65,25.235,0.0,0.0675,0,0.4399999999999977,0,0,1
345,-0.253846153846,0,0,1377.15,25.25,0.0,0.065,0,0.5,0,0,0
345,-0.261538461538,0,0,1377.6666666666667,25.25,0.0,0.065,0,0.5,0,0,0
345,-0.265384615385,0,0,1378.1833333333334,25.25,0.0,0.065,0,0.5,0,0,0
345,-0.265384615385,0,0,1378.6833333333334,25.235,0.0,0.0625,0,0.4399999999999977,0,0,0
345,-0.261538461538,0,0,1379.2,25.235,0.0,0.0625,0,0.4399999999999977,0,0,0
345,-0.253846153846,0,0,1379.7166666666667,25.235,0.0,0.065,0,0.4399999999999977,0,0,0
345,-0.242307692308,0,0,1380.2166666666667,25.235,0.0,0.06000000000000001,0,0.4399999999999977,0,0,0
345,-0.226923076923,0,0,1380.7333333333333,25.252499999999998,0.0,0.07,0,0.4399999999999977,0,0,1
345,-0.207692307692,0,0,1381.2333333333333,25.25,0.0,0.065,0,0.5,0,0,0
345,-0.184615384615,0,0,1381.75,25.25,0.0,0.065,0,0.5,0,0,0
345,-0.157692307692,0,0,1382.2666666666667,25.25,0.0,0.0625,0,0.5,0,0,0
345,-0.126923076923,0,0,1382.7666666666667,25.235,0.0,0.0675,0,0.4399999999999977,0,0,1
345,-0.0923076923077,0,0,1383.2833333333333,25.22,0.0,0.06000000000000001,0,0.4399999999999977,0,0,0
345,-0.103846153846,0,0,1383.8,25.25,0.0,0.065,0,0.5,0,0,0
345,-0.115384615385,0,0,1384.3,25.25,0.0,0.065,0,0.5,0,0,0
345,-0.126923076923,0,0,1384.8166666666666,25.25,0.0,0.0675,0,0.5,0,0,1
345,-0.0884615384615,0,0,1385.3333333333333,25.25,0.0,0.065,0,0.5,0,0,0
345,-0.0461538461538,0,0,1385.8333333333333,25.25,0.0,0.065,0,0.5,0,0,0
345,0.0,0,0,1386.35,25.25,0.0,0.0675,0,0.5,0,0,1
345,0.0,0,0,1386.85,25.25,0.0,0.0675,0,0.5,0,0,1
345,0.0,0,0,1387.3666666666666,25.25,0.0,0.0625,0,0.5,0,0,0
345,0.0,0,0,1387.8833333333334,25.25,0.0,0.065,0,0.5,0,0,0
345,0.0,0,0,1388.3833333333334,25.235,0.0,0.0675,0,0.5600000000000023,0,0,1
345,0.0,0,0,1388.9,25.235,0.0,0.06000000000000001,0,0.5600000000000023,0,0,0
345,0.0,0,0,1389.4166666666667,25.235,0.0,0.065,0,0.5,0,0,0
345,0.0,0,0,1389.9166666666667,25.22,0.0,0.0625,0,0.5600000000000023,0,0,0
345,0.0,0,0,1390.4333333333334,25.25,0.0,0.0625,0,0.5,0,0,0
345,0.0,0,0,1390.95,25.22,0.0,0.0675,0,0.5,0,0,1
345,0.0,0,0,1391.45,25.235,0.0,0.0625,0,0.4399999999999977,0,0,0
345,0.0,0,0,1391.9666666666667,25.22,0.0,0.0625,0,0.4399999999999977,0,0,0
345,0.0,0,0,1392.9833333333333,25.235,0.0,0.0625,0,0.5600000000000023,0,0,0
345,0.0,0,0,1393.5,25.22,0.0,0.065,0,0.4399999999999977,0,0,0
345,0.0,0,0,1394.0,25.235,0.0,0.0625,0,0.5600000000000023,0,0,0
345,0.0,0,0,1394.5166666666667,25.22,0.0,0.065,0,0.5,0,0,0
345,0.0,0,0,1395.0333333333333,25.22,0.0,0.065,0,0.5,0,0,0
345,0.0,0,0,1395.5333333333333,25.235,0.0,0.065,0,0.5,0,0,0
345,0.0,0,0,1396.05,25.205,0.0,0.065,0,0.5,0,0,0
345,0.0,0,0,1396.5666666666666,25.205,0.0,0.0625,0,0.5,0,0,0
345,0.0,0,0,1397.0666666666666,25.22,0.0,0.065,0,0.4399999999999977,0,0,0
345,0.0,0,0,1397.5833333333333,25.22,0.0,0.0625,0,0.5,0,0,0
345,0.0,0,0,1398.0833333333333,25.22,0.0,0.0625,0,0.5600000000000023,0,0,0
345,0.0,0,0,1398.6,25.235,0.0,0.07,0,0.5,0,0,1
345,0.0,0,0,1399.1166666666666,25.25,0.0,0.0675,0,0.5,0,0,1
345,0.0,0,0,1399.6166666666666,25.235,0.0,0.065,0,0.5,0,0,0
345,0.0,0,0,1400.1333333333334,25.25,0.0,0.0675,0,0.5,0,0,1
345,0.0,0,0,1400.65,25.25,0.0,0.06000000000000001,0,0.5,0,0,0
345,0.0,0,0,1401.15,25.235,0.0,0.06,0,0.5600000000000023,0,0,0
345,0.0,0,0,1401.6666666666667,25.25,0.0,0.0825,0,0.5,0,0,2
345,0.0,0,0,1402.1833333333334,25.235,0.0,0.06000000000000001,0,0.5,0,0,0
345,0.0,0,0,1402.6833333333334,25.22,0.0,0.0675,0,0.5,0,0,1
345,0.0,0,0,1403.2,25.22,0.0,0.065,0,0.4399999999999977,0,0,0
345,0.0,0,0,1403.7,25.22,0.0,0.0625,0,0.4399999999999977,0,0,0
345,0.0,0,0,1404.2166666666667,25.235,0.0,0.0625,0,0.4399999999999977,0,0,0
345,0.0,0,0,1404.7333333333333,25.205,0.0,0.0625,0,0.5,0,0,0
345,0.0,0,0,1405.2333333333333,25.205,0.0,0.07250000000000001,0,0.5,0,0,1
345,0.0,0,0,1405.75,25.22,0.0,0.065,0,0.4399999999999977,0,0,0
345,0.0,0,0,1406.2666666666667,25.205,0.0,0.065,0,0.5,0,0,0
345,0.0,0,0,1406.7666666666667,25.205,0.0,0.065,0,0.5,0,0,0
345,0.0,0,0,1407.2833333333333,25.22,0.0,0.065,0,0.4399999999999977,0,0,0
345,0.0,0,0,1407.8,25.189999999999998,0.0,0.07,0,0.5,0,0,1
345,0.0,0,0,1408.3,25.205,0.0,0.0675,0,0.5,0,0,1
345,0.0,0,0,1408.8166666666666,25.22,0.0,0.0675,0,0.5600000000000023,0,0,1
345,0.0,0,0,1409.3166666666666,25.205,0.0,0.0675,0,0.5,0,0,1
345,0.0,0,0,1409.8333333333333,25.205,0.0,0.07,0,0.5,0,0,1
345,0.0,0,0,1410.35,25.22,0.0,0.065,0,0.5600000000000023,0,0,0
345,0.0,0,0,1410.85,25.22,0.0,0.0675,0,0.5600000000000023,0,0,1
345,0.0,0,0,1411.3666666666666,25.22,0.0,0.0625,0,0.5600000000000023,0,0,0
345,0.0,0,0,1411.8833333333334,25.205,0.0,0.0675,0,0.5,0,0,1
345,0.0,0,0,1412.3833333333334,25.22,0.0,0.0675,0,0.4399999999999977,0,0,1
345,0.0,0,0,1412.9,25.205,0.0,0.065,0,0.5,0,0,0
345,0.0,0,0,1413.4,25.205,0.0,0.0625,0,0.5,0,0,0
345,0.0,0,0,1413.9166666666667,25.205,0.0,0.065,0,0.5,0,0,0
345,0.0,0,0,1414.4333333333334,25.235,0.0,0.065,0,0.4399999999999977,0,0,0
345,0.0,0,0,1414.9333333333334,25.22,0.0,0.0625,0,0.5,0,0,0
345,0.0,0,0,1415.45,25.205,0.0,0.06000000000000001,0,0.5,0,0,0
345,0.0,0,0,1415.9666666666667,25.205,0.0,0.0625,0,0.5,0,0,0
345,0.0,0,0,1416.4666666666667,25.205,0.0,0.0625,0,0.5,0,0,0
345,0.0,0,0,1416.9833333333333,25.205,0.0,0.065,0,0.5,0,0,0
345,0.0,0,0,1417.5,25.205,0.0,0.06000000000000001,0,0.5,0,0,0
345,0.0,0,0,1418.0,25.205,0.0,0.07,0,0.5,0,0,1
345,0.0,0,0,1418.5166666666667,25.22,0.0,0.06,0,0.5600000000000023,0,0,0
345,0.0,0,0,1419.0166666666667,25.22,0.0,0.07,0,0.4399999999999977,0,0,1
345,0.0,0,0,1419.5333333333333,25.22,0.0,0.0625,0,0.4399999999999977,0,0,0
345,0.0,0,0,1420.05,25.205,0.0,0.0675,0,0.5,0,0,1
345,0.0,0,0,1420.55,25.205,0.0,0.07,0,0.5,0,0,1
345,0.0,0,0,1421.0666666666666,25.205,0.0,0.0675,0,0.5,0,0,1
345,0.0,0,0,1421.5833333333333,25.205,0.0,0.06000000000000001,0,0.5,0,0,0
345,0.0,0,0,1422.6,25.205,0.0,0.0625,0,0.5,0,0,0
345,0.0,0,0,1423.1166666666666,25.205,0.0,0.0625,0,0.5,0,0,0
345,0.0,0,0,1423.6166666666666,25.205,0.0,0.065,0,0.5,0,0,0
345,0.0,0,0,1424.1333333333334,25.205,0.0,0.0625,0,0.5,0,0,0
345,0.0,0,0,1424.6333333333334,25.205,0.0,0.065,0,0.5,0,0,0
345,0.0,0,0,1425.15,25.1875,0.0,0.0725,0,0.4299999999999997,0,0,1
345,0.0,0,0,1425.6666666666667,25.1875,0.0,0.065,0,0.4299999999999997,0,0,0
345,0.0,0,0,1426.1666666666667,25.205,0.0,0.07,0,0.5,0,0,1
345,0.0,0,0,1426.6833333333334,25.1875,0.0,0.07,0,0.4299999999999997,0,0,1
345,0.0,0,0,1427.2,25.1875,0.0,0.07,0,0.4299999999999997,0,0,1
345,0.0,0,0,1427.7,25.205,0.0,0.0675,0,0.5,0,0,1
345,0.0,0,0,1428.2166666666667,25.1875,0.0,0.065,0,0.4299999999999997,0,0,0
345,0.0,0,0,1428.7333333333333,25.2025,0.0,0.0625,0,0.4299999999999997,0,0,0
345,0.0,0,0,1429.2333333333333,25.1725,0.0,0.065,0,0.4299999999999997,0,0,0
345,0.0,0,0,1429.75,25.189999999999998,0.0,0.0625,0,0.5,0,0,0
345,0.0,0,0,1430.25,25.1725,0.0,0.065,0,0.4299999999999997,0,0,0
345,0.0,0,0,1430.7666666666667,25.1725,0.0,0.07,0,0.4299999999999997,0,0,1
345,0.0,0,0,1431.2833333333333,25.1725,0.0,0.0625,0,0.4299999999999997,0,0,0
345,0.0,0,0,1431.7833333333333,25.1725,0.0,0.0625,0,0.4299999999999997,0,0,0
345,0.0,0,0,1432.3,25.1875,0.0,0.065,0,0.4299999999999997,0,0,0
345,0.0,0,0,1432.8166666666666,25.1875,0.0,0.0625,0,0.4299999999999997,0,0,0
345,0.0,0,0,1433.3166666666666,25.1725,0.0,0.065,0,0.4299999999999997,0,0,0
345,0.0,0,0,1433.8333333333333,25.1875,0.0,0.065,0,0.4299999999999997,0,0,0
345,0.0,0,0,1434.35,25.205,0.0,0.0675,0,0.5,0,0,1
345,0.0,0,0,1434.85,25.205,0.0,0.0675,0,0.5,0,0,1
345,0.0,0,0,1435.3666666666666,25.205,0.0,0.0625,0,0.5,0,0,0
345,0.0,0,0,1435.8666666666666,25.205,0.0,0.06000000000000001,0,0.5,0,0,0
345,0.0,0,0,1436.3833333333334,25.205,0.0,0.085,0,0.5,0,0,2
345,0.0,0,0,1436.9,25.205,0.0,0.0675,0,0.5,0,0,1
345,0.0,0,0,1437.4,25.1875,0.0,0.0775,0,0.4299999999999997,0,0,2
345,0.0,0,0,1437.9166666666667,25.205,0.0,0.105,0,0.5,0,0,2
345,0.0,0,0,1438.4333333333334,25.205,0.0,0.065,0,0.5,0,0,0
345,0.0,0,0,1438.9333333333334,25.1875,0.0,0.065,0,0.4299999999999997,0,0,0
345,0.0,0,0,1439.45,25.205,0.0,0.0625,0,0.5,0,0,0
345,0.0,0,0,1439.9666666666667,25.205,0.0,0.07,0,0.5,0,0,1
345,0.0,0,0,0.4666666666666667,25.189999999999998,0.0,0.0675,0,0.5,0,0,1
345,0.0,0,0,0.9833333333333333,25.1725,0.0,0.065,0,0.4299999999999997,0,0,0
345,0.0,0,0,1.4833333333333334,25.17,0.0,0.0625,0,0.5,0,0,0
345,0.0,0,0,2.0,25.1875,0.0,0.065,0,0.4299999999999997,0,0,0
345,0.0,0,0,2.5166666666666666,25.1725,0.0,0.0675,0,0.4299999999999997,0,0,1
345,0.0,0,0,3.0166666666666666,25.1875,0.0,0.065,0,0.4299999999999997,0,0,0
345,0.0,0,0,3.533333333333333,25.1725,0.0,0.065,0,0.4299999999999997,0,0,0
345,0.0,0,0,4.05,25.189999999999998,0.0,0.0625,0,0.5,0,0,0
345,0.0,0,0,4.55,25.1575,0.0,0.065,0,0.5700000000000003,0,0,0
345,0.0,0,0,5.066666666666666,25.189999999999998,0.0,0.0675,0,0.5,0,0,1
345,0.0,0,0,5.566666666666666,25.189999999999998,0.0,0.0625,0,0.5,0,0,0
345,0.0,0,0,6.083333333333333,25.174999999999997,0.0,0.065,0,0.5,0,0,0
345,0.0,0,0,6.6,25.1725,0.0,0.0625,0,0.5700000000000003,0,0,0
345,0.0,0,0,7.1,25.1575,0.0,0.0675,0,0.4299999999999997,0,0,1
345,0.0,0,0,7.616666666666667,25.1575,0.0,0.0625,0,0.4299999999999997,0,0,0
345,0.0,0,0,8.133333333333333,25.189999999999998,0.0,0.0675,0,0.5,0,0,1
345,0.0,0,0,8.633333333333333,25.1725,0.0,0.065,0,0.5700000000000003,0,0,0
345,0.0,0,0,9.15,25.205,0.0,0.0625,0,0.5600000000000023,0,0,0
345,0.0,0,0,9.666666666666666,25.189999999999998,0.0,0.065,0,0.5,0,0,0
345,0.0,0,0,10.166666666666666,25.205,0.0,0.0675,0,0.5,0,0,1
345,0.0,0,0,10.683333333333334,25.1875,0.0,0.06000000000000001,0,0.5700000000000003,0,0,0
345,0.0,0,0,11.183333333333334,25.1875,0.0,0.06000000000000001,0,0.4299999999999997,0,0,0
345,0.0,0,0,11.7,25.189999999999998,0.0,0.06000000000000001,0,0.5,0,0,0
345,0.0,0,0,12.216666666666667,25.205,0.0,0.0625,0,0.5,0,0,0
345,0.0,0,0,12.716666666666667,25.1725,0.0,0.0625,0,0.4299999999999997,0,0,0
345,0.0,0,0,13.233333333333333,25.189999999999998,0.0,0.0625,0,0.5,0,0,0
345,0.0,0,0,13.75,25.1725,0.0,0.0675,0,0.4299999999999997,0,0,1
345,0.0,0,0,14.25,25.1725,0.0,0.065,0,0.4299999999999997,0,0,0
345,0.0,0,0,14.766666666666667,25.1725,0.0,0.0675,0,0.4299999999999997,0,0,1
345,0.0,0,0,15.283333333333333,25.155,0.0,0.0625,0,0.5,0,0,0
345,0.0,0,0,15.783333333333333,25.1725,0.0,0.0625,0,0.4299999999999997,0,0,0
345,0.0,0,0,16.3,25.1875,0.0,0.0675,0,0.5700000000000003,0,0,1
345,0.0,0,0,16.8,25.1875,0.0,0.05750000000000001,0,0.5700000000000003,0,0,0
345,0.0,0,0,17.316666666666666,25.1725,0.0,0.065,0,0.4299999999999997,0,0,0
345,0.0,0,0,17.833333333333332,25.14,0.0,0.06000000000000001,0,0.5,0,0,0
345,0.0,0,0,18.333333333333332,25.1575,0.0,0.0675,0,0.5700000000000003,0,0,1
345,0.0,0,0,18.85,25.174999999999997,0.0,0.06000000000000001,0,0.5,0,0,0
345,0.0,0,0,19.366666666666667,25.174999999999997,0.0,0.065,0,0.5,0,0,0
345,0.0,0,0,19.866666666666667,25.1575,0.0,0.065,0,0.5700000000000003,0,0,0
345,0.0,0,0,20.383333333333333,25.1575,0.0,0.07,0,0.5700000000000003,0,0,1
345,0.0,0,0,20.9,25.155,0.0,0.0625,0,0.5,0,0,0
345,0.0,0,0,21.4,25.1725,0.0,0.07,0,0.5700000000000003,0,0,1
345,0.0,0,0,21.916666666666668,25.1725,0.0,0.065,0,0.4299999999999997,0,0,0
345,0.0,0,0,22.416666666666668,25.1725,0.0,0.0625,0,0.5700000000000003,0,0,0
345,0.0,0,0,22.933333333333334,25.1875,0.0,0.065,0,0.5700000000000003,0,0,0
345,0.0,0,0,23.45,25.189999999999998,0.0,0.07250000000000001,0,0.5,0,0,1
345,0.0,0,0,23.95,25.1725,0.0,0.0675,0,0.5700000000000003,0,0,1
345,0.0,0,0,24.466666666666665,25.189999999999998,0.0,0.0675,0,0.5,0,0,1
345,0.0,0,0,24.983333333333334,25.1725,0.0,0.0625,0,0.4299999999999997,0,0,0
345,0.0,0,0,25.483333333333334,25.155,0.0,0.065,0,0.5,0,0,0
345,0.0,0,0,26.0,25.155,0.0,0.065,0,0.5,0,0,0
345,0.0,0,0,26.516666666666666,25.155,0.0,0.065,0,0.5,0,0,0
345,0.0,0,0,27.016666666666666,25.155,0.0,0.0675,0,0.5,0,0,1
345,0.0,0,0,27.533333333333335,25.14,0.0,0.0675,0,0.5,0,0,1
345,0.0,0,0,28.033333333333335,25.155,0.0,0.0625,0,0.5,0,0,0
345,0.0,0,0,28.55,25.155,0.0,0.065,0,0.5,0,0,0
345,0.0,0,0,29.066666666666666,25.14,0.0,0.0625,0,0.4400000000000013,0,0,0
345,0.0,0,0,29.566666666666666,25.155,0.0,0.0625,0,0.5,0,0,0
345,0.0,0,0,30.083333333333332,25.14,0.0,0.06,0,0.5,0,0,0
345,0.0,0,0,30.6,25.14,0.0,0.065,0,0.5,0,0,0
345,0.0,0,0,31.1,25.14,0.0,0.0625,0,0.5,0,0,0
345,0.0,0,0,31.616666666666667,25.155,0.0,0.0625,0,0.5,0,0,0
345,0.0,0,0,32.11666666666667,25.14,0.0,0.065,0,0.5,0,0,0
345,0.0,0,0,32.63333333333333,25.1575,0.0,0.0625,0,0.4299999999999997,0,0,0
345,0.0,0,0,33.15,25.155,0.0,0.065,0,0.5,0,0,0
345,0.0,0,0,33.65,25.14,0.0,0.0625,0,0.5,0,0,0
345,0.0,0,0,34.166666666666664,25.14,0.0,0.065,0,0.5,0,0,0
345,0.0,0,0,34.68333333333333,25.1575,0.0,0.0625,0,0.4299999999999997,0,0,0
345,0.0,0,0,35.18333333333333,25.1725,0.0,0.0625,0,0.4299999999999997,0,0,0
345,0.0,0,0,35.7,25.155,0.0,0.06000000000000001,0,0.5,0,0,0
345,0.0,0,0,36.21666666666667,25.155,0.0,0.065,0,0.5,0,0,0
345,0.0,0,0,36.71666666666667,25.1725,0.0,0.0675,0,0.5700000000000003,0,0,1
345,0.0,0,0,37.233333333333334,25.17,0.0,0.06000000000000001,0,0.5,0,0,0
345,0.0,0,0,37.733333333333334,25.17,0.0,0.0675,0,0.5,0,0,1
345,0.0,0,0,38.25,25.17,0.0,0.065,0,0.5,0,0,0
345,0.0,0,0,38.766666666666666,25.155,0.0,0.06000000000000001,0,0.5,0,0,0
345,0.0,0,0,39.78333333333333,25.1725,0.0,0.065,0,0.5700000000000003,0,0,0
345,0.0,0,0,40.3,25.155,0.0,0.06000000000000001,0,0.5,0,0,0
345,0.0,0,0,40.8,25.189999999999998,0.0,0.0675,0,0.5,0,0,1
345,0.0,0,0,41.31666666666667,25.1725,0.0,0.0625,0,0.5700000000000003,0,0,0
345,0.0,0,0,41.833333333333336,25.155,0.0,0.07,0,0.5,0,0,1
345,0.0,0,0,42.333333333333336,25.14,0.0,0.0625,0,0.5,0,0,0
345,0.0,0,0,42.85,25.155,0.0,0.065,0,0.5,0,0,0
345,0.0,0,0,43.35,25.155,0.0,0.0625,0,0.5,0,0,0
345,0.0,0,0,43.86666666666667,25.155,0.0,0.065,0,0.5,0,0,0
345,0.0,0,0,44.38333333333333,25.155,0.0,0.065,0,0.5,0,0,0
345,0.0,0,0,44.88333333333333,25.14,0.0,0.0625,0,0.5,0,0,0
345,0.0,0,0,45.4,25.14,0.0,0.06000000000000001,0,0.5,0,0,0
345,0.0,0,0,45.916666666666664,25.17,0.0,0.065,0,0.5,0,0,0
345,0.0,0,0,46.416666666666664,25.155,0.0,0.07,0,0.5,0,0,1
345,0.0,0,0,46.93333333333333,25.155,0.0,0.0675,0,0.5,0,0,1
345,0.0,0,0,47.45,25.155,0.0,0.0675,0,0.5,0,0,1
345,0.0,0,0,47.95,25.155,0.0,0.0625,0,0.5,0,0,0
345,0.0,0,0,48.46666666666667,25.155,0.0,0.0625,0,0.5,0,0,0
345,0.0,0,0,48.96666666666667,25.155,0.0,0.065,0,0.5,0,0,0
345,0.0,0,0,49.483333333333334,25.14,0.0,0.05750000000000001,0,0.5,0,0,0
345,0.0,0,0,50.0,25.14,0.0,0.06000000000000001,0,0.5,0,0,0
345,0.0,0,0,50.5,25.14,0.0,0.0625,0,0.5,0,0,0
345,0.0,0,0,51.016666666666666,25.14,0.0,0.065,0,0.5,0,0,0
345,0.0,0,0,51.53333333333333,25.14,0.0,0.0625,0,0.5,0,0,0
345,0.0,0,0,52.03333333333333,25.14,0.0,0.0625,0,0.5,0,0,0
345,0.0,0,0,52.55,25.14,0.0,0.0625,0,0.5,0,0,0
345,0.0,0,0,53.06666666666667,25.14,0.0,0.06000000000000001,0,0.5,0,0,0
345,0.0,0,0,53.56666666666667,25.14,0.0,0.0625,0,0.5,0,0,0
345,0.0,0,0,54.083333333333336,25.155,0.0,0.0625,0,0.5,0,0,0
345,0.0,0,0,54.583333333333336,25.14,0.0,0.0625,0,0.5,0,0,0
345,0.0,0,0,55.1,25.14,0.0,0.06,0,0.5,0,0,0
345,0.0,0,0,55.61666666666667,25.125,0.0,0.065,0,0.4400000000000013,0,0,0
345,0.0,0,0,56.11666666666667,25.14,0.0,0.0675,0,0.5,0,0,1
345,0.0,0,0,56.63333333333333,25.14,0.0,0.0675,0,0.5,0,0,1
345,0.0,0,0,57.15,25.125,0.0,0.0675,0,0.4400000000000013,0,0,1
345,0.0,0,0,57.65,25.14,0.0,0.065,0,0.5,0,0,0
345,0.0,0,0,58.166666666666664,25.14,0.0,0.0625,0,0.5,0,0,0
345,0.0,0,0,58.68333333333333,25.125,0.0,0.065,0,0.5599999999999987,0,0,0
345,0.0,0,0,59.18333333333333,25.125,0.0,0.065,0,0.4400000000000013,0,0,0
345,0.0,0,0,59.7,25.14,0.0,0.0625,0,0.5,0,0,0
345,0.0,0,0,60.2,25.14,0.0,0.0675,0,0.5,0,0,1
345,0.0,0,0,60.71666666666667,25.14,0.0,0.0675,0,0.5,0,0,1
345,0.0,0,0,61.233333333333334,25.14,0.0,0.0625,0,0.5,0,0,0
345,0.0,0,0,61.733333333333334,25.125,0.0,0.065,0,0.5599999999999987,0,0,0
345,0.0,0,0,62.25,25.14,0.0,0.065,0,0.5,0,0,0
345,0.0,0,0,62.766666666666666,25.14,0.0,0.065,0,0.5,0,0,0
345,0.0,0,0,63.266666666666666,25.125,0.0,0.06,0,0.4400000000000013,0,0,0
345,0.0,0,0,63.78333333333333,25.125,0.0,0.06000000000000001,0,0.4400000000000013,0,0,0
345,0.0,0,0,64.3,25.11,0.0,0.0675,0,0.5,0,0,1
345,0.0,0,0,64.8,25.125,0.0,0.065,0,0.4400000000000013,0,0,0
345,0.0,0,0,65.31666666666666,25.125,0.0,0.0625,0,0.5,0,0,0
345,0.0,0,0,65.81666666666666,25.125,0.0,0.0675,0,0.4400000000000013,0,0,1
345,0.0,0,0,66.33333333333333,25.11,0.0,0.0675,0,0.5,0,0,1
345,0.0,0,0,66.85,25.125,0.0,0.06000000000000001,0,0.4400000000000013,0,0,0
345,0.0,0,0,67.35,25.11,0.0,0.065,0,0.5,0,0,0
345,0.0,0,0,67.86666666666666,25.14,0.0,0.065,0,0.4400000000000013,0,0,0
345,0.0,0,0,68.38333333333334,25.125,0.0,0.0675,0,0.5599999999999987,0,0,1
345,0.0,0,0,68.88333333333334,25.125,0.0,0.0625,0,0.5,0,0,0
345,0.0,0,0,69.4,25.11,0.0,0.060000000000000005,0,0.4400000000000013,0,0,0
345,0.0,0,0,69.91666666666667,25.125,0.0,0.0675,0,0.4400000000000013,0,0,1
345,0.0,0,0,70.41666666666667,25.11,0.0,0.0675,0,0.5,0,0,1
345,0.0,0,0,70.93333333333334,25.125,0.0,0.065,0,0.4400000000000013,0,0,0
345,0.0,0,0,71.43333333333334,25.125,0.0,0.0625,0,0.5,0,0,0
345,0.0,0,0,71.95,25.14,0.0,0.0625,0,0.5,0,0,0
345,0.0,0,0,72.46666666666667,25.14,0.0,0.065,0,0.5,0,0,0
345,0.0,0,0,72.96666666666667,25.14,0.0,0.05750000000000001,0,0.5,0,0,0
345,0.0,0,0,73.48333333333333,25.125,0.0,0.0625,0,0.5599999999999987,0,0,0
345,0.0,0,0,74.0,25.14,0.0,0.0625,0,0.5,0,0,0
345,0.0,0,0,74.5,25.1425,0.0,0.065,0,0.629999999999999,0,0,0
345,0.0,0,0,75.01666666666667,25.14,0.0,0.065,0,0.5599999999999987,0,0,0
345,0.0,0,0,75.51666666666667,25.11,0.0,0.065,0,0.5,0,0,0
345,0.0,0,0,76.03333333333333,25.11,0.0,0.0675,0,0.5,0,0,1
345,0.0,0,0,76.55,25.125,0.0,0.0625,0,0.4400000000000013,0,0,0
345,0.0,0,0,77.05,25.14,0.0,0.065,0,0.5,0,0,0
345,0.0,0,0,77.56666666666666,25.14,0.0,0.07,0,0.5,0,0,1
345,0.0,0,0,78.08333333333333,25.125,0.0,0.0625,0,0.5599999999999987,0,0,0
345,0.0,0,0,78.58333333333333,25.14,0.0,0.0675,0,0.5,0,0,1
345,0.0,0,0,79.1,25.14,0.0,0.065,0,0.5,0,0,0
345,0.0,0,0,79.61666666666666,25.14,0.0,0.065,0,0.5,0,0,0
345,0.0,0,0,80.11666666666666,25.125,0.0,0.065,0,0.5599999999999987,0,0,0
345,0.0,0,0,80.63333333333334,25.14,0.0,0.065,0,0.5,0,0,0
345,0.0,0,0,81.13333333333334,25.14,0.0,0.0625,0,0.5,0,0,0
345,0.0,0,0,81.65,25.125,0.0,0.07,0,0.5599999999999987,0,0,1
345,0.0,0,0,82.16666666666667,25.125,0.0,0.06000000000000001,0,0.5599999999999987,0,0,0
345,0.0,0,0,82.66666666666667,25.14,0.0,0.0675,0,0.5,0,0,1
345,0.0,0,0,83.18333333333334,25.125,0.0,0.065,0,0.4400000000000013,0,0,0
345,0.0,0,0,83.7,25.11,0.0,0.0625,0,0.5,0,0,0
345,0.0,0,0,84.2,25.125,0.0,0.0625,0,0.4400000000000013,0,0,0
345,0.0,0,0,84.71666666666667,25.125,0.0,0.06000000000000001,0,0.4400000000000013,0,0,0
345,0.0,0,0,85.23333333333333,25.11,0.0,0.060000000000000005,0,0.5,0,0,0
345,0.0,0,0,85.73333333333333,25.125,0.0,0.0625,0,0.4400000000000013,0,0,0
345,0.0,0,0,86.25,25.125,0.0,0.0625,0,0.5,0,0,0
345,0.0,0,0,86.75,25.11,0.0,0.06000000000000001,0,0.5,0,0,0
345,0.0,0,0,87.26666666666667,25.11,0.0,0.065,0,0.5,0,0,0
345,0.0,0,0,87.78333333333333,25.125,0.0,0.06000000000000001,0,0.4400000000000013,0,0,0
345,0.0,0,0,88.28333333333333,25.11,0.0,0.0625,0,0.5,0,0,0
345,0.0,0,0,88.8,25.08,0.0,0.06000000000000001,0,0.4400000000000013,0,0,0
345,0.0,0,0,89.31666666666666,25.095,0.0,0.065,0,0.5,0,0,0
345,0.0,0,0,89.81666666666666,25.11,0.0,0.065,0,0.5,0,0,0
345,0.0,0,0,90.33333333333333,25.125,0.0,0.0675,0,0.4400000000000013,0,0,1
345,0.0,0,0,90.85,25.095,0.0,0.065,0,0.5,0,0,0
345,0.0,0,0,91.35,25.095,0.0,0.07,0,0.5,0,0,1
345,0.0,0,0,91.86666666666666,25.095,0.0,0.065,0,0.5,0,0,0
345,0.0,0,0,92.36666666666666,25.095,0.0,0.0625,0,0.5,0,0,0
345,0.0,0,0,92.88333333333334,25.095,0.0,0.0675,0,0.5,0,0,1
345,0.0,0,0,93.4,25.095,0.0,0.065,0,0.5,0,0,0
345,0.0,0,0,93.9,25.095,0.0,0.0675,0,0.5,0,0,1
345,0.0,0,0,94.41666666666667,25.11,0.0,0.0675,0,0.5599999999999987,0,0,1
345,0.0,0,0,94.93333333333334,25.095,0.0,0.0675,0,0.5,0,0,1
345,0.0,0,0,95.95,25.095,0.0,0.065,0,0.5,0,0,0
345,0.0,0,0,96.46666666666667,25.11,0.0,0.065,0,0.5,0,0,0
345,0.0,0,0,96.96666666666667,25.095,0.0,0.0625,0,0.5,0,0,0
345,0.0,0,0,97.48333333333333,25.11,0.0,0.065,0,0.5,0,0,0
345,0.0,0,0,97.98333333333333,25.095,0.0,0.065,0,0.5,0,0,0
345,0.0,0,0,98.5,25.11,0.0,0.065,0,0.5,0,0,0
345,0.0,0,0,99.01666666666667,25.11,0.0,0.065,0,0.5,0,0,0
345,0.0,0,0,99.51666666666667,25.095,0.0,0.0625,0,0.5,0,0,0
345,0.0,0,0,100.03333333333333,25.095,0.0,0.0625,0,0.5,0,0,0
345,0.0,0,0,100.55,25.11,0.0,0.065,0,0.5,0,0,0
345,0.0,0,0,101.05,25.11,0.0,0.0625,0,0.5,0,0,0
345,0.0,0,0,101.56666666666666,25.08,0.0,0.065,0,0.5,0,0,0
345,0.0,0,0,102.08333333333333,25.08,0.0,0.06000000000000001,0,0.5,0,0,0
345,0.0,0,0,102.58333333333333,25.095,0.0,0.065,0,0.5,0,0,0
345,0.0,0,0,103.1,25.08,0.0,0.07,0,0.4400000000000013,0,0,1
345,0.0,0,0,103.6,25.095,0.0,0.065,0,0.5,0,0,0
345,0.0,0,0,104.11666666666666,25.11,0.0,0.065,0,0.5,0,0,0
345,0.0,0,0,104.63333333333334,25.08,0.0,0.07,0,0.5,0,0,1
345,0.0,0,0,105.13333333333334,25.11,0.0,0.065,0,0.5599999999999987,0,0,0
345,0.0,0,0,105.65,25.125,0.0,0.065,0,0.5599999999999987,0,0,0
345,0.0,0,0,106.16666666666667,25.11,0.0,0.0625,0,0.5,0,0,0
345,0.0,0,0,106.66666666666667,25.11,0.0,0.0675,0,0.5,0,0,1
345,0.0,0,0,107.18333333333334,25.11,0.0,0.065,0,0.5,0,0,0
345,0.0,0,0,107.68333333333334,25.095,0.0,0.0675,0,0.5,0,0,1
345,0.0,0,0,108.2,25.11,0.0,0.06000000000000001,0,0.5,0,0,0
345,0.0,0,0,108.71666666666667,25.11,0.0,0.0625,0,0.5,0,0,0
345,0.0,0,0,109.21666666666667,25.11,0.0,0.0675,0,0.5,0,0,1
345,0.0,0,0,109.73333333333333,25.11,0.0,0.0675,0,0.5,0,0,1
345,0.0,0,0,110.25,25.11,0.0,0.0675,0,0.5,0,0,1
345,0.0,0,0,110.75,25.11,0.0,0.0625,0,0.5,0,0,0
345,0.0,0,0,111.26666666666667,25.11,0.0,0.065,0,0.5,0,0,0
345,0.0,0,0,111.78333333333333,25.095,0.0,0.06000000000000001,0,0.5,0,0,0
345,0.0,0,0,112.28333333333333,25.095,0.0,0.0625,0,0.5,0,0,0
345,0.0,0,0,112.8,25.11,0.0,0.065,0,0.5,0,0,0
345,0.0,0,0,113.3,25.11,0.0,0.0675,0,0.5599999999999987,0,0,1
345,0.0,0,0,113.81666666666666,25.11,0.0,0.0625,0,0.5,0,0,0
345,0.0,0,0,114.33333333333333,25.11,0.0,0.065,0,0.5599999999999987,0,0,0
345,0.0,0,0,114.83333333333333,25.11,0.0,0.065,0,0.5599999999999987,0,0,0
345,0.0,0,0,115.35,25.11,0.0,0.0675,0,0.5599999999999987,0,0,1
345,0.0,0,0,115.86666666666666,25.11,0.0,0.065,0,0.5599999999999987,0,0,0
345,0.0,0,0,116.36666666666666,25.11,0.0,0.0625,0,0.5,0,0,0
345,0.0,0,0,116.88333333333334,25.11,0.0,0.06000000000000001,0,0.5,0,0,0
345,0.0,0,0,117.4,25.11,0.0,0.0675,0,0.5,0,0,1
345,0.0,0,0,117.9,25.095,0.0,0.06,0,0.5,0,0,0
345,0.0,0,0,118.41666666666667,25.11,0.0,0.06000000000000001,0,0.5,0,0,0
345,0.0,0,0,118.91666666666667,25.11,0.0,0.06,0,0.5,0,0,0
345,0.0,0,0,119.43333333333334,25.11,0.0,0.065,0,0.5599999999999987,0,0,0
345,0.0,0,0,119.95,25.095,0.0,0.065,0,0.5,0,0,0
345,0.0,0,0,120.45,25.095,0.0,0.065,0,0.5,0,0,0
345,0.0,0,0,120.96666666666667,25.095,0.0,0.0625,0,0.5,0,0,0
345,0.0,0,0,121.48333333333333,25.11,0.0,0.0675,0,0.5,0,0,1
345,0.0,0,0,121.98333333333333,25.11,0.0,0.0675,0,0.5,0,0,1
345,0.0,0,0,122.5,25.095,0.0,0.0625,0,0.5,0,0,0
345,0.0,0,0,123.01666666666667,25.11,0.0,0.065,0,0.5599999999999987,0,0,0
345,0.0,0,0,123.51666666666667,25.11,0.0,0.0675,0,0.5,0,0,1
345,0.0,0,0,124.03333333333333,25.080000000000002,0.0,0.060000000000000005,0,0.5599999999999987,0,0,0
345,0.0,0,0,124.53333333333333,25.095,0.0,0.0625,0,0.5599999999999987,0,0,0
345,0.0,0,0,125.05,25.080000000000002,0.0,0.05750000000000001,0,0.5599999999999987,0,0,0
345,0.0,0,0,125.56666666666666,25.095,0.0,0.065,0,0.5599999999999987,0,0,0
345,0.0,0,0,126.06666666666666,25.095,0.0,0.065,0,0.5599999999999987,0,0,0
345,0.0,0,0,126.58333333333333,25.125,0.0,0.0625,0,0.5599999999999987,0,0,0
345,0.0,0,0,127.1,25.095,0.0,0.0625,0,0.5,0,0,0
345,0.0,0,0,127.6,25.095,0.0,0.0675,0,0.5,0,0,1
345,0.0,0,0,128.11666666666667,25.095,0.0,0.065,0,0.5,0,0,0
345,0.0,0,0,128.63333333333333,25.095,0.0,0.065,0,0.5,0,0,0
345,0.0,0,0,129.13333333333333,25.095,0.0,0.0625,0,0.5,0,0,0
345,0.0,0,0,129.65,25.095,0.0,0.065,0,0.5,0,0,0
345,0.0,0,0,130.15,25.095,0.0,0.0625,0,0.5,0,0,0
345,0.0,0,0,130.66666666666666,25.095,0.0,0.0625,0,0.5,0,0,0
345,0.0,0,0,131.18333333333334,25.11,0.0,0.0625,0,0.5599999999999987,0,0,0
345,0.0,0,0,131.68333333333334,25.125,0.0,0.060000000000000005,0,0.5599999999999987,0,0,0
345,0.0,0,0,132.2,25.11,0.0,0.065,0,0.5599999999999987,0,0,0
345,0.0,0,0,132.71666666666667,25.11,0.0,0.0625,0,0.5599999999999987,0,0,0
345,0.0,0,0,133.21666666666667,25.095,0.0,0.065,0,0.5,0,0,0
345,0.0,0,0,133.73333333333332,25.095,0.0,0.06000000000000001,0,0.5,0,0,0
345,0.0,0,0,134.25,25.095,0.0,0.06000000000000001,0,0.5,0,0,0
345,0.0,0,0,134.75,25.095,0.0,0.06000000000000001,0,0.5,0,0,0
345,0.0,0,0,135.26666666666668,25.095,0.0,0.065,0,0.5,0,0,0
345,0.0,0,0,135.76666666666668,25.11,0.0,0.0625,0,0.5599999999999987,0,0,0
345,0.0,0,0,136.28333333333333,25.11,0.0,0.0625,0,0.5,0,0,0
345,0.0,0,0,136.8,25.095,0.0,0.0625,0,0.5,0,0,0
345,0.0,0,0,137.3,25.095,0.0,0.0625,0,0.5599999999999987,0,0,0
345,0.0,0,0,137.81666666666666,25.095,0.0,0.0625,0,0.5,0,0,0
345,0.0,0,0,138.33333333333334,25.095,0.0,0.07,0,0.5,0,0,1
345,0.0,0,0,138.83333333333334,25.11,0.0,0.060000000000000005,0,0.5599999999999987,0,0,0
345,0.0,0,0,139.35,25.095,0.0,0.065,0,0.5,0,0,0
345,0.0,0,0,139.86666666666667,25.095,0.0,0.065,0,0.5,0,0,0
345,0.0,0,0,140.36666666666667,25.095,0.0,0.0625,0,0.5,0,0,0
345,0.0,0,0,140.88333333333333,25.080000000000002,0.0,0.065,0,0.5599999999999987,0,0,0
345,0.0,0,0,141.38333333333333,25.095,0.0,0.065,0,0.5,0,0,0
345,0.0,0,0,141.9,25.095,0.0,0.07,0,0.5,0,0,1
345,0.0,0,0,142.41666666666666,25.095,0.0,0.065,0,0.5,0,0,0
345,0.0,0,0,142.91666666666666,25.095,0.0,0.065,0,0.5,0,0,0
345,0.0,0,0,143.43333333333334,25.095,0.0,0.06000000000000001,0,0.5,0,0,0
345,0.0,0,0,143.95,25.095,0.0,0.0675,0,0.5,0,0,1
345,0.0,0,0,144.45,25.095,0.0,0.0625,0,0.5,0,0,0
345,0.0,0,0,144.96666666666667,25.095,0.0,0.0625,0,0.5,0,0,0
345,0.0,0,0,145.48333333333332,25.095,0.0,0.0675,0,0.5,0,0,1
345,0.0,0,0,145.98333333333332,25.11,0.0,0.0675,0,0.5599999999999987,0,0,1
345,0.0,0,0,146.5,25.11,0.0,0.0625,0,0.5599999999999987,0,0,0
345,0.0,0,0,147.0,25.095,0.0,0.0625,0,0.5,0,0,0
345,0.0,0,0,147.51666666666668,25.095,0.0,0.0675,0,0.5,0,0,1
345,0.0,0,0,148.03333333333333,25.095,0.0,0.065,0,0.5,0,0,0
345,0.0,0,0,148.53333333333333,25.11,0.0,0.065,0,0.5599999999999987,0,0,0
345,0.0,0,0,149.05,25.080000000000002,0.0,0.07,0,0.5599999999999987,0,0,1
345,0.0,0,0,149.56666666666666,25.080000000000002,0.0,0.0675,0,0.5599999999999987,0,0,1
345,0.0,0,0,150.06666666666666,25.080000000000002,0.0,0.0625,0,0.5599999999999987,0,0,0
345,0.0,0,0,150.58333333333334,25.095,0.0,0.0625,0,0.5,0,0,0
345,0.0,0,0,151.1,25.080000000000002,0.0,0.0625,0,0.5599999999999987,0,0,0
345,0.0,0,0,151.6,25.080000000000002,0.0,0.0675,0,0.5599999999999987,0,0,1
345,0.0,0,0,152.11666666666667,25.080000000000002,0.0,0.05750000000000001,0,0.5599999999999987,0,0,0
345,0.0,0,0,153.13333333333333,25.095,0.0,0.0675,0,0.5,0,0,1
345,0.0,0,0,153.65,25.095,0.0,0.0675,0,0.5,0,0,1
345,0.0,0,0,154.15,25.080000000000002,0.0,0.065,0,0.5599999999999987,0,0,0
345,0.0,0,0,154.66666666666666,25.080000000000002,0.0,0.0675,0,0.5599999999999987,0,0,1
345,0.0,0,0,155.18333333333334,25.11,0.0,0.065,0,0.5599999999999987,0,0,0
345,0.0,0,0,155.68333333333334,25.080000000000002,0.0,0.065,0,0.5599999999999987,0,0,0
345,0.0,0,0,156.2,25.095,0.0,0.0625,0,0.5,0,0,0
345,0.0,0,0,156.7,25.095000000000002,0.0,0.0675,0,0.6199999999999974,0,0,1
345,0.0,0,0,157.21666666666667,25.080000000000002,0.0,0.065,0,0.5599999999999987,0,0,0
345,0.0,0,0,157.73333333333332,25.095,0.0,0.0625,0,0.5,0,0,0
345,0.0,0,0,158.23333333333332,25.080000000000002,0.0,0.065,0,0.5599999999999987,0,0,0
345,0.0,0,0,158.75,25.065,0.0,0.06000000000000001,0,0.5,0,0,0
345,0.0,0,0,159.26666666666668,25.080000000000002,0.0,0.065,0,0.5599999999999987,0,0,0
345,0.0,0,0,159.76666666666668,25.080000000000002,0.0,0.0625,0,0.5599999999999987,0,0,0
345,0.0,0,0,160.28333333333333,25.08,0.0,0.0625,0,0.4400000000000013,0,0,0
345,0.0,0,0,160.8,25.064999999999998,0.0,0.0625,0,0.4400000000000013,0,0,0
345,0.0,0,0,161.3,25.08,0.0,0.0625,0,0.4400000000000013,0,0,0
345,0.0,0,0,161.81666666666666,25.05,0.0,0.0675,0,0.5,0,0,1
345,0.0,0,0,162.31666666666666,25.095,0.0,0.0625,0,0.5,0,0,0
345,0.0,0,0,162.83333333333334,25.080000000000002,0.0,0.06000000000000001,0,0.5599999999999987,0,0,0
345,0.0,0,0,163.35,25.080000000000002,0.0,0.0625,0,0.5599999999999987,0,0,0
345,0.0,0,0,163.85,25.080000000000002,0.0,0.06000000000000001,0,0.5599999999999987,0,0,0
345,0.0,0,0,164.36666666666667,25.080000000000002,0.0,0.06000000000000001,0,0.5599999999999987,0,0,0
345,0.0,0,0,164.88333333333333,25.065,0.0,0.0625,0,0.5,0,0,0
345,0.0,0,0,165.38333333333333,25.095,0.0,0.0675,0,0.5,0,0,1
345,0.0,0,0,165.9,25.065,0.0,0.065,0,0.5,0,0,0
345,0.0,0,0,166.41666666666666,25.080000000000002,0.0,0.0625,0,0.5599999999999987,0,0,0
345,0.0,0,0,166.91666666666666,25.080000000000002,0.0,0.0625,0,0.5599999999999987,0,0,0
345,0.0,0,0,167.43333333333334,25.080000000000002,0.0,0.065,0,0.5599999999999987,0,0,0
345,0.0,0,0,167.93333333333334,25.080000000000002,0.0,0.0625,0,0.5599999999999987,0,0,0
345,0.0,0,0,168.45,25.095,0.0,0.06000000000000001,0,0.5,0,0,0
345,0.0,0,0,168.96666666666667,25.095,0.0,0.065,0,0.5,0,0,0
345,0.0,0,0,169.46666666666667,25.080000000000002,0.0,0.0625,0,0.5599999999999987,0,0,0
345,0.0,0,0,169.98333333333332,25.11,0.0,0.0625,0,0.5599999999999987,0,0,0
345,0.0,0,0,170.5,25.11,0.0,0.065,0,0.5599999999999987,0,0,0
345,0.0,0,0,171.0,25.095,0.0,0.0625,0,0.5,0,0,0
345,0.0,0,0,171.51666666666668,25.080000000000002,0.0,0.0625,0,0.5599999999999987,0,0,0
345,0.0,0,0,172.03333333333333,25.080000000000002,0.0,0.0625,0,0.5599999999999987,0,0,0
345,0.0,0,0,172.53333333333333,25.095,0.0,0.06000000000000001,0,0.5,0,0,0
345,0.0,0,0,173.05,25.095,0.0,0.065,0,0.5,0,0,0
345,0.0,0,0,173.55,25.095000000000002,0.0,0.0625,0,0.6199999999999974,0,0,0
345,0.0,0,0,174.06666666666666,25.095,0.0,0.06,0,0.5,0,0,0
345,0.0,0,0,174.58333333333334,25.080000000000002,0.0,0.065,0,0.5599999999999987,0,0,0
345,0.0,0,0,175.08333333333334,25.080000000000002,0.0,0.065,0,0.6199999999999974,0,0,0
345,0.0,0,0,175.6,25.080000000000002,0.0,0.065,0,0.5599999999999987,0,0,0
345,0.0,0,0,176.11666666666667,25.080000000000002,0.0,0.06,0,0.5599999999999987,0,0,0
345,0.0,0,0,176.61666666666667,25.080000000000002,0.0,0.060000000000000005,0,0.5599999999999987,0,0,0
345,0.0,0,0,177.13333333333333,25.095,0.0,0.0675,0,0.5,0,0,1
345,0.0,0,0,177.65,25.080000000000002,0.0,0.0625,0,0.5599999999999987,0,0,0
345,0.0,0,0,178.15,25.080000000000002,0.0,0.0625,0,0.5599999999999987,0,0,0
345,0.0,0,0,178.66666666666666,25.095000000000002,0.0,0.065,0,0.6199999999999974,0,0,0
345,0.0,0,0,179.16666666666666,25.080000000000002,0.0,0.065,0,0.5599999999999987,0,0,0
345,0.0,0,0,179.68333333333334,25.080000000000002,0.0,0.065,0,0.5599999999999987,0,0,0
345,0.0,0,0,180.2,25.065,0.0,0.065,0,0.5,0,0,0
345,0.0,0,0,180.7,25.080000000000002,0.0,0.0675,0,0.5599999999999987,0,0,1
345,0.0,0,0,181.21666666666667,25.095,0.0,0.0625,0,0.5,0,0,0
345,0.0,0,0,181.73333333333332,25.080000000000002,0.0,0.07,0,0.5599999999999987,0,0,1
345,0.0,0,0,182.23333333333332,25.080000000000002,0.0,0.06000000000000001,0,0.5599999999999987,0,0,0
345,0.0,0,0,182.75,25.080000000000002,0.0,0.065,0,0.5599999999999987,0,0,0
345,0.0,0,0,183.26666666666668,25.095,0.0,0.0625,0,0.5,0,0,0
345,0.0,0,0,183.76666666666668,25.080000000000002,0.0,0.0675,0,0.5599999999999987,0,0,1
345,0.0,0,0,184.28333333333333,25.080000000000002,0.0,0.065,0,0.5599999999999987,0,0,0
345,0.0,0,0,184.78333333333333,25.080000000000002,0.0,0.065,0,0.5599999999999987,0,0,0
345,0.0,0,0,185.3,25.11,0.0,0.06000000000000001,0,0.5599999999999987,0,0,0
345,0.0,0,0,185.81666666666666,25.080000000000002,0.0,0.06000000000000001,0,0.5599999999999987,0,0,0
345,0.0,0,0,186.31666666666666,25.095000000000002,0.0,0.0675,0,0.6199999999999974,0,0,1
345,0.0,0,0,186.83333333333334,25.080000000000002,0.0,0.0625,0,0.5599999999999987,0,0,0
345,0.0,0,0,187.35,25.080000000000002,0.0,0.065,0,0.5599999999999987,0,0,0
345,0.0,0,0,187.85,25.080000000000002,0.0,0.0625,0,0.5599999999999987,0,0,0
345,0.0,0,0,188.36666666666667,25.080000000000002,0.0,0.0675,0,0.5599999999999987,0,0,1
345,0.0,0,0,188.86666666666667,25.080000000000002,0.0,0.0675,0,0.5599999999999987,0,0,1
345,0.0,0,0,189.38333333333333,25.095000000000002,0.0,0.0675,0,0.6199999999999974,0,0,1
345,0.0,0,0,189.9,25.080000000000002,0.0,0.065,0,0.5599999999999987,0,0,0
345,0.0,0,0,190.4,25.080000000000002,0.0,0.065,0,0.5599999999999987,0,0,0
345,0.0,0,0,190.91666666666666,25.080000000000002,0.0,0.0625,0,0.5599999999999987,0,0,0
345,0.0,0,0,191.43333333333334,25.080000000000002,0.0,0.0625,0,0.5599999999999987,0,0,0
345,0.0,0,0,191.93333333333334,25.080000000000002,0.0,0.065,0,0.5599999999999987,0,0,0
345,0.0,0,0,192.45,25.080000000000002,0.0,0.0675,0,0.5599999999999987,0,0,1
345,0.0,0,0,192.96666666666667,25.080000000000002,0.0,0.0675,0,0.5599999999999987,0,0,1
345,0.0,0,0,193.46666666666667,25.080000000000002,0.0,0.06000000000000001,0,0.5599999999999987,0,0,0
345,0.0,0,0,193.98333333333332,25.080000000000002,0.0,0.065,0,0.5599999999999987,0,0,0
345,0.0,0,0,194.48333333333332,25.080000000000002,0.0,0.07,0,0.5599999999999987,0,0,1
345,0.0,0,0,195.0,25.065,0.0,0.07,0,0.5599999999999987,0,0,1
345,0.0,0,0,195.51666666666668,25.080000000000002,0.0,0.0625,0,0.5599999999999987,0,0,0
345,0.0,0,0,196.01666666666668,25.065,0.0,0.065,0,0.5599999999999987,0,0,0
345,0.0,0,0,196.53333333333333,25.065,0.0,0.06000000000000001,0,0.5599999999999987,0,0,0
345,0.0,0,0,197.05,25.095000000000002,0.0,0.0625,0,0.6199999999999974,0,0,0
345,0.0,0,0,197.55,25.095000000000002,0.0,0.065,0,0.6199999999999974,0,0,0
345,0.0,0,0,198.06666666666666,25.095000000000002,0.0,0.0625,0,0.6199999999999974,0,0,0
345,0.0,0,0,198.58333333333334,25.080000000000002,0.0,0.0675,0,0.5599999999999987,0,0,1
345,0.0,0,0,199.08333333333334,25.080000000000002,0.0,0.0675,0,0.5599999999999987,0,0,1
345,0.0,0,0,199.6,25.095000000000002,0.0,0.065,0,0.6199999999999974,0,0,0
345,0.0,0,0,200.1,25.095000000000002,0.0,0.0625,0,0.6199999999999974,0,0,0
345,0.0,0,0,200.61666666666667,25.095000000000002,0.0,0.0625,0,0.6199999999999974,0,0,0
345,0.0,0,0,201.13333333333333,25.080000000000002,0.0,0.065,0,0.5599999999999987,0,0,0
345,0.0,0,0,201.63333333333333,25.080000000000002,0.0,0.0625,0,0.5599999999999987,0,0,0
345,0.0,0,0,202.15,25.095000000000002,0.0,0.065,0,0.6199999999999974,0,0,0
345,0.0,0,0,202.66666666666666,25.080000000000002,0.0,0.05750000000000001,0,0.5599999999999987,0,0,0
345,0.0,0,0,203.16666666666666,25.080000000000002,0.0,0.06000000000000001,0,0.5599999999999987,0,0,0
345,0.0,0,0,203.68333333333334,25.095000000000002,0.0,0.0675,0,0.6199999999999974,0,0,1
345,0.0,0,0,204.2,25.095000000000002,0.0,0.0675,0,0.6199999999999974,0,0,1
345,0.0,0,0,204.7,25.095000000000002,0.0,0.07,0,0.6199999999999974,0,0,1
345,0.0,0,0,205.21666666666667,25.095000000000002,0.0,0.06,0,0.6199999999999974,0,0,0
345,0.0,0,0,205.71666666666667,25.095000000000002,0.0,0.0625,0,0.6199999999999974,0,0,0
345,0.0,0,0,206.23333333333332,25.095000000000002,0.0,0.0625,0,0.6199999999999974,0,0,0
345,0.0,0,0,206.75,25.095000000000002,0.0,0.0675,0,0.6199999999999974,0,0,1
345,0.0,0,0,207.25,25.095000000000002,0.0,0.065,0,0.6199999999999974,0,0,0
345,0.0,0,0,207.76666666666668,25.080000000000002,0.0,0.065,0,0.6199999999999974,0,0,0
345,0.0,0,0,208.28333333333333,25.095000000000002,0.0,0.0675,0,0.6199999999999974,0,0,1
345,0.0,0,0,209.3,25.095000000000002,0.0,0.0675,0,0.6199999999999974,0,0,1
345,0.0,0,0,209.81666666666666,25.080000000000002,0.0,0.065,0,0.6199999999999974,0,0,0
345,0.0,0,0,210.31666666666666,25.080000000000002,0.0,0.0625,0,0.6199999999999974,0,0,0
345,0.0,0,0,210.83333333333334,25.095000000000002,0.0,0.065,0,0.6199999999999974,0,0,0
345,0.0,0,0,211.33333333333334,25.11,0.0,0.0675,0,0.5599999999999987,0,0,1
345,0.0,0,0,211.85,25.095000000000002,0.0,0.06000000000000001,0,0.6199999999999974,0,0,0
345,0.0,0,0,212.36666666666667,25.095000000000002,0.0,0.0625,0,0.6199999999999974,0,0,0
345,0.0,0,0,212.86666666666667,25.080000000000002,0.0,0.065,0,0.6199999999999974,0,0,0
345,0.0,0,0,213.38333333333333,25.095000000000002,0.0,0.0675,0,0.6199999999999974,0,0,1
345,0.0,0,0,213.9,25.095000000000002,0.0,0.065,0,0.6199999999999974,0,0,0
345,0.0,0,0,214.4,25.095000000000002,0.0,0.0675,0,0.6199999999999974,0,0,1
345,0.0,0,0,214.91666666666666,25.095000000000002,0.0,0.065,0,0.6199999999999974,0,0,0
345,0.0,0,0,215.43333333333334,25.080000000000002,0.0,0.07,0,0.6199999999999974,0,0,1
345,0.0,0,0,215.93333333333334,25.095000000000002,0.0,0.0675,0,0.6199999999999974,0,0,1
345,0.0,0,0,216.45,25.080000000000002,0.0,0.065,0,0.5599999999999987,0,0,0
345,0.0,0,0,216.95,25.080000000000002,0.0,0.07,0,0.5599999999999987,0,0,1
345,0.0,0,0,217.46666666666667,25.080000000000002,0.0,0.065,0,0.5599999999999987,0,0,0
345,0.0,0,0,217.98333333333332,25.095000000000002,0.0,0.065,0,0.6199999999999974,0,0,0
345,0.0,0,0,218.48333333333332,25.095000000000002,0.0,0.065,0,0.6199999999999974,0,0,0
345,0.0,0,0,219.0,25.095000000000002,0.0,0.07250000000000001,0,0.6199999999999974,0,0,1
345,0.0,0,0,219.51666666666668,25.095000000000002,0.0,0.0675,0,0.6199999999999974,0,0,1
345,0.0,0,0,220.01666666666668,25.095000000000002,0.0,0.0625,0,0.6199999999999974,0,0,0
345,0.0,0,0,220.53333333333333,25.095000000000002,0.0,0.0675,0,0.6199999999999974,0,0,1
345,0.0,0,0,221.05,25.095000000000002,0.0,0.065,0,0.6199999999999974,0,0,0
345,0.0,0,0,221.55,25.095000000000002,0.0,0.0625,0,0.6199999999999974,0,0,0
345,0.0,0,0,222.06666666666666,25.095000000000002,0.0,0.065,0,0.6199999999999974,0,0,0
345,0.0,0,0,222.56666666666666,25.095000000000002,0.0,0.065,0,0.6199999999999974,0,0,0
345,0.0,0,0,223.08333333333334,25.065,0.0,0.0625,0,0.5599999999999987,0,0,0
345,0.0,0,0,223.6,25.05,0.0,0.07,0,0.5599999999999987,0,0,1
345,0.0,0,0,224.1,25.080000000000002,0.0,0.065,0,0.5599999999999987,0,0,0
345,0.0,0,0,224.61666666666667,25.080000000000002,0.0,0.065,0,0.5599999999999987,0,0,0
345,0.0,0,0,225.13333333333333,25.080000000000002,0.0,0.065,0,0.6199999999999974,0,0,0
345,0.0,0,0,225.63333333333333,25.080000000000002,0.0,0.0675,0,0.6799999999999997,0,0,1
345,0.0,0,0,226.15,25.080000000000002,0.0,0.0625,0,0.5599999999999987,0,0,0
345,0.0,0,0,226.66666666666666,25.080000000000002,0.0,0.065,0,0.5599999999999987,0,0,0
345,0.0,0,0,227.16666666666666,25.065,0.0,0.065,0,0.5599999999999987,0,0,0
345,0.0,0,0,227.68333333333334,25.095000000000002,0.0,0.06000000000000001,0,0.6199999999999974,0,0,0
345,0.0,0,0,228.18333333333334,25.065,0.0,0.0675,0,0.5599999999999987,0,0,1
345,0.0,0,0,228.7,25.080000000000002,0.0,0.0675,0,0.5599999999999987,0,0,1
345,0.0,0,0,229.21666666666667,25.095000000000002,0.0,0.07,0,0.6199999999999974,0,0,1
345,0.0,0,0,229.71666666666667,25.080000000000002,0.0,0.0675,0,0.5599999999999987,0,0,1
345,0.0,0,0,230.23333333333332,25.095000000000002,0.0,0.0675,0,0.6199999999999974,0,0,1
345,0.0,0,0,230.75,25.095000000000002,0.0,0.065,0,0.6199999999999974,0,0,0
345,0.0,0,0,231.25,25.05,0.0,0.0675,0,0.620000000000001,0,0,1
345,0.0,0,0,231.76666666666668,25.095000000000002,0.0,0.065,0,0.6199999999999974,0,0,0
345,0.0,0,0,232.26666666666668,25.080000000000002,0.0,0.0675,0,0.5599999999999987,0,0,1
345,0.0,0,0,232.78333333333333,25.080000000000002,0.0,0.0675,0,0.5599999999999987,0,0,1
345,0.0,0,0,233.3,25.080000000000002,0.0,0.0675,0,0.5599999999999987,0,0,1
345,0.0,0,0,233.8,25.080000000000002,0.0,0.0675,0,0.5599999999999987,0,0,1
345,0.0,0,0,234.31666666666666,25.065,0.0,0.0675,0,0.5599999999999987,0,0,1
345,0.0,0,0,234.83333333333334,25.065,0.0,0.065,0,0.5599999999999987,0,0,0
345,0.0,0,0,235.33333333333334,25.095000000000002,0.0,0.0675,0,0.6199999999999974,0,0,1
345,0.0,0,0,235.85,25.065,0.0,0.0625,0,0.5599999999999987,0,0,0
345,0.0,0,0,236.36666666666667,25.080000000000002,0.0,0.0625,0,0.5599999999999987,0,0,0
345,0.0,0,0,236.86666666666667,25.065,0.0,0.0675,0,0.5599999999999987,0,0,1
345,0.0,0,0,237.38333333333333,25.05,0.0,0.065,0,0.620000000000001,0,0,0
345,0.0,0,0,237.88333333333333,25.065,0.0,0.0625,0,0.5599999999999987,0,0,0
345,0.0,0,0,238.4,25.080000000000002,0.0,0.0625,0,0.5599999999999987,0,0,0
345,0.0,0,0,238.91666666666666,25.05,0.0,0.0625,0,0.5599999999999987,0,0,0
345,0.0,0,0,239.41666666666666,25.05,0.0,0.065,0,0.620000000000001,0,0,0
345,0.0,0,0,239.93333333333334,25.05,0.0,0.065,0,0.620000000000001,0,0,0
345,0.0,0,0,240.45,25.065,0.0,0.065,0,0.5599999999999987,0,0,0
345,0.0,0,0,240.95,25.065,0.0,0.0675,0,0.5599999999999987,0,0,1
345,0.0,0,0,241.46666666666667,25.065,0.0,0.0675,0,0.5599999999999987,0,0,1
345,0.0,0,0,241.98333333333332,25.065,0.0,0.0625,0,0.620000000000001,0,0,0
345,0.0,0,0,242.48333333333332,25.065,0.0,0.065,0,0.620000000000001,0,0,0
345,0.0,0,0,243.0,25.080000000000002,0.0,0.0625,0,0.6799999999999997,0,0,0
345,0.0,0,0,243.5,25.065,0.0,0.0625,0,0.6799999999999997,0,0,0
345,0.0,0,0,244.01666666666668,25.065,0.0,0.0625,0,0.620000000000001,0,0,0
345,0.0,0,0,244.53333333333333,25.035,0.0,0.065,0,0.620000000000001,0,0,0
345,0.0,0,0,245.03333333333333,25.05,0.0,0.065,0,0.620000000000001,0,0,0
345,0.0,0,0,245.55,25.080000000000002,0.0,0.07,0,0.5599999999999987,0,0,1
345,0.0,0,0,246.06666666666666,25.080000000000002,0.0,0.0625,0,0.5599999999999987,0,0,0
345,0.0,0,0,246.56666666666666,25.080000000000002,0.0,0.0675,0,0.5599999999999987,0,0,1
345,0.0,0,0,247.08333333333334,25.065,0.0,0.0675,0,0.5599999999999987,0,0,1
345,0.0,0,0,247.6,25.080000000000002,0.0,0.0675,0,0.5599999999999987,0,0,1
345,0.0,0,0,248.1,25.080000000000002,0.0,0.065,0,0.5599999999999987,0,0,0
345,0.0,0,0,248.61666666666667,25.080000000000002,0.0,0.065,0,0.5599999999999987,0,0,0
345,0.0,0,0,249.11666666666667,25.05,0.0,0.065,0,0.620000000000001,0,0,0
345,0.0,0,0,249.63333333333333,25.065,0.0,0.065,0,0.5599999999999987,0,0,0
345,0.0,0,0,250.15,25.065,0.0,0.065,0,0.5599999999999987,0,0,0
345,0.0,0,0,250.65,25.035,0.0,0.065,0,0.620000000000001,0,0,0
345,0.0,0,0,251.16666666666666,25.095000000000002,0.0,0.0675,0,0.6199999999999974,0,0,1
345,0.0,0,0,251.68333333333334,25.05,0.0,0.065,0,0.620000000000001,0,0,0
345,0.0,0,0,252.18333333333334,25.080000000000002,0.0,0.0625,0,0.5599999999999987,0,0,0
345,0.0,0,0,252.7,25.065,0.0,0.065,0,0.5599999999999987,0,0,0
345,0.0,0,0,253.21666666666667,25.05,0.0,0.0675,0,0.620000000000001,0,0,1
345,0.0,0,0,253.71666666666667,25.05,0.0,0.0675,0,0.5599999999999987,0,0,1
345,0.0,0,0,254.23333333333332,25.065,0.0,0.0675,0,0.6799999999999997,0,0,1
345,0.0,0,0,254.73333333333332,25.065,0.0,0.065,0,0.5599999999999987,0,0,0
345,0.0,0,0,255.25,25.065,0.0,0.065,0,0.5599999999999987,0,0,0
345,0.0,0,0,255.76666666666668,25.095000000000002,0.0,0.065,0,0.6199999999999974,0,0,0
345,0.0,0,0,256.26666666666665,25.05,0.0,0.0675,0,0.6799999999999997,0,0,1
345,0.0,0,0,256.78333333333336,25.080000000000002,0.0,0.07,0,0.5599999999999987,0,0,1
345,0.0,0,0,257.3,25.080000000000002,0.0,0.0675,0,0.6199999999999974,0,0,1
345,0.0,0,0,257.8,25.095000000000002,0.0,0.0675,0,0.6199999999999974,0,0,1
345,0.0,0,0,258.31666666666666,25.080000000000002,0.0,0.0625,0,0.6799999999999997,0,0,0
345,0.0,0,0,258.8333333333333,25.05,0.0,0.0625,0,0.5599999999999987,0,0,0
345,0.0,0,0,259.3333333333333,25.05,0.0,0.065,0,0.6799999999999997,0,0,0
345,0.0,0,0,259.85,25.05,0.0,0.07,0,0.620000000000001,0,0,1
345,0.0,0,0,260.35,25.065,0.0,0.0625,0,0.6799999999999997,0,0,0
345,0.0,0,0,260.8666666666667,25.080000000000002,0.0,0.065,0,0.6199999999999974,0,0,0
345,0.0,0,0,261.3833333333333,25.065,0.0,0.0675,0,0.5599999999999987,0,0,1
345,0.0,0,0,261.8833333333333,25.065,0.0,0.0675,0,0.620000000000001,0,0,1
345,0.0,0,0,262.4,25.065,0.0,0.065,0,0.6799999999999997,0,0,0
345,0.0,0,0,262.9166666666667,25.080000000000002,0.0,0.0675,0,0.6799999999999997,0,0,1
345,0.0,0,0,263.4166666666667,25.05,0.0,0.065,0,0.6799999999999997,0,0,0
345,0.0,0,0,263.93333333333334,25.080000000000002,0.0,0.0625,0,0.6799999999999997,0,0,0
345,0.0,0,0,264.45,25.065,0.0,0.065,0,0.620000000000001,0,0,0
345,0.0,0,0,264.95,25.05,0.0,0.0625,0,0.620000000000001,0,0,0
345,0.0,0,0,265.46666666666664,25.05,0.0,0.0625,0,0.620000000000001,0,0,0
345,0.0,0,0,266.48333333333335,25.035,0.0,0.065,0,0.620000000000001,0,0,0
345,0.0,0,0,267.0,25.065,0.0,0.065,0,0.5599999999999987,0,0,0
345,0.0,0,0,267.5,25.05,0.0,0.0675,0,0.620000000000001,0,0,1
345,0.0,0,0,268.01666666666665,25.035,0.0,0.07,0,0.620000000000001,0,0,1
345,0.0,0,0,268.53333333333336,25.035,0.0,0.0675,0,0.620000000000001,0,0,1
345,0.0,0,0,269.03333333333336,25.035,0.0,0.065,0,0.620000000000001,0,0,0
345,0.0,0,0,269.55,25.05,0.0,0.0675,0,0.620000000000001,0,0,1
345,0.0,0,0,270.05,25.065,0.0,0.0675,0,0.5599999999999987,0,0,1
345,0.0,0,0,270.56666666666666,25.035,0.0,0.0675,0,0.620000000000001,0,0,1
345,0.0,0,0,271.0833333333333,25.05,0.0,0.065,0,0.6799999999999997,0,0,0
345,0.0,0,0,271.5833333333333,25.05,0.0,0.07,0,0.620000000000001,0,0,1
345,0.0,0,0,272.1,25.035,0.0,0.0625,0,0.620000000000001,0,0,0
345,0.0,0,0,272.6166666666667,25.05,0.0,0.06000000000000001,0,0.620000000000001,0,0,0
345,0.0,0,0,273.1166666666667,25.05,0.0,0.065,0,0.620000000000001,0,0,0
345,0.0,0,0,273.6333333333333,25.065,0.0,0.0675,0,0.5599999999999987,0,0,1
345,0.0,0,0,274.15,25.05,0.0,0.0675,0,0.620000000000001,0,0,1
345,0.0,0,0,274.65,25.05,0.0,0.07,0,0.620000000000001,0,0,1
345,0.0,0,0,275.1666666666667,25.035,0.0,0.07,0,0.620000000000001,0,0,1
345,0.0,0,0,275.6666666666667,25.05,0.0,0.0675,0,0.620000000000001,0,0,1
345,0.0,0,0,276.18333333333334,25.035,0.0,0.065,0,0.620000000000001,0,0,0
345,0.0,0,0,276.7,25.05,0.0,0.0675,0,0.620000000000001,0,0,1
345,0.0,0,0,277.2,25.035,0.0,0.065,0,0.620000000000001,0,0,0
345,0.0,0,0,277.71666666666664,25.035,0.0,0.0675,0,0.620000000000001,0,0,1
345,0.0,0,0,278.23333333333335,25.05,0.0,0.0625,0,0.620000000000001,0,0,0
345,0.0,0,0,278.73333333333335,25.05,0.0,0.065,0,0.5599999999999987,0,0,0
345,0.0,0,0,279.25,25.035,0.0,0.07,0,0.620000000000001,0,0,1
345,0.0,0,0,279.76666666666665,25.035,0.0,0.065,0,0.620000000000001,0,0,0
345,0.0,0,0,280.26666666666665,25.035,0.0,0.0625,0,0.620000000000001,0,0,0
345,0.0,0,0,280.78333333333336,25.05,0.0,0.0675,0,0.620000000000001,0,0,1
345,0.0,0,0,281.28333333333336,25.065,0.0,0.0675,0,0.620000000000001,0,0,1
345,0.0,0,0,281.8,25.035,0.0,0.07,0,0.620000000000001,0,0,1
345,0.0,0,0,282.31666666666666,25.065,0.0,0.0675,0,0.620000000000001,0,0,1
345,0.0,0,0,282.81666666666666,25.05,0.0,0.0625,0,0.6799999999999997,0,0,0
345,0.0,0,0,283.3333333333333,25.05,0.0,0.0675,0,0.620000000000001,0,0,1
345,0.0,0,0,283.85,25.035,0.0,0.0675,0,0.620000000000001,0,0,1
345,0.0,0,0,284.35,25.05,0.0,0.0675,0,0.620000000000001,0,0,1
345,0.0,0,0,284.8666666666667,25.05,0.0,0.0675,0,0.620000000000001,0,0,1
345,0.0,0,0,285.3833333333333,25.05,0.0,0.065,0,0.620000000000001,0,0,0
345,0.0,0,0,285.8833333333333,25.05,0.0,0.0625,0,0.620000000000001,0,0,0
345,0.0,0,0,286.4,25.05,0.0,0.065,0,0.620000000000001,0,0,0
345,0.0,0,0,286.9,25.035,0.0,0.065,0,0.620000000000001,0,0,0
345,0.0,0,0,287.4166666666667,25.035,0.0,0.0625,0,0.620000000000001,0,0,0
345,0.0,0,0,287.93333333333334,25.05,0.0,0.065,0,0.620000000000001,0,0,0
345,0.0,0,0,288.43333333333334,25.035,0.0,0.0675,0,0.620000000000001,0,0,1
345,0.0,0,0,288.95,25.035,0.0,0.065,0,0.620000000000001,0,0,0
345,0.0,0,0,289.46666666666664,25.035,0.0,0.060000000000000005,0,0.620000000000001,0,0,0
345,0.0,0,0,289.96666666666664,25.035,0.0,0.0625,0,0.620000000000001,0,0,0
345,0.0,0,0,290.48333333333335,25.05,0.0,0.06000000000000001,0,0.620000000000001,0,0,0
345,0.0,0,0,291.0,25.035,0.0,0.0675,0,0.620000000000001,0,0,1
345,0.0,0,0,291.5,25.065,0.0,0.065,0,0.620000000000001,0,0,0
345,0.0,0,0,292.01666666666665,25.035,0.0,0.0625,0,0.620000000000001,0,0,0
345,0.0,0,0,292.51666666666665,25.035,0.0,0.0675,0,0.620000000000001,0,0,1
345,0.0,0,0,293.03333333333336,25.035,0.0,0.065,0,0.620000000000001,0,0,0
345,0.0,0,0,293.55,25.05,0.0,0.0625,0,0.620000000000001,0,0,0
345,0.0,0,0,294.05,25.05,0.0,0.0625,0,0.5599999999999987,0,0,0
345,0.0,0,0,294.56666666666666,25.035,0.0,0.0675,0,0.620000000000001,0,0,1
345,0.0,0,0,295.0833333333333,25.05,0.0,0.0675,0,0.620000000000001,0,0,1
345,0.0,0,0,295.5833333333333,25.05,0.0,0.0675,0,0.620000000000001,0,0,1
345,0.0,0,0,296.1,25.05,0.0,0.0675,0,0.620000000000001,0,0,1
345,0.0,0,0,296.6,25.05,0.0,0.065,0,0.620000000000001,0,0,0
345,0.0,0,0,297.1166666666667,25.035,0.0,0.07,0,0.620000000000001,0,0,1
345,0.0,0,0,297.6333333333333,25.035,0.0,0.07,0,0.620000000000001,0,0,1
345,0.0,0,0,298.1333333333333,25.035,0.0,0.0625,0,0.620000000000001,0,0,0
345,0.0,0,0,298.65,25.035,0.0,0.065,0,0.620000000000001,0,0,0
345,0.0,0,0,299.1666666666667,25.05,0.0,0.07,0,0.620000000000001,0,0,1
345,0.0,0,0,299.6666666666667,25.05,0.0,0.065,0,0.620000000000001,0,0,0
345,0.0,0,0,300.18333333333334,25.035,0.0,0.065,0,0.620000000000001,0,0,0
345,0.0,0,0,300.7,25.035,0.0,0.065,0,0.620000000000001,0,0,0
345,0.0,0,0,301.2,25.035,0.0,0.0625,0,0.620000000000001,0,0,0
345,0.0,0,0,301.71666666666664,25.035,0.0,0.0675,0,0.620000000000001,0,0,1
345,0.0,0,0,302.21666666666664,25.035,0.0,0.06000000000000001,0,0.620000000000001,0,0,0
345,0.0,0,0,302.73333333333335,25.035,0.0,0.0675,0,0.620000000000001,0,0,1
345,0.0,0,0,303.25,25.035,0.0,0.065,0,0.620000000000001,0,0,0
345,0.0,0,0,303.75,25.05,0.0,0.0625,0,0.620000000000001,0,0,0
345,0.0,0,0,304.26666666666665,25.05,0.0,0.065,0,0.620000000000001,0,0,0
345,0.0,0,0,304.78333333333336,25.035,0.0,0.0675,0,0.620000000000001,0,0,1
345,0.0,0,0,305.28333333333336,25.02,0.0,0.065,0,0.5600000000000023,0,0,0
345,0.0,0,0,305.8,25.035,0.0,0.0625,0,0.620000000000001,0,0,0
345,0.0,0,0,306.31666666666666,25.035,0.0,0.065,0,0.620000000000001,0,0,0
345,0.0,0,0,306.81666666666666,25.035,0.0,0.0625,0,0.620000000000001,0,0,0
345,0.0,0,0,307.3333333333333,25.02,0.0,0.0625,0,0.5600000000000023,0,0,0
345,0.0,0,0,307.8333333333333,25.035,0.0,0.065,0,0.620000000000001,0,0,0
345,0.0,0,0,308.35,25.035,0.0,0.0675,0,0.620000000000001,0,0,1
345,0.0,0,0,308.8666666666667,25.035,0.0,0.065,0,0.620000000000001,0,0,0
345,0.0,0,0,309.3666666666667,25.035,0.0,0.065,0,0.620000000000001,0,0,0
345,0.0,0,0,309.8833333333333,25.035,0.0,0.065,0,0.620000000000001,0,0,0
345,0.0,0,0,310.4,25.035,0.0,0.0625,0,0.620000000000001,0,0,0
345,0.0,0,0,310.9,25.035,0.0,0.0625,0,0.620000000000001,0,0,0
345,0.0,0,0,311.4166666666667,25.05,0.0,0.0675,0,0.5599999999999987,0,0,1
345,0.0,0,0,311.93333333333334,25.02,0.0,0.065,0,0.5600000000000023,0,0,0
345,0.0,0,0,312.43333333333334,25.035,0.0,0.0675,0,0.620000000000001,0,0,1
345,0.0,0,0,312.95,25.035,0.0,0.0625,0,0.620000000000001,0,0,0
345,0.0,0,0,313.45,25.035,0.0,0.06000000000000001,0,0.620000000000001,0,0,0
345,0.0,0,0,313.96666666666664,25.035,0.0,0.0675,0,0.620000000000001,0,0,1
345,0.0,0,0,314.48333333333335,25.035,0.0,0.0625,0,0.620000000000001,0,0,0
345,0.0,0,0,314.98333333333335,25.05,0.0,0.0675,0,0.620000000000001,0,0,1
345,0.0,0,0,315.5,25.035,0.0,0.0625,0,0.620000000000001,0,0,0
345,0.0,0,0,316.01666666666665,25.035,0.0,0.0675,0,0.620000000000001,0,0,1
345,0.0,0,0,316.51666666666665,25.035,0.0,0.065,0,0.620000000000001,0,0,0
345,0.0,0,0,317.03333333333336,25.035,0.0,0.0675,0,0.620000000000001,0,0,1
345,0.0,0,0,317.55,25.035,0.0,0.0675,0,0.620000000000001,0,0,1
345,0.0,0,0,318.05,25.035,0.0,0.06000000000000001,0,0.620000000000001,0,0,0
345,0.0,0,0,318.56666666666666,25.035,0.0,0.065,0,0.620000000000001,0,0,0
345,0.0,0,0,319.06666666666666,25.0175,0.0,0.0675,0,0.6900000000000013,0,0,1
345,0.0,0,0,319.5833333333333,25.035,0.0,0.0675,0,0.620000000000001,0,0,1
345,0.0,0,0,320.1,25.035,0.0,0.065,0,0.620000000000001,0,0,0
345,0.0,0,0,320.6,25.02,0.0,0.065,0,0.5600000000000023,0,0,0
345,0.0,0,0,321.1166666666667,25.02,0.0,0.065,0,0.5600000000000023,0,0,0
345,0.0,0,0,321.6333333333333,25.035,0.0,0.07,0,0.620000000000001,0,0,1
345,0.0,0,0,322.1333333333333,25.02,0.0,0.065,0,0.5600000000000023,0,0,0
345,0.0,0,0,322.65,25.035,0.0,0.07,0,0.620000000000001,0,0,1
345,0.0,0,0,323.1666666666667,25.02,0.0,0.0675,0,0.5600000000000023,0,0,1
345,0.0,0,0,324.18333333333334,25.035,0.0,0.0675,0,0.620000000000001,0,0,1
345,0.0,0,0,324.68333333333334,25.02,0.0,0.0675,0,0.5600000000000023,0,0,1
345,0.0,0,0,325.2,25.02,0.0,0.0625,0,0.5600000000000023,0,0,0
345,0.0,0,0,325.71666666666664,25.035,0.0,0.0675,0,0.620000000000001,0,0,1
345,0.0,0,0,326.21666666666664,25.035,0.0,0.0625,0,0.620000000000001,0,0,0
345,0.0,0,0,326.73333333333335,25.02,0.0,0.065,0,0.5600000000000023,0,0,0
345,0.0,0,0,327.25,25.035,0.0,0.065,0,0.620000000000001,0,0,0
345,0.0,0,0,327.75,25.0175,0.0,0.0625,0,0.6900000000000013,0,0,0
345,0.0,0,0,328.26666666666665,25.035,0.0,0.0625,0,0.620000000000001,0,0,0
345,0.0,0,0,328.76666666666665,25.02,0.0,0.0675,0,0.5600000000000023,0,0,1
345,0.0,0,0,329.28333333333336,25.02,0.0,0.065,0,0.5600000000000023,0,0,0
345,0.0,0,0,329.8,25.035,0.0,0.065,0,0.5600000000000023,0,0,0
345,0.0,0,0,330.3,25.035,0.0,0.0675,0,0.620000000000001,0,0,1
345,0.0,0,0,330.81666666666666,25.02,0.0,0.0675,0,0.5600000000000023,0,0,1
345,0.0,0,0,331.3333333333333,25.035,0.0,0.0675,0,0.620000000000001,0,0,1
345,0.0,0,0,331.8333333333333,25.02,0.0,0.0625,0,0.5600000000000023,0,0,0
345,0.0,0,0,332.35,25.002499999999998,0.0,0.0625,0,0.6300000000000026,0,0,0
345,0.0,0,0,332.8666666666667,25.035,0.0,0.065,0,0.620000000000001,0,0,0
345,0.0,0,0,333.3666666666667,25.035,0.0,0.065,0,0.620000000000001,0,0,0
345,0.0,0,0,333.8833333333333,25.035,0.0,0.07,0,0.620000000000001,0,0,1
345,0.0,0,0,334.3833333333333,25.035,0.0,0.065,0,0.620000000000001,0,0,0
345,0.0,0,0,334.9,25.02,0.0,0.065,0,0.5600000000000023,0,0,0
345,0.0,0,0,335.4166666666667,25.02,0.0,0.065,0,0.5600000000000023,0,0,0
345,0.0,0,0,335.9166666666667,25.02,0.0,0.0675,0,0.5600000000000023,0,0,1
345,0.0,0,0,336.43333333333334,25.02,0.0,0.0625,0,0.5600000000000023,0,0,0
345,0.0,0,0,336.95,25.002499999999998,0.0,0.0625,0,0.6300000000000026,0,0,0
345,0.0,0,0,337.45,25.002499999999998,0.0,0.0675,0,0.6300000000000026,0,0,1
345,0.0,0,0,337.96666666666664,25.02,0.0,0.0675,0,0.5600000000000023,0,0,1
345,0.0,0,0,338.48333333333335,25.02,0.0,0.065,0,0.5600000000000023,0,0,0
345,0.0,0,0,338.98333333333335,25.02,0.0,0.0675,0,0.5600000000000023,0,0,1
345,0.0,0,0,339.5,25.002499999999998,0.0,0.0625,0,0.6300000000000026,0,0,0
345,0.0,0,0,340.0,25.002499999999998,0.0,0.0625,0,0.6300000000000026,0,0,0
345,0.0,0,0,340.51666666666665,25.035,0.0,0.07,0,0.620000000000001,0,0,1
345,0.0,0,0,341.03333333333336,25.002499999999998,0.0,0.06000000000000001,0,0.6300000000000026,0,0,0
345,0.0,0,0,341.53333333333336,25.035,0.0,0.065,0,0.5600000000000023,0,0,0
345,0.0,0,0,342.05,25.035,0.0,0.065,0,0.620000000000001,0,0,0
345,0.0,0,0,342.56666666666666,25.02,0.0,0.0675,0,0.5600000000000023,0,0,1
345,0.0,0,0,343.06666666666666,25.02,0.0,0.065,0,0.5600000000000023,0,0,0
345,0.0,0,0,343.5833333333333,25.002499999999998,0.0,0.0675,0,0.6300000000000026,0,0,1
345,0.0,0,0,344.1,25.0175,0.0,0.07,0,0.6900000000000013,0,0,1
345,0.0,0,0,344.6,25.0175,0.0,0.0625,0,0.6900000000000013,0,0,0
345,0.0,0,0,345.1166666666667,25.035,0.0,0.0625,0,0.620000000000001,0,0,0
345,0.0,0,0,345.6166666666667,25.002499999999998,0.0,0.065,0,0.6300000000000026,0,0,0
345,0.0,0,0,346.1333333333333,25.02,0.0,0.0625,0,0.5600000000000023,0,0,0
345,0.0,0,0,346.65,25.002499999999998,0.0,0.065,0,0.6300000000000026,0,0,0
345,0.0,0,0,347.15,25.002499999999998,0.0,0.0625,0,0.6300000000000026,0,0,0
345,0.0,0,0,347.6666666666667,25.002499999999998,0.0,0.0675,0,0.6300000000000026,0,0,1
345,0.0,0,0,348.18333333333334,24.985,0.0,0.0675,0,0.6300000000000026,0,0,1
345,0.0,0,0,348.68333333333334,25.002499999999998,0.0,0.0625,0,0.6300000000000026,0,0,0
345,0.0,0,0,349.2,25.002499999999998,0.0,0.0675,0,0.6300000000000026,0,0,1
345,0.0,0,0,349.71666666666664,25.002499999999998,0.0,0.06000000000000001,0,0.6300000000000026,0,0,0
345,0.0,0,0,350.21666666666664,25.002499999999998,0.0,0.0675,0,0.6300000000000026,0,0,1
345,0.0,0,0,350.73333333333335,25.002499999999998,0.0,0.07,0,0.6300000000000026,0,0,1
345,0.0,0,0,351.23333333333335,25.0175,0.0,0.0625,0,0.6900000000000013,0,0,0
345,0.0,0,0,351.75,25.002499999999998,0.0,0.065,0,0.6300000000000026,0,0,0
345,0.0,0,0,352.26666666666665,25.002499999999998,0.0,0.0675,0,0.6300000000000026,0,0,1
345,0.0,0,0,352.76666666666665,25.002499999999998,0.0,0.0675,0,0.6300000000000026,0,0,1
345,0.0,0,0,353.28333333333336,25.0175,0.0,0.065,0,0.6900000000000013,0,0,0
345,0.0,0,0,353.8,25.002499999999998,0.0,0.065,0,0.6300000000000026,0,0,0
345,0.0,0,0,354.3,24.985,0.0,0.065,0,0.6300000000000026,0,0,0
345,0.0,0,0,354.81666666666666,25.002499999999998,0.0,0.065,0,0.6300000000000026,0,0,0
345,0.0,0,0,355.3333333333333,25.002499999999998,0.0,0.07,0,0.6300000000000026,0,0,1
345,0.0,0,0,355.8333333333333,25.0175,0.0,0.0675,0,0.6900000000000013,0,0,1
345,0.0,0,0,356.35,24.985,0.0,0.065,0,0.6300000000000026,0,0,0
345,0.0,0,0,356.85,25.002499999999998,0.0,0.065,0,0.6300000000000026,0,0,0
345,0.0,0,0,357.3666666666667,25.0175,0.0,0.065,0,0.6900000000000013,0,0,0
345,0.0,0,0,357.8833333333333,25.002499999999998,0.0,0.0625,0,0.6300000000000026,0,0,0
345,0.0,0,0,358.3833333333333,24.985,0.0,0.0675,0,0.6300000000000026,0,0,1
345,0.0,0,0,358.9,25.002499999999998,0.0,0.065,0,0.5600000000000023,0,0,0
345,0.0,0,0,359.4166666666667,25.02,0.0,0.0625,0,0.5600000000000023,0,0,0
345,0.0,0,0,359.9166666666667,24.985,0.0,0.065,0,0.6300000000000026,0,0,0
345,0.0,0,0,360.43333333333334,24.985,0.0,0.065,0,0.6300000000000026,0,0,0
345,0.0,0,0,360.93333333333334,24.985,0.0,0.0675,0,0.6300000000000026,0,0,1
345,0.0,0,0,361.45,24.985,0.0,0.0675,0,0.6300000000000026,0,0,1
345,0.0,0,0,361.96666666666664,25.002499999999998,0.0,0.0675,0,0.6300000000000026,0,0,1
345,0.0,0,0,362.46666666666664,25.002499999999998,0.0,0.065,0,0.6300000000000026,0,0,0
345,0.0,0,0,362.98333333333335,25.002499999999998,0.0,0.0675,0,0.6300000000000026,0,0,1
345,0.0,0,0,363.5,25.002499999999998,0.0,0.065,0,0.6300000000000026,0,0,0
345,0.0,0,0,364.0,24.985,0.0,0.065,0,0.6300000000000026,0,0,0
345,0.0,0,0,364.51666666666665,25.002499999999998,0.0,0.065,0,0.6300000000000026,0,0,0
345,0.0,0,0,365.03333333333336,25.002499999999998,0.0,0.0625,0,0.6300000000000026,0,0,0
345,0.0,0,0,365.53333333333336,25.002499999999998,0.0,0.065,0,0.6300000000000026,0,0,0
345,0.0,0,0,366.05,25.002499999999998,0.0,0.0675,0,0.6300000000000026,0,0,1
345,0.0,0,0,366.55,25.002499999999998,0.0,0.065,0,0.6300000000000026,0,0,0
345,0.0,0,0,367.06666666666666,24.985,0.0,0.0625,0,0.6300000000000026,0,0,0
345,0.0,0,0,367.5833333333333,25.002499999999998,0.0,0.0675,0,0.6300000000000026,0,0,1
345,0.0,0,0,368.0833333333333,25.002499999999998,0.0,0.0625,0,0.6300000000000026,0,0,0
345,0.0,0,0,368.6,24.985,0.0,0.065,0,0.6300000000000026,0,0,0
345,0.0,0,0,369.1166666666667,25.002499999999998,0.0,0.065,0,0.6300000000000026,0,0,0
345,0.0,0,0,369.6166666666667,25.002499999999998,0.0,0.065,0,0.6300000000000026,0,0,0
345,0.0,0,0,370.1333333333333,25.002499999999998,0.0,0.065,0,0.6300000000000026,0,0,0
345,0.0,0,0,370.65,25.002499999999998,0.0,0.0625,0,0.6300000000000026,0,0,0
345,0.0,0,0,371.15,25.002499999999998,0.0,0.065,0,0.6300000000000026,0,0,0
345,0.0,0,0,371.6666666666667,25.002499999999998,0.0,0.0675,0,0.6300000000000026,0,0,1
345,0.0,0,0,372.1666666666667,24.985,0.0,0.065,0,0.6300000000000026,0,0,0
345,0.0,0,0,372.68333333333334,25.002499999999998,0.0,0.065,0,0.6300000000000026,0,0,0
345,0.0,0,0,373.2,25.002499999999998,0.0,0.065,0,0.6300000000000026,0,0,0
345,0.0,0,0,373.7,25.02,0.0,0.0625,0,0.5600000000000023,0,0,0
345,0.0,0,0,374.21666666666664,24.985,0.0,0.065,0,0.6300000000000026,0,0,0
345,0.0,0,0,374.73333333333335,24.985,0.0,0.06000000000000001,0,0.6300000000000026,0,0,0
345,0.0,0,0,375.23333333333335,24.985,0.0,0.0675,0,0.6300000000000026,0,0,1
345,0.0,0,0,375.75,24.985,0.0,0.06000000000000001,0,0.6300000000000026,0,0,0
345,0.0,0,0,376.26666666666665,24.985,0.0,0.0675,0,0.6300000000000026,0,0,1
345,0.0,0,0,376.76666666666665,24.985,0.0,0.07,0,0.6300000000000026,0,0,1
345,0.0,0,0,377.28333333333336,24.985,0.0,0.07,0,0.6300000000000026,0,0,1
345,0.0,0,0,377.78333333333336,24.985,0.0,0.065,0,0.6300000000000026,0,0,0
345,0.0,0,0,378.3,24.985,0.0,0.0675,0,0.6300000000000026,0,0,1
345,0.0,0,0,378.81666666666666,24.985,0.0,0.0675,0,0.6300000000000026,0,0,1
345,0.0,0,0,379.31666666666666,24.985,0.0,0.065,0,0.6300000000000026,0,0,0
345,0.0,0,0,379.8333333333333,24.985,0.0,0.0675,0,0.6300000000000026,0,0,1
345,0.0,0,0,380.35,24.985,0.0,0.065,0,0.6300000000000026,0,0,0
345,0.0,0,0,381.3666666666667,24.985,0.0,0.0675,0,0.6300000000000026,0,0,1
345,0.0,0,0,381.8833333333333,25.002499999999998,0.0,0.065,0,0.5600000000000023,0,0,0
345,0.0,0,0,382.3833333333333,24.985,0.0,0.0675,0,0.6300000000000026,0,0,1
345,0.0,0,0,382.9,24.985,0.0,0.0675,0,0.6300000000000026,0,0,1
345,0.0,0,0,383.4,25.002499999999998,0.0,0.0625,0,0.6300000000000026,0,0,0
345,0.0,0,0,383.9166666666667,24.985,0.0,0.07,0,0.6300000000000026,0,0,1
345,0.0,0,0,384.43333333333334,25.002499999999998,0.0,0.0675,0,0.6300000000000026,0,0,1
345,0.0,0,0,384.93333333333334,25.002499999999998,0.0,0.0625,0,0.6300000000000026,0,0,0
345,0.0,0,0,385.45,25.002499999999998,0.0,0.0625,0,0.6300000000000026,0,0,0
345,0.0,0,0,385.96666666666664,24.985,0.0,0.065,0,0.6300000000000026,0,0,0
345,0.0,0,0,386.46666666666664,25.002499999999998,0.0,0.0675,0,0.6300000000000026,0,0,1
345,0.0,0,0,386.98333333333335,24.985,0.0,0.0675,0,0.6300000000000026,0,0,1
345,0.0,0,0,387.5,25.002499999999998,0.0,0.0675,0,0.6300000000000026,0,0,1
345,0.0,0,0,388.0,25.002499999999998,0.0,0.065,0,0.6300000000000026,0,0,0
345,0.0,0,0,388.51666666666665,24.97,0.0,0.065,0,0.5700000000000003,0,0,0
345,0.0,0,0,389.01666666666665,25.002499999999998,0.0,0.0625,0,0.6300000000000026,0,0,0
345,0.0,0,0,389.53333333333336,24.967499999999998,0.0,0.07,0,0.6300000000000026,0,0,1
345,0.0,0,0,390.05,24.985,0.0,0.065,0,0.6300000000000026,0,0,0
345,0.0,0,0,390.55,24.985,0.0,0.0675,0,0.6300000000000026,0,0,1
345,0.0,0,0,391.06666666666666,25.002499999999998,0.0,0.0675,0,0.6300000000000026,0,0,1
345,0.0,0,0,391.5833333333333,24.985,0.0,0.065,0,0.6300000000000026,0,0,0
345,0.0,0,0,392.0833333333333,24.967499999999998,0.0,0.065,0,0.6300000000000026,0,0,0
345,0.0,0,0,392.6,24.985,0.0,0.065,0,0.6300000000000026,0,0,0
345,0.0,0,0,393.1,24.985,0.0,0.0675,0,0.6300000000000026,0,0,1
345,0.0,0,0,393.6166666666667,24.985,0.0,0.0675,0,0.6300000000000026,0,0,1
345,0.0,0,0,394.1333333333333,24.967499999999998,0.0,0.065,0,0.6300000000000026,0,0,0
345,0.0,0,0,394.6333333333333,24.9525,0.0,0.0625,0,0.6900000000000013,0,0,0
345,0.0,0,0,395.15,25.002499999999998,0.0,0.065,0,0.6300000000000026,0,0,0
345,0.0,0,0,395.6666666666667,24.967499999999998,0.0,0.065,0,0.6300000000000026,0,0,0
345,0.0,0,0,396.1666666666667,24.967499999999998,0.0,0.0675,0,0.6300000000000026,0,0,1
345,0.0,0,0,396.68333333333334,24.985,0.0,0.07,0,0.6300000000000026,0,0,1
345,0.0,0,0,397.2,24.985,0.0,0.065,0,0.6300000000000026,0,0,0
345,0.0,0,0,397.7,24.97,0.0,0.065,0,0.6900000000000013,0,0,0
345,0.0,0,0,398.21666666666664,24.967499999999998,0.0,0.065,0,0.6300000000000026,0,0,0
345,0.0,0,0,398.71666666666664,24.967499999999998,0.0,0.065,0,0.6300000000000026,0,0,0
345,0.0,0,0,399.23333333333335,24.985,0.0,0.0625,0,0.6300000000000026,0,0,0
345,0.0,0,0,399.75,24.967499999999998,0.0,0.0675,0,0.6300000000000026,0,0,1
345,0.0,0,0,400.25,24.967499999999998,0.0,0.065,0,0.6300000000000026,0,0,0
345,0.0,0,0,400.76666666666665,24.967499999999998,0.0,0.07,0,0.6300000000000026,0,0,1
345,0.0,0,0,401.28333333333336,24.985,0.0,0.065,0,0.6300000000000026,0,0,0
345,0.0,0,0,401.78333333333336,24.97,0.0,0.0675,0,0.6900000000000013,0,0,1
345,0.0,0,0,402.3,24.967499999999998,0.0,0.0675,0,0.6300000000000026,0,0,1
345,0.0,0,0,402.81666666666666,24.985,0.0,0.065,0,0.6300000000000026,0,0,0
345,0.0,0,0,403.31666666666666,24.967499999999998,0.0,0.065,0,0.6300000000000026,0,0,0
345,0.0,0,0,403.8333333333333,24.967499999999998,0.0,0.06000000000000001,0,0.6300000000000026,0,0,0
345,0.0,0,0,404.3333333333333,24.985,0.0,0.0625,0,0.6300000000000026,0,0,0
345,0.0,0,0,404.85,25.002499999999998,0.0,0.0675,0,0.6300000000000026,0,0,1
345,0.0,0,0,405.3666666666667,24.985,0.0,0.065,0,0.6300000000000026,0,0,0
345,0.0,0,0,405.8666666666667,24.967499999999998,0.0,0.0675,0,0.6300000000000026,0,0,1
345,0.0,0,0,406.3833333333333,24.985,0.0,0.065,0,0.6300000000000026,0,0,0
345,0.0,0,0,406.9,24.985,0.0,0.07,0,0.6300000000000026,0,0,1
345,0.0,0,0,407.4,24.967499999999998,0.0,0.065,0,0.6300000000000026,0,0,0
345,0.0,0,0,407.9166666666667,24.97,0.0,0.065,0,0.6900000000000013,0,0,0
345,0.0,0,0,408.43333333333334,24.967499999999998,0.0,0.0675,0,0.6300000000000026,0,0,1
345,0.0,0,0,408.93333333333334,24.985,0.0,0.07,0,0.6300000000000026,0,0,1
345,0.0,0,0,409.45,24.967499999999998,0.0,0.07,0,0.6300000000000026,0,0,1
345,0.0,0,0,409.95,24.967499999999998,0.0,0.065,0,0.6300000000000026,0,0,0
345,0.0,0,0,410.46666666666664,24.9525,0.0,0.065,0,0.6900000000000013,0,0,0
345,0.0,0,0,410.98333333333335,24.967499999999998,0.0,0.0625,0,0.6300000000000026,0,0,0
345,0.0,0,0,411.48333333333335,24.97,0.0,0.0675,0,0.6900000000000013,0,0,1
345,0.0,0,0,412.0,24.985,0.0,0.07250000000000001,0,0.6300000000000026,0,0,1
345,0.0,0,0,412.51666666666665,24.967499999999998,0.0,0.0675,0,0.6300000000000026,0,0,1
345,0.0,0,0,413.01666666666665,24.97,0.0,0.0675,0,0.5700000000000003,0,0,1
345,0.0,0,0,413.53333333333336,24.967499999999998,0.0,0.0675,0,0.6300000000000026,0,0,1
345,0.0,0,0,414.05,24.967499999999998,0.0,0.0625,0,0.6300000000000026,0,0,0
345,0.0,0,0,414.55,24.967499999999998,0.0,0.065,0,0.6300000000000026,0,0,0
345,0.0,0,0,415.06666666666666,24.985,0.0,0.0625,0,0.6300000000000026,0,0,0
345,0.0,0,0,415.56666666666666,24.967499999999998,0.25,0.065,0,0.6300000000000026,1,0,0
345,0.0,0,0,416.0833333333333,24.967499999999998,0.25,0.065,0,0.6300000000000026,1,0,0
345,0.0,0,0,416.6,24.982499999999998,0.25,0.065,0,0.6900000000000013,1,0,0
345,0.0,0,0,417.1,24.985,0.5,0.07,0,0.6300000000000026,1,0,1
345,0.0,0,0,417.6166666666667,24.9525,0.5,0.0675,0,0.6900000000000013,1,0,1
345,0.0,0,0,418.1333333333333,24.967499999999998,0.5,0.0675,0,0.6300000000000026,1,0,1
345,0.0,0,0,418.6333333333333,24.967499999999998,0.5,0.0675,0,0.6300000000000026,1,0,1
345,0.0,0,0,419.15,24.9525,0.5,0.0675,0,0.6900000000000013,1,0,1
345,0.0,0,0,419.65,24.967499999999998,0.5,0.0675,0,0.6300000000000026,1,0,1
345,0.0,0,0,420.1666666666667,24.967499999999998,0.75,0.0675,0,0.6300000000000026,2,0,1
345,0.0,0,0,420.68333333333334,24.967499999999998,0.75,0.0625,0,0.6300000000000026,2,0,0
345,0.0,0,0,421.18333333333334,24.985,0.75,0.0675,0,0.6300000000000026,2,0,1
345,0.0,0,0,421.7,24.9375,0.75,0.0675,0,0.629999999999999,2,0,1
345,0.0,0,0,422.21666666666664,24.967499999999998,0.75,0.0675,0,0.6300000000000026,2,0,1
345,0.0,0,0,422.71666666666664,24.967499999999998,0.75,0.07,0,0.6300000000000026,2,0,1
345,0.0,0,0,423.23333333333335,24.967499999999998,0.75,0.0675,0,0.6300000000000026,2,0,1
345,0.0,0,0,423.75,24.967499999999998,1.0,0.065,0,0.6300000000000026,3,0,0
345,0.0,0,0,424.25,24.967499999999998,1.25,0.065,0,0.6300000000000026,3,0,0
345,0.0,0,0,424.76666666666665,24.967499999999998,1.25,0.0675,0,0.6300000000000026,3,0,1
345,0.0,0,0,425.26666666666665,24.967499999999998,1.25,0.07,0,0.6300000000000026,3,0,1
345,0.0,0,0,425.78333333333336,24.985,1.25,0.0625,0,0.6300000000000026,3,0,0
345,0.0,0,0,426.3,24.967499999999998,1.25,0.06000000000000001,0,0.6300000000000026,3,0,0
345,0.0,0,0,426.8,24.967499999999998,1.25,0.0675,0,0.6300000000000026,3,0,1
345,0.0,0,0,427.31666666666666,24.967499999999998,1.25,0.065,0,0.6300000000000026,3,0,0
345,0.0,0,0,427.8333333333333,24.967499999999998,1.5,0.07,0,0.6300000000000026,4,0,1
345,0.0,0,0,428.3333333333333,24.967499999999998,1.5,0.065,0,0.6300000000000026,4,0,0
345,0.0,0,0,428.85,24.952499999999997,1.5,0.07,0,0.5700000000000003,4,0,1
345,0.0,0,0,429.3666666666667,24.952499999999997,1.5,0.0675,0,0.5700000000000003,4,0,1
345,0.0,0,0,429.8666666666667,24.952499999999997,1.5,0.07,0,0.5700000000000003,4,0,1
345,0.0,0,0,430.3833333333333,24.952499999999997,1.75,0.0675,0,0.5700000000000003,4,0,1
345,0.0,0,0,430.8833333333333,24.9525,1.75,0.0625,0,0.6900000000000013,4,0,0
345,0.0,0,0,431.4,24.9525,2.0,0.065,0,0.6900000000000013,5,0,0
345,0.0,0,0,431.9166666666667,24.967499999999998,2.0,0.0675,0,0.6300000000000026,5,0,1
345,0.0,0,0,432.4166666666667,24.9525,2.0,0.07,0,0.6900000000000013,5,0,1
345,0.0,0,0,432.93333333333334,24.967499999999998,2.0,0.065,0,0.6300000000000026,5,0,0
345,0.0,0,0,433.45,24.967499999999998,2.0,0.07250000000000001,0,0.6300000000000026,5,0,1
345,0.0,0,0,433.95,24.967499999999998,2.0,0.0825,0,0.6300000000000026,5,0,2
345,0.0,0,0,434.46666666666664,24.952499999999997,2.0,0.0675,0,0.5700000000000003,5,0,1
345,0.0,0,0,434.98333333333335,24.952499999999997,2.0,0.07,0,0.5700000000000003,5,0,1
345,0.0,0,0,435.48333333333335,24.9375,2.25,0.065,0,0.629999999999999,5,0,0
345,0.0,0,0,436.0,24.967499999999998,2.25,0.0675,0,0.6300000000000026,5,0,1
345,0.0,0,0,436.5,24.967499999999998,2.25,0.065,0,0.6300000000000026,5,0,0
345,0.0,0,0,437.01666666666665,24.9525,2.25,0.0675,0,0.6900000000000013,5,0,1
345,0.0,0,0,437.53333333333336,24.967499999999998,2.5,0.0675,0,0.6300000000000026,6,0,1
345,0.0,0,0,438.55,24.952499999999997,2.5,0.06,0,0.5700000000000003,6,0,0
345,0.0,0,0,439.06666666666666,24.9525,2.5,0.0625,0,0.6900000000000013,6,0,0
345,0.0,0,0,439.56666666666666,24.967499999999998,2.5,0.07,0,0.6300000000000026,6,0,1
345,0.0,0,0,440.0833333333333,24.967499999999998,3.0,0.065,0,0.6300000000000026,5,0,0
345,0.0,0,0,440.6,24.967499999999998,3.5,0.065,0,0.6300000000000026,6,0,0
345,0.0,0,0,441.1,24.967499999999998,3.5,0.0625,0,0.6300000000000026,6,0,0
345,0.0,0,0,441.6166666666667,24.967499999999998,3.5,0.0675,0,0.6300000000000026,6,0,1
345,0.0,0,0,442.1166666666667,24.967499999999998,3.5,0.0675,0,0.6300000000000026,6,0,1
345,0.0,0,0,442.6333333333333,24.952499999999997,3.5,0.0675,0,0.5700000000000003,6,0,1
345,0.0,0,0,443.15,24.967499999999998,3.75,0.07,0,0.6300000000000026,7,0,1
345,0.0,0,0,443.65,24.952499999999997,3.75,0.0675,0,0.5700000000000003,7,0,1
345,0.0,0,0,444.1666666666667,24.9375,3.75,0.065,0,0.629999999999999,7,0,0
345,0.0,0,0,444.68333333333334,24.952499999999997,3.75,0.0625,0,0.5700000000000003,7,0,0
345,0.0,0,0,445.18333333333334,24.952499999999997,3.75,0.0625,0,0.5700000000000003,7,0,0
345,0.0,0,0,445.7,24.952499999999997,3.75,0.065,0,0.5700000000000003,7,0,0
345,0.0,0,0,446.21666666666664,24.952499999999997,4.0,0.065,0,0.5700000000000003,8,0,0
345,0.0,0,0,446.71666666666664,24.967499999999998,4.0,0.0675,0,0.6300000000000026,8,0,1
345,0.0,0,0,447.23333333333335,24.9375,4.0,0.065,0,0.629999999999999,8,0,0
345,0.0,0,0,447.73333333333335,24.9375,4.0,0.065,0,0.629999999999999,8,0,0
345,0.0,0,0,448.25,24.9375,4.0,0.065,0,0.629999999999999,8,0,0
345,0.0,0,0,448.76666666666665,24.952499999999997,4.0,0.07250000000000001,0,0.5700000000000003,8,0,1
345,0.0,0,0,449.26666666666665,24.952499999999997,4.0,0.065,0,0.5700000000000003,8,0,0
345,0.0,0,0,449.78333333333336,24.952499999999997,4.25,0.07250000000000001,0,0.5700000000000003,9,0,1
345,0.0,0,0,450.3,24.952499999999997,4.25,0.07250000000000001,0,0.5700000000000003,9,0,1
345,0.0,0,0,450.8,24.952499999999997,4.25,0.07,0,0.5700000000000003,9,0,1
345,0.0,0,0,451.31666666666666,24.97,4.5,0.065,0,0.5700000000000003,9,0,0
345,0.0,0,0,451.81666666666666,24.9375,4.5,0.065,0,0.629999999999999,9,0,0
345,0.0,0,0,452.3333333333333,24.952499999999997,4.5,0.065,0,0.5700000000000003,9,0,0
345,0.0,0,0,452.85,24.9525,4.5,0.065,0,0.6900000000000013,9,0,0
345,0.0,0,0,453.35,24.952499999999997,4.5,0.065,0,0.5700000000000003,9,0,0
345,0.0,0,0,453.8666666666667,24.967499999999998,4.75,0.065,0,0.6300000000000026,9,0,0
345,0.0,0,0,454.3833333333333,24.9525,5.0,0.0675,0,0.6900000000000013,8,0,1
345,0.0,0,0,454.8833333333333,24.9525,5.25,0.065,0,0.6900000000000013,9,0,0
345,0.0,0,0,455.4,24.952499999999997,5.5,0.065,0,0.5700000000000003,9,0,0
345,0.0,0,0,455.9166666666667,24.952499999999997,5.5,0.065,0,0.5700000000000003,9,0,0
345,0.0,0,0,456.4166666666667,24.967499999999998,5.5,0.0675,0,0.6300000000000026,9,0,1
345,0.0,0,0,456.93333333333334,24.952499999999997,5.5,0.07,0,0.5700000000000003,9,0,1
345,0.0,0,0,457.43333333333334,24.967499999999998,5.75,0.0625,0,0.6300000000000026,10,0,0
345,0.0,0,0,457.95,24.967499999999998,5.75,0.0675,0,0.6300000000000026,10,0,1
345,0.0,0,0,458.46666666666664,24.9525,5.75,0.0675,0,0.6900000000000013,10,0,1
345,0.0,0,0,458.96666666666664,24.9375,5.75,0.0675,0,0.629999999999999,10,0,1
345,0.0,0,0,459.48333333333335,24.9375,5.75,0.0675,0,0.629999999999999,10,0,1
345,0.0,0,0,460.0,24.9375,6.25,0.065,0,0.629999999999999,11,0,0
345,0.0,0,0,460.5,24.952499999999997,6.25,0.0675,0,0.5700000000000003,11,0,1
345,0.0,0,0,461.01666666666665,24.9375,6.25,0.065,0,0.629999999999999,11,0,0
345,0.0,0,0,461.53333333333336,24.967499999999998,6.25,0.065,0,0.6300000000000026,11,0,0
345,0.0,0,0,462.03333333333336,24.967499999999998,6.25,0.065,0,0.6300000000000026,11,0,0
345,0.0,0,0,462.55,24.952499999999997,6.5,0.065,0,0.5700000000000003,12,0,0
345,0.0,0,0,463.05,24.97,6.5,0.065,0,0.6900000000000013,12,0,0
345,0.0,0,0,463.56666666666666,24.985,6.5,0.0675,0,0.6300000000000026,12,0,1
345,0.0,0,0,464.0833333333333,24.97,6.75,0.0675,0,0.6900000000000013,12,0,1
345,0.0,0,0,464.5833333333333,24.9375,7.0,0.065,0,0.629999999999999,12,0,0
345,0.0,0,0,465.1,24.985,7.0,0.07,0,0.6300000000000026,12,0,1
345,0.0,0,0,465.6166666666667,24.9525,7.0,0.0675,0,0.6900000000000013,12,0,1
345,0.0,0,0,466.1166666666667,24.9375,7.25,0.065,0,0.629999999999999,12,0,0
345,0.0,0,0,466.6333333333333,24.955,7.5,0.065,0,0.629999999999999,11,0,0
345,0.0,0,0,467.15,24.952499999999997,7.75,0.065,0,0.5700000000000003,12,0,0
345,0.0,0,0,467.65,24.952499999999997,7.75,0.0675,0,0.5700000000000003,12,0,1
345,0.0,0,0,468.1666666666667,24.952499999999997,7.75,0.0625,0,0.5700000000000003,12,0,0
345,0.0,0,0,468.6666666666667,24.952499999999997,7.75,0.065,0,0.5700000000000003,12,0,0
345,0.0,0,0,469.18333333333334,24.952499999999997,8.25,0.065,0,0.5700000000000003,13,0,0
345,0.0,0,0,469.7,24.935,8.25,0.0675,0,0.5,13,0,1
345,0.0,0,0,470.2,24.92,8.5,0.0625,0,0.5599999999999987,13,0,0
345,0.0,0,0,470.71666666666664,24.935,8.75,0.0625,0,0.5,14,0,0
345,0.0,0,0,471.23333333333335,24.935,9.0,0.07,0,0.5,14,0,1
345,0.0,0,0,471.73333333333335,24.935,9.25,0.0625,0,0.5,14,0,0
345,0.0,0,0,472.25,24.952499999999997,9.75,0.0675,0,0.5700000000000003,14,0,1
345,0.0,0,0,472.76666666666665,24.935,10.0,0.0675,0,0.5,14,0,1
345,0.0,0,0,473.26666666666665,24.952499999999997,10.25,0.065,0,0.5700000000000003,15,0,0
345,0.0,0,0,473.78333333333336,24.935,10.25,0.0675,0,0.5,15,0,1
345,0.0,0,0,474.28333333333336,24.935,10.25,0.0625,0,0.5,15,0,0
345,0.0,0,0,474.8,24.952499999999997,10.5,0.065,0,0.5700000000000003,16,0,0
345,0.0,0,0,475.31666666666666,24.952499999999997,10.5,0.065,0,0.5700000000000003,16,0,0
345,0.0,0,0,475.81666666666666,24.952499999999997,10.5,0.0675,0,0.5700000000000003,16,0,1
345,0.0,0,0,476.3333333333333,24.952499999999997,10.5,0.065,0,0.5700000000000003,16,0,0
345,0.0,0,0,476.85,24.952499999999997,10.5,0.065,0,0.5700000000000003,16,0,0
345,0.0,0,0,477.35,24.9375,11.25,0.0625,0,0.629999999999999,17,0,0
345,0.0,0,0,477.8666666666667,24.935,11.25,0.065,0,0.5,17,0,0
345,0.0,0,0,478.3833333333333,24.952499999999997,11.25,0.065,0,0.5700000000000003,17,0,0
345,0.0,0,0,478.8833333333333,24.952499999999997,11.25,0.0675,0,0.5700000000000003,17,0,1
345,0.0,0,0,479.4,24.952499999999997,11.5,0.0675,0,0.5700000000000003,18,0,1
345,0.0,0,0,479.9,24.952499999999997,11.75,0.07,0,0.5700000000000003,17,0,1
345,0.0,0,0,480.4166666666667,24.952499999999997,11.75,0.065,0,0.5700000000000003,17,0,0
345,0.0,0,0,480.93333333333334,24.935,11.75,0.0625,0,0.5,17,0,0
345,0.0,0,0,481.43333333333334,24.935,12.25,0.065,0,0.5,18,0,0
345,0.0,0,0,481.95,24.952499999999997,12.25,0.065,0,0.5700000000000003,18,0,0
345,0.0,0,0,482.46666666666664,24.952499999999997,12.25,0.0625,0,0.5700000000000003,18,0,0
345,0.0,0,0,482.96666666666664,24.952499999999997,12.25,0.0675,0,0.5700000000000003,18,0,1
345,0.0,0,0,483.48333333333335,24.952499999999997,12.5,0.06000000000000001,0,0.5700000000000003,19,0,0
345,0.0,0,0,483.98333333333335,24.952499999999997,12.5,0.0625,0,0.5700000000000003,19,0,0
345,0.0,0,0,484.5,24.97,12.75,0.0675,0,0.5700000000000003,19,0,1
345,0.0,0,0,485.01666666666665,24.97,12.75,0.0625,0,0.5700000000000003,19,0,0
345,0.0,0,0,485.51666666666665,24.97,12.75,0.0675,0,0.5700000000000003,19,0,1
345,0.0,0,0,486.03333333333336,24.9375,12.75,0.0675,0,0.5700000000000003,19,0,1
345,0.0,0,0,486.55,24.952499999999997,13.0,0.065,0,0.5700000000000003,20,0,0
345,0.0,0,0,487.05,24.97,13.0,0.0675,0,0.5700000000000003,20,0,1
345,0.0,0,0,487.56666666666666,24.9375,13.25,0.065,0,0.5700000000000003,20,0,0
345,0.0,0,0,488.0833333333333,24.9375,13.25,0.065,0,0.5700000000000003,20,0,0
345,0.0,0,0,488.5833333333333,24.952499999999997,13.5,0.0675,0,0.5700000000000003,21,0,1
345,0.0,0,0,489.1,24.97,13.5,0.0625,0,0.5700000000000003,21,0,0
345,0.0,0,0,489.6,24.97,13.5,0.0675,0,0.5700000000000003,21,0,1
345,0.0,0,0,490.1166666666667,24.952499999999997,13.75,0.0675,0,0.5700000000000003,22,0,1
345,0.0,0,0,490.6333333333333,24.97,14.0,0.0625,0,0.5700000000000003,22,0,0
345,0.0,0,0,491.1333333333333,24.97,14.0,0.0625,0,0.5700000000000003,22,0,0
345,0.0,0,0,491.65,24.97,14.0,0.0675,0,0.5700000000000003,22,0,1
345,0.0,0,0,492.1666666666667,24.97,14.25,0.065,0,0.5700000000000003,23,0,0
345,0.0,0,0,492.6666666666667,24.97,14.25,0.065,0,0.5700000000000003,23,0,0
345,0.0,0,0,493.18333333333334,24.987499999999997,14.25,0.0675,0,0.5,23,0,1
345,0.0,0,0,493.7,24.972499999999997,14.25,0.0675,0,0.5,23,0,1
345,0.0,0,0,494.2,24.97,14.5,0.0675,0,0.5,23,0,1
345,0.0,0,0,494.71666666666664,24.9375,15.0,0.06000000000000001,0,0.5700000000000003,24,0,0
345,0.0,0,0,495.73333333333335,24.97,15.0,0.065,0,0.5700000000000003,24,0,0
345,0.0,0,0,496.25,24.987499999999997,15.0,0.0675,0,0.5,24,0,1
345,0.0,0,0,496.75,24.987499999999997,15.0,0.0675,0,0.5,24,0,1
345,0.0,0,0,497.26666666666665,24.987499999999997,15.0,0.065,0,0.5,24,0,0
345,0.0,0,0,497.78333333333336,24.987499999999997,15.0,0.065,0,0.5,24,0,0
345,0.0,0,0,498.28333333333336,24.985,15.0,0.065,0,0.6300000000000026,24,0,0
345,0.0,0,0,498.8,24.985,15.0,0.0675,0,0.6300000000000026,24,0,1
345,0.0,0,0,499.31666666666666,24.987499999999997,15.0,0.07,0,0.5,24,0,1
345,0.0,0,0,499.81666666666666,24.987499999999997,15.0,0.065,0,0.5,24,0,0
345,0.0,0,0,500.3333333333333,24.97,15.0,0.0675,0,0.5700000000000003,24,0,1
345,0.0,0,0,500.8333333333333,24.987499999999997,15.25,0.065,0,0.5,23,0,0
345,0.0,0,0,501.35,24.987499999999997,15.25,0.065,0,0.5,23,0,0
345,0.0,0,0,501.8666666666667,24.987499999999997,15.5,0.065,0,0.5,24,0,0
345,0.0,0,0,502.3666666666667,24.987499999999997,15.5,0.065,0,0.5,24,0,0
345,0.0,0,0,502.8833333333333,24.987499999999997,15.5,0.07,0,0.5,24,0,1
345,0.0,0,0,503.4,25.002499999999998,15.5,0.065,0,0.5600000000000023,24,0,0
345,0.0,0,0,503.9,25.002499999999998,15.5,0.0625,0,0.5600000000000023,24,0,0
345,0.0,0,0,504.4166666666667,25.002499999999998,15.5,0.065,0,0.5600000000000023,24,0,0
345,0.0,0,0,504.93333333333334,24.987499999999997,15.5,0.0675,0,0.5,24,0,1
345,0.0,0,0,505.43333333333334,25.002499999999998,15.5,0.0675,0,0.5600000000000023,24,0,1
345,0.0,0,0,505.95,25.002499999999998,16.0,0.07,0,0.5600000000000023,25,0,1
345,0.0,0,0,506.45,25.002499999999998,15.75,0.065,0,0.5600000000000023,25,0,0
345,0.0,0,0,506.96666666666664,25.002499999999998,15.75,0.065,0,0.5600000000000023,25,0,0
345,0.0,0,0,507.48333333333335,25.002499999999998,15.75,0.0675,0,0.5600000000000023,25,0,1
345,0.0,0,0,507.98333333333335,25.002499999999998,16.0,0.0625,0,0.5600000000000023,25,0,0
345,0.0,0,0,508.5,25.002499999999998,16.0,0.0625,0,0.5600000000000023,25,0,0
345,0.0,0,0,509.01666666666665,25.002499999999998,16.0,0.065,0,0.5600000000000023,25,0,0
345,0.0,0,0,509.51666666666665,25.002499999999998,16.0,0.065,0,0.5600000000000023,25,0,0
345,0.0,0,0,510.03333333333336,24.987499999999997,16.0,0.07,0,0.5,25,0,1
345,0.0,0,0,510.55,24.987499999999997,16.0,0.0675,0,0.5,25,0,1
345,0.0,0,0,511.05,24.987499999999997,16.0,0.0675,0,0.5,25,0,1
345,0.0,0,0,511.56666666666666,24.987499999999997,16.0,0.0675,0,0.5,25,0,1
345,0.0,0,0,512.0666666666667,24.97,16.0,0.07,0,0.5,25,0,1
345,0.0,0,0,512.5833333333334,25.002499999999998,16.0,0.07,0,0.5600000000000023,25,0,1
345,0.0,0,0,513.1,25.002499999999998,16.25,0.065,0,0.5600000000000023,26,0,0
345,0.0,0,0,513.6,24.987499999999997,16.5,0.065,0,0.5,26,0,0
345,0.0,0,0,514.1166666666667,24.987499999999997,16.25,0.065,0,0.5,26,0,0
345,0.0,0,0,514.6333333333333,25.002499999999998,16.5,0.065,0,0.5600000000000023,26,0,0
345,0.0,0,0,515.1333333333333,24.987499999999997,16.5,0.06000000000000001,0,0.5,26,0,0
345,0.0,0,0,515.65,25.0175,16.5,0.07,0,0.5,26,0,1
345,0.0,0,0,516.1666666666666,24.987499999999997,16.5,0.07,0,0.5,26,0,1
345,0.0,0,0,516.6666666666666,24.987499999999997,16.5,0.0625,0,0.5,26,0,0
345,0.0,0,0,517.1833333333333,25.002499999999998,16.5,0.065,0,0.5600000000000023,26,0,0
345,0.0,0,0,517.6833333333333,25.0175,16.75,0.0625,0,0.5,27,0,0
345,0.0,0,0,518.2,25.0,16.5,0.07,0,0.5,26,0,1
345,0.0,0,0,518.7166666666667,25.0175,16.5,0.0675,0,0.5,26,0,1
345,0.0,0,0,519.2166666666667,25.002499999999998,16.5,0.0675,0,0.5600000000000023,26,0,1
345,0.0,0,0,519.7333333333333,25.002499999999998,16.5,0.07,0,0.5600000000000023,26,0,1
345,0.0,0,0,520.25,25.0325,15.75,0.065,0,0.5599999999999987,25,0,0
345,0.0,0,0,520.75,25.0175,15.75,0.0675,0,0.620000000000001,25,0,1
345,0.0,0,0,521.2666666666667,24.985,16.0,0.065,0,0.5600000000000023,25,0,0
345,0.0,0,0,521.7666666666667,24.985,16.5,0.0625,0,0.5600000000000023,26,0,0
345,0.0,0,0,522.2833333333333,25.0175,16.5,0.065,0,0.5,26,0,0
345,0.0,0,0,522.8,25.035,16.25,0.0675,0,0.5,26,0,1
345,0.0,0,0,523.3,24.985,16.5,0.065,0,0.5600000000000023,26,0,0
345,0.0,0,0,523.8166666666667,24.985,16.5,0.07,0,0.5600000000000023,26,0,1
345,0.0,0,0,524.3333333333334,25.002499999999998,16.5,0.065,0,0.5600000000000023,26,0,0
345,0.0,0,0,524.8333333333334,25.002499999999998,16.75,0.065,0,0.5600000000000023,27,0,0
345,0.0,0,0,525.35,25.02,17.0,0.08249999999999999,0,0.5600000000000023,27,0,2
345,0.0,0,0,525.8666666666667,24.987499999999997,17.0,0.07250000000000001,0,0.5,27,0,1
345,0.0,0,0,526.3666666666667,25.035,17.0,0.07,0,0.5,27,0,1
345,0.0,0,0,526.8833333333333,25.002499999999998,16.75,0.0675,0,0.5600000000000023,27,0,1
345,0.0,0,0,527.3833333333333,25.0,16.75,0.065,0,0.5,27,0,0
345,0.0,0,0,527.9,25.0175,16.75,0.0675,0,0.620000000000001,27,0,1
345,0.0,0,0,528.4166666666666,25.035,16.75,0.07,0,0.5,27,0,1
345,0.0,0,0,528.9166666666666,24.985,16.75,0.0675,0,0.5600000000000023,27,0,1
345,0.0,0,0,529.4333333333333,25.035,17.0,0.0675,0,0.5,27,0,1
345,0.0,0,0,529.95,25.02,16.75,0.065,0,0.5600000000000023,27,0,0
345,0.0,0,0,530.45,25.0325,17.0,0.07,0,0.5599999999999987,27,0,1
345,0.0,0,0,530.9666666666667,25.0175,17.0,0.065,0,0.5,27,0,0
345,0.0,0,0,531.4833333333333,25.0175,17.0,0.07,0,0.5,27,0,1
345,0.0,0,0,531.9833333333333,25.02,16.75,0.065,0,0.5600000000000023,27,0,0
345,0.0,0,0,532.5,25.002499999999998,16.75,0.065,0,0.5600000000000023,27,0,0
345,0.0,0,0,533.5166666666667,25.0325,16.75,0.065,0,0.5599999999999987,27,0,0
345,0.0,0,0,534.0333333333333,25.035,16.75,0.065,0,0.5,27,0,0
345,0.0,0,0,534.5333333333333,25.0175,17.0,0.07,0,0.5,27,0,1
345,0.0,0,0,535.05,25.0,17.25,0.07,0,0.5,28,0,1
345,0.0,0,0,535.5666666666667,25.0175,17.0,0.0625,0,0.5,27,0,0
345,0.0,0,0,536.0666666666667,25.0325,16.75,0.065,0,0.5599999999999987,27,0,0
345,0.0,0,0,536.5833333333334,25.0325,16.75,0.0675,0,0.5599999999999987,27,0,1
345,0.0,0,0,537.1,25.015,17.0,0.0675,0,0.5599999999999987,27,0,1
345,0.0,0,0,537.6,25.0325,17.0,0.07,0,0.5599999999999987,27,0,1
345,0.0,0,0,538.1166666666667,25.0475,17.0,0.0675,0,0.6199999999999974,27,0,1
345,0.0,0,0,538.6166666666667,25.015,17.25,0.0625,0,0.5599999999999987,28,0,0
345,0.0,0,0,539.1333333333333,25.0325,17.25,0.075,0,0.5599999999999987,28,0,2
345,0.0,0,0,539.65,25.0325,17.25,0.085,0,0.5599999999999987,28,0,2
345,0.0,0,0,540.15,25.0325,17.25,0.0675,0,0.5599999999999987,28,0,1
